-- phpMyAdmin SQL Dump
-- version 2.9.1.1
-- http://www.phpmyadmin.net
-- 
-- Host: localhost
-- Generation Time: Aug 24, 2008 at 08:20 PM
-- Server version: 5.0.27
-- PHP Version: 5.2.0
-- 
-- Database: `dev`
-- 

-- --------------------------------------------------------

-- 
-- Table structure for table `vypecky_photo_galeries`
-- 

CREATE TABLE `vypecky_photo_galeries` (
  `id_galery` smallint(5) unsigned NOT NULL auto_increment,
  `urlkey` varchar(50) NOT NULL,
  `label_cs` varchar(40) default NULL,
  `text_cs` varchar(400) default NULL,
  `label_en` varchar(40) default NULL,
  `text_en` varchar(400) default NULL,
  `label_de` varchar(40) default NULL,
  `text_de` varchar(400) default NULL,
  `time` int(10) default NULL,
  `id_section` smallint(5) unsigned NOT NULL,
  `id_user` smallint(5) unsigned NOT NULL default '1',
  PRIMARY KEY  (`id_galery`),
  KEY `id_section` (`id_section`),
  KEY `key` (`urlkey`),
  KEY `id_user` (`id_user`)
) ENGINE=MyISAM  DEFAULT CHARSET=utf8 AUTO_INCREMENT=52 ;

-- 
-- Dumping data for table `vypecky_photo_galeries`
-- 

INSERT INTO `vypecky_photo_galeries` (`id_galery`, `urlkey`, `label_cs`, `text_cs`, `label_en`, `text_en`, `label_de`, `text_de`, `time`, `id_section`, `id_user`) VALUES 
(29, 'recko-07', 'Řecko 07', 'Nostalgická výprava na místa známá i neznámá. Cesta za ztraceným sluncem. Vyjížďka s orangutany, křenem a jednookým medvídětem.', NULL, NULL, NULL, NULL, 1189350628, 13, 1),
(28, 'ukrajina-07', 'Ukrajina 07', 'Putovní dovolená Sádla a jeho přátel po ukrainských poloninách.', NULL, NULL, NULL, NULL, 1186758501, 13, 1),
(6, 'prvni-jarni-grilovacka', 'První jarní grilovačka', 'Vypečená grilovačka s dobrým vínem a ještě lepšími špízy.', NULL, NULL, NULL, NULL, 1207655381, 11, 1),
(7, 'velikonocni-vychazka', 'Velikonoční vycházka', 'Krátká návštěvá kolegy Krátkého na Valachách.', NULL, NULL, NULL, NULL, 1200655394, 12, 1),
(8, 'viden-=', 'Vídeň', 'Výlet do Vídeňského Flexu na Laurenta Garniera', NULL, NULL, NULL, NULL, 1207655363, 13, 1),
(30, 'skotsko-06', 'Skotsko 06', 'Do třetice všeho dobrého i zlého. Opět ve Skotsku (hromadně jsme se zařekli, že na farmě jsme jistojistě naposled :-) a opět s věrným finepixem. Tentokrát jsme pobyli jen něco málo přes měsíc. Zvládli jsme několik kratších výletů a vandr v Grampianech.', NULL, NULL, NULL, NULL, 1152285178, 13, 1),
(31, 'thessaloniki-1', 'Thessaloniki 1', 'Výběr fotograafií z půlročního pobytu v Soluni.', NULL, NULL, NULL, NULL, 1192029389, 13, 1),
(32, 'valasska-zima', 'Valašská zima', 'Směs fotek z různých zimních vycházek po Beskydech.', NULL, NULL, NULL, NULL, 1199291725, 15, 1),
(33, 'babi-lom', 'Babí lom', 'Nedělní vycházka na poněkud přelidněný Babí lom.', NULL, NULL, NULL, NULL, 1203785447, 12, 1),
(34, 'pardubice', 'Pardubice', 'Předvánoční punková polízanice pod patronátem pardubického přítelíčka Pavla proběhla prostě parádně. Půllitry poletovaly povětřím, pankáči pěkně pogovali, pach pardubického perníku pronikal putykou. Prostě pohoda.', NULL, NULL, NULL, NULL, 1198342579, 11, 1),
(35, 'mischmasch-1', 'Mischmasch 1', 'Směs fotek z různých zeměpisných šířek, délek, časových období a pásem, zobrazující okolní předměty, lidi, domy, faunu, flóru, přírodní útvary atp. První zkušenosti s poměrně plnotučnou digitální zrcadlovkou Nikon D70.', NULL, NULL, NULL, NULL, 1200848937, 15, 1),
(36, 'namest-nad-oslavou', 'Námešť nad Oslavou', 'Sobotní bloudění okolím Brna.', NULL, NULL, NULL, NULL, 1204367911, 12, 1),
(37, 'velky-choc', 'Velký Choč', 'Vánoční výšlap na Choč v kratochvilné společnosti bratří Kratochvílů a mladého pana Žilinského.', NULL, NULL, NULL, NULL, 1198839151, 12, 1),
(38, 'creativity-night-08', 'Creativity Night 08', 'Úterní anglistická kalba na Flédě.', NULL, NULL, NULL, NULL, 1208265890, 11, 1),
(39, 'jedovnice-08', 'Jedovnice 08', 'Jedovatý víkend na geodetické výuce v terénu', NULL, NULL, NULL, NULL, 1208640401, 11, 1),
(40, 'trolejbusy-v-komine', 'Trolejbusy v Komíně', 'Nedělní vycházka na den otevřených dveří ve vozovně Komín.', NULL, NULL, NULL, NULL, 1209317933, 12, 1),
(41, 'svickova', 'Svíčková', 'Stručný fotorecept na vypečenou svíčkovou - s námi to zvládne každý.', NULL, NULL, NULL, NULL, 1209739537, 9, 1),
(42, 'jihlava', 'Jihlava', 'Anglistická spářka v malebném kraji Vysočiny + několik kýčovitých fotografií z mé nedělní vycházky v okolí Jihlavy.', NULL, NULL, NULL, NULL, 1209973830, 12, 1),
(43, 'bulharsko-rila', 'Bulharsko - Rila', 'Blageovgrad, Rilski Monastyr, Kobylino Branishte, Ribne Ezera, Pavlev Vrah, Makedonia Bodrost a zpět do Blageovgradu', NULL, NULL, NULL, NULL, 1163249110, 13, 1),
(44, 'katciny-narozky', 'Katčiny narozky', 'Narozeninová oslava na Výpečkách', NULL, NULL, NULL, NULL, 1204376338, 11, 1),
(45, 'olymp-=', 'Olymp', 'Podzimní výšlap na Olymp - 2917 metrů nad mořem a vycházelo se od moře :-)', NULL, NULL, NULL, NULL, 1145621359, 13, 1),
(46, 'thassos', 'Thassos', '', NULL, NULL, NULL, NULL, 1170500088, 13, 1),
(47, 'jedovnice-08-vol-2', 'Jedovnice 08, vol. 2', '', NULL, NULL, NULL, NULL, 1211381227, 11, 1),
(51, 'sraz-barevnych-2008', 'Sraz barevných 2008', '', NULL, NULL, NULL, NULL, 1213101827, 12, 1),
(50, 'mischmasch-2', 'Mischmasch 2', '', NULL, NULL, NULL, NULL, 1211469137, 15, 1);

-- --------------------------------------------------------

-- 
-- Table structure for table `vypecky_photo_sections`
-- 

CREATE TABLE `vypecky_photo_sections` (
  `id_section` smallint(5) unsigned NOT NULL auto_increment,
  `id_item` smallint(5) unsigned NOT NULL,
  `id_user` smallint(5) unsigned NOT NULL default '1',
  `urlkey` varchar(50) NOT NULL,
  `label_cs` varchar(40) default NULL,
  `label_en` varchar(40) default NULL,
  `label_de` varchar(40) default NULL,
  `time` int(10) default NULL,
  PRIMARY KEY  (`id_section`),
  KEY `id_item` (`id_item`,`id_user`)
) ENGINE=MyISAM  DEFAULT CHARSET=utf8 AUTO_INCREMENT=21 ;

-- 
-- Dumping data for table `vypecky_photo_sections`
-- 

INSERT INTO `vypecky_photo_sections` (`id_section`, `id_item`, `id_user`, `urlkey`, `label_cs`, `label_en`, `label_de`, `time`) VALUES 
(12, 4, 1, 'vychazky', 'Vycházky', NULL, NULL, 1207599835),
(11, 4, 1, 'vecirky-', 'Večírky', NULL, NULL, 1207590364),
(9, 4, 1, 'vypecenosti', 'Vypečenosti', NULL, NULL, 1207308314),
(13, 4, 1, 'vyjizdky', 'Vyjížďky', NULL, NULL, 1207599848),
(15, 4, 1, 'vybery--', 'Výběry', NULL, NULL, 1207599880);

-- --------------------------------------------------------

-- 
-- Table structure for table `vypecky_photos`
-- 

CREATE TABLE `vypecky_photos` (
  `id_photo` smallint(5) unsigned NOT NULL auto_increment,
  `label_cs` varchar(40) default NULL,
  `label_en` varchar(40) default NULL,
  `label_de` varchar(40) default NULL,
  `file` varchar(40) NOT NULL,
  `time` int(10) unsigned default NULL,
  `text_cs` varchar(400) default NULL,
  `text_en` varchar(400) NOT NULL,
  `text_de` varchar(400) NOT NULL,
  `height` smallint(5) unsigned default '0',
  `width` smallint(5) unsigned default '0',
  `id_galery` smallint(5) unsigned NOT NULL,
  `id_user` smallint(5) unsigned NOT NULL default '1',
  PRIMARY KEY  (`id_photo`),
  KEY `id_galery` (`id_galery`),
  KEY `id_user` (`id_user`)
) ENGINE=MyISAM  DEFAULT CHARSET=utf8 AUTO_INCREMENT=815 ;

-- 
-- Dumping data for table `vypecky_photos`
-- 

INSERT INTO `vypecky_photos` (`id_photo`, `label_cs`, `label_en`, `label_de`, `file`, `time`, `text_cs`, `text_en`, `text_de`, `height`, `width`, `id_galery`, `id_user`) VALUES 
(237, 'dscf5551.jpg', NULL, NULL, 'dscf5551.jpg', 1207753780, NULL, '', '', 0, 0, 28, 1),
(236, 'dscf5546.jpg', NULL, NULL, 'dscf5546.jpg', 1207753778, NULL, '', '', 0, 0, 28, 1),
(235, 'dscf5545.jpg', NULL, NULL, 'dscf5545.jpg', 1207753777, NULL, '', '', 0, 0, 28, 1),
(234, 'dscf5539.jpg', NULL, NULL, 'dscf5539.jpg', 1207753775, NULL, '', '', 0, 0, 28, 1),
(233, 'dscf5527.jpg', NULL, NULL, 'dscf5527.jpg', 1207753773, NULL, '', '', 0, 0, 28, 1),
(232, 'dscf5521.jpg', NULL, NULL, 'dscf5521.jpg', 1207753772, NULL, '', '', 0, 0, 28, 1),
(231, 'dscf5519.jpg', NULL, NULL, 'dscf5519.jpg', 1207753771, NULL, '', '', 0, 0, 28, 1),
(230, 'dscf5513.jpg', NULL, NULL, 'dscf5513.jpg', 1207753769, NULL, '', '', 0, 0, 28, 1),
(229, 'dscf5507.jpg', NULL, NULL, 'dscf5507.jpg', 1207753767, NULL, '', '', 0, 0, 28, 1),
(228, 'dscf5502.jpg', NULL, NULL, 'dscf5502.jpg', 1207753766, NULL, '', '', 0, 0, 28, 1),
(20, 'dsc-60111.jpg', NULL, NULL, 'dsc-60111.jpg', 1207599575, NULL, '', '', 0, 0, 6, 1),
(21, 'dsc-60131.jpg', NULL, NULL, 'dsc-60131.jpg', 1207599579, NULL, '', '', 0, 0, 6, 1),
(22, 'dsc-60241.jpg', NULL, NULL, 'dsc-60241.jpg', 1207599582, NULL, '', '', 0, 0, 6, 1),
(23, 'dsc-60251.jpg', NULL, NULL, 'dsc-60251.jpg', 1207599584, NULL, '', '', 0, 0, 6, 1),
(24, 'dsc-60281.jpg', NULL, NULL, 'dsc-60281.jpg', 1207599586, NULL, '', '', 0, 0, 6, 1),
(25, 'dsc-60301.jpg', NULL, NULL, 'dsc-60301.jpg', 1207599589, NULL, '', '', 0, 0, 6, 1),
(26, 'dsc-60311.jpg', NULL, NULL, 'dsc-60311.jpg', 1207599591, NULL, '', '', 0, 0, 6, 1),
(27, 'dsc-60391.jpg', NULL, NULL, 'dsc-60391.jpg', 1207599593, NULL, '', '', 0, 0, 6, 1),
(28, 'dsc-60461.jpg', NULL, NULL, 'dsc-60461.jpg', 1207599594, NULL, '', '', 0, 0, 6, 1),
(29, 'dsc-60501.jpg', NULL, NULL, 'dsc-60501.jpg', 1207599596, NULL, '', '', 0, 0, 6, 1),
(30, 'dsc-60551.jpg', NULL, NULL, 'dsc-60551.jpg', 1207599598, NULL, '', '', 0, 0, 6, 1),
(31, 'dsc-60691.jpg', NULL, NULL, 'dsc-60691.jpg', 1207599602, NULL, '', '', 0, 0, 6, 1),
(226, 'dscf5490.jpg', NULL, NULL, 'dscf5490.jpg', 1207753763, NULL, '', '', 0, 0, 28, 1),
(205, 'dscf5397.jpg', NULL, NULL, 'dscf5397.jpg', 1207753726, NULL, '', '', 0, 0, 28, 1),
(204, 'dscf5396.jpg', NULL, NULL, 'dscf5396.jpg', 1207753725, NULL, '', '', 0, 0, 28, 1),
(203, 'dscf5395.jpg', NULL, NULL, 'dscf5395.jpg', 1207753723, NULL, '', '', 0, 0, 28, 1),
(202, 'dscf5387.jpg', NULL, NULL, 'dscf5387.jpg', 1207753721, NULL, '', '', 0, 0, 28, 1),
(201, 'dscf5382.jpg', NULL, NULL, 'dscf5382.jpg', 1207753717, NULL, '', '', 0, 0, 28, 1),
(200, 'dscf5379.jpg', NULL, NULL, 'dscf5379.jpg', 1207753716, NULL, '', '', 0, 0, 28, 1),
(199, 'dscf5375.jpg', NULL, NULL, 'dscf5375.jpg', 1207753715, NULL, '', '', 0, 0, 28, 1),
(198, 'dscf5373.jpg', NULL, NULL, 'dscf5373.jpg', 1207753713, NULL, '', '', 0, 0, 28, 1),
(197, 'dscf5366.jpg', NULL, NULL, 'dscf5366.jpg', 1207753712, NULL, '', '', 0, 0, 28, 1),
(196, 'dscf5352.jpg', NULL, NULL, 'dscf5352.jpg', 1207753710, NULL, '', '', 0, 0, 28, 1),
(194, 'dscf5341.jpg', NULL, NULL, 'dscf5341.jpg', 1207753707, NULL, '', '', 0, 0, 28, 1),
(195, 'dscf5348.jpg', NULL, NULL, 'dscf5348.jpg', 1207753708, NULL, '', '', 0, 0, 28, 1),
(46, 'dsc-57181.jpg', NULL, NULL, 'dsc-57181.jpg', 1207600052, NULL, '', '', 0, 0, 7, 1),
(47, 'dsc-57201.jpg', NULL, NULL, 'dsc-57201.jpg', 1207600053, NULL, '', '', 0, 0, 7, 1),
(192, '', NULL, NULL, 'dsc-5722.jpg', 1207727719, NULL, '', '', 0, 0, 7, 1),
(49, 'dsc-57301.jpg', NULL, NULL, 'dsc-57301.jpg', 1207600058, NULL, '', '', 0, 0, 7, 1),
(50, 'dsc-57351.jpg', NULL, NULL, 'dsc-57351.jpg', 1207600060, NULL, '', '', 0, 0, 7, 1),
(51, 'dsc-57411.jpg', NULL, NULL, 'dsc-57411.jpg', 1207600062, NULL, '', '', 0, 0, 7, 1),
(52, 'dsc-57441.jpg', NULL, NULL, 'dsc-57441.jpg', 1207600063, NULL, '', '', 0, 0, 7, 1),
(53, 'dsc-57521.jpg', NULL, NULL, 'dsc-57521.jpg', 1207600065, NULL, '', '', 0, 0, 7, 1),
(54, 'dsc-57531.jpg', NULL, NULL, 'dsc-57531.jpg', 1207600066, NULL, '', '', 0, 0, 7, 1),
(55, 'dsc-57671.jpg', NULL, NULL, 'dsc-57671.jpg', 1207600068, NULL, '', '', 0, 0, 7, 1),
(193, 'dscf5338.jpg', NULL, NULL, 'dscf5338.jpg', 1207753705, NULL, '', '', 0, 0, 28, 1),
(57, 'dsc-57811.jpg', NULL, NULL, 'dsc-57811.jpg', 1207600071, NULL, '', '', 0, 0, 7, 1),
(58, 'dsc-57821.jpg', NULL, NULL, 'dsc-57821.jpg', 1207600073, NULL, '', '', 0, 0, 7, 1),
(59, 'dsc-57921.jpg', NULL, NULL, 'dsc-57921.jpg', 1207600074, NULL, '', '', 0, 0, 7, 1),
(60, 'dsc-57941.jpg', NULL, NULL, 'dsc-57941.jpg', 1207600076, NULL, '', '', 0, 0, 7, 1),
(61, 'dsc-57991.jpg', NULL, NULL, 'dsc-57991.jpg', 1207600077, NULL, '', '', 0, 0, 7, 1),
(62, 'dsc-58181.jpg', NULL, NULL, 'dsc-58181.jpg', 1207600269, NULL, '', '', 0, 0, 8, 1),
(63, 'dsc-58241.jpg', NULL, NULL, 'dsc-58241.jpg', 1207600273, NULL, '', '', 0, 0, 8, 1),
(64, 'dsc-58261.jpg', NULL, NULL, 'dsc-58261.jpg', 1207600274, NULL, '', '', 0, 0, 8, 1),
(65, 'dsc-58281.jpg', NULL, NULL, 'dsc-58281.jpg', 1207600278, NULL, '', '', 0, 0, 8, 1),
(66, 'dsc-58331.jpg', NULL, NULL, 'dsc-58331.jpg', 1207600281, NULL, '', '', 0, 0, 8, 1),
(67, 'dsc-58371.jpg', NULL, NULL, 'dsc-58371.jpg', 1207600282, NULL, '', '', 0, 0, 8, 1),
(68, 'dsc-58411.jpg', NULL, NULL, 'dsc-58411.jpg', 1207600286, NULL, '', '', 0, 0, 8, 1),
(69, 'dsc-58441.jpg', NULL, NULL, 'dsc-58441.jpg', 1207600287, NULL, '', '', 0, 0, 8, 1),
(70, 'dsc-58461.jpg', NULL, NULL, 'dsc-58461.jpg', 1207600291, NULL, '', '', 0, 0, 8, 1),
(71, 'dsc-58561.jpg', NULL, NULL, 'dsc-58561.jpg', 1207600294, NULL, '', '', 0, 0, 8, 1),
(72, 'dsc-58611.jpg', NULL, NULL, 'dsc-58611.jpg', 1207600296, NULL, '', '', 0, 0, 8, 1),
(73, 'dsc-58661.jpg', NULL, NULL, 'dsc-58661.jpg', 1207600297, NULL, '', '', 0, 0, 8, 1),
(74, 'dsc-58671.jpg', NULL, NULL, 'dsc-58671.jpg', 1207600299, NULL, '', '', 0, 0, 8, 1),
(75, 'dsc-58721.jpg', NULL, NULL, 'dsc-58721.jpg', 1207600300, NULL, '', '', 0, 0, 8, 1),
(76, 'dsc-58741.jpg', NULL, NULL, 'dsc-58741.jpg', 1207600302, NULL, '', '', 0, 0, 8, 1),
(77, 'dsc-58751.jpg', NULL, NULL, 'dsc-58751.jpg', 1207600303, NULL, '', '', 0, 0, 8, 1),
(78, 'dsc-58801.jpg', NULL, NULL, 'dsc-58801.jpg', 1207600305, NULL, '', '', 0, 0, 8, 1),
(79, 'dsc-58901.jpg', NULL, NULL, 'dsc-58901.jpg', 1207600307, NULL, '', '', 0, 0, 8, 1),
(80, 'dsc-58911.jpg', NULL, NULL, 'dsc-58911.jpg', 1207600308, NULL, '', '', 0, 0, 8, 1),
(81, 'dsc-58961.jpg', NULL, NULL, 'dsc-58961.jpg', 1207600310, NULL, '', '', 0, 0, 8, 1),
(82, 'dsc-58971.jpg', NULL, NULL, 'dsc-58971.jpg', 1207600311, NULL, '', '', 0, 0, 8, 1),
(83, 'dsc-59001.jpg', NULL, NULL, 'dsc-59001.jpg', 1207600313, NULL, '', '', 0, 0, 8, 1),
(84, 'dsc-59171.jpg', NULL, NULL, 'dsc-59171.jpg', 1207600314, NULL, '', '', 0, 0, 8, 1),
(85, 'dsc-59261.jpg', NULL, NULL, 'dsc-59261.jpg', 1207600316, NULL, '', '', 0, 0, 8, 1),
(86, 'dsc-59281.jpg', NULL, NULL, 'dsc-59281.jpg', 1207600317, NULL, '', '', 0, 0, 8, 1),
(87, 'dsc-59341.jpg', NULL, NULL, 'dsc-59341.jpg', 1207600319, NULL, '', '', 0, 0, 8, 1),
(88, 'dsc-59361.jpg', NULL, NULL, 'dsc-59361.jpg', 1207600320, NULL, '', '', 0, 0, 8, 1),
(89, 'dsc-59371.jpg', NULL, NULL, 'dsc-59371.jpg', 1207600324, NULL, '', '', 0, 0, 8, 1),
(90, 'dsc-59391.jpg', NULL, NULL, 'dsc-59391.jpg', 1207600327, NULL, '', '', 0, 0, 8, 1),
(91, 'dsc-59531.jpg', NULL, NULL, 'dsc-59531.jpg', 1207600329, NULL, '', '', 0, 0, 8, 1),
(227, 'dscf5499.jpg', NULL, NULL, 'dscf5499.jpg', 1207753764, NULL, '', '', 0, 0, 28, 1),
(225, 'dscf5482.jpg', NULL, NULL, 'dscf5482.jpg', 1207753761, NULL, '', '', 0, 0, 28, 1),
(224, 'dscf5481.jpg', NULL, NULL, 'dscf5481.jpg', 1207753760, NULL, '', '', 0, 0, 28, 1),
(223, 'dscf5480.jpg', NULL, NULL, 'dscf5480.jpg', 1207753759, NULL, '', '', 0, 0, 28, 1),
(222, 'dscf5479.jpg', NULL, NULL, 'dscf5479.jpg', 1207753757, NULL, '', '', 0, 0, 28, 1),
(221, 'dscf5473.jpg', NULL, NULL, 'dscf5473.jpg', 1207753756, NULL, '', '', 0, 0, 28, 1),
(220, 'dscf5468.jpg', NULL, NULL, 'dscf5468.jpg', 1207753754, NULL, '', '', 0, 0, 28, 1),
(219, 'dscf5460.jpg', NULL, NULL, 'dscf5460.jpg', 1207753753, NULL, '', '', 0, 0, 28, 1),
(218, 'dscf5456.jpg', NULL, NULL, 'dscf5456.jpg', 1207753751, NULL, '', '', 0, 0, 28, 1),
(217, 'dscf5450.jpg', NULL, NULL, 'dscf5450.jpg', 1207753749, NULL, '', '', 0, 0, 28, 1),
(216, 'dscf5445.jpg', NULL, NULL, 'dscf5445.jpg', 1207753746, NULL, '', '', 0, 0, 28, 1),
(215, 'dscf5439.jpg', NULL, NULL, 'dscf5439.jpg', 1207753744, NULL, '', '', 0, 0, 28, 1),
(214, 'dscf5430.jpg', NULL, NULL, 'dscf5430.jpg', 1207753743, NULL, '', '', 0, 0, 28, 1),
(213, 'dscf5424.jpg', NULL, NULL, 'dscf5424.jpg', 1207753741, NULL, '', '', 0, 0, 28, 1),
(212, 'dscf5423.jpg', NULL, NULL, 'dscf5423.jpg', 1207753740, NULL, '', '', 0, 0, 28, 1),
(211, 'dscf5421.jpg', NULL, NULL, 'dscf5421.jpg', 1207753738, NULL, '', '', 0, 0, 28, 1),
(210, 'dscf5418.jpg', NULL, NULL, 'dscf5418.jpg', 1207753736, NULL, '', '', 0, 0, 28, 1),
(209, 'dscf5417.jpg', NULL, NULL, 'dscf5417.jpg', 1207753735, NULL, '', '', 0, 0, 28, 1),
(208, 'dscf5406.jpg', NULL, NULL, 'dscf5406.jpg', 1207753733, NULL, '', '', 0, 0, 28, 1),
(207, 'dscf5405.jpg', NULL, NULL, 'dscf5405.jpg', 1207753731, NULL, '', '', 0, 0, 28, 1),
(206, 'dscf5401.jpg', NULL, NULL, 'dscf5401.jpg', 1207753728, NULL, '', '', 0, 0, 28, 1),
(238, 'dscf5552.jpg', NULL, NULL, 'dscf5552.jpg', 1207753781, NULL, '', '', 0, 0, 28, 1),
(239, 'p10.jpg', NULL, NULL, 'p10.jpg', 1207753833, NULL, '', '', 0, 0, 29, 1),
(240, 'p11.jpg', NULL, NULL, 'p11.jpg', 1207753834, NULL, '', '', 0, 0, 29, 1),
(241, 'p12.jpg', NULL, NULL, 'p12.jpg', 1207753835, NULL, '', '', 0, 0, 29, 1),
(242, 'p15.jpg', NULL, NULL, 'p15.jpg', 1207753836, NULL, '', '', 0, 0, 29, 1),
(243, 'p16.jpg', NULL, NULL, 'p16.jpg', 1207753837, NULL, '', '', 0, 0, 29, 1),
(244, 'p18.jpg', NULL, NULL, 'p18.jpg', 1207753838, NULL, '', '', 0, 0, 29, 1),
(245, 'dscf5795u.jpg', NULL, NULL, 'dscf5795u.jpg', 1207753840, NULL, '', '', 0, 0, 29, 1),
(246, 'p2.jpg', NULL, NULL, 'p2.jpg', 1207753841, NULL, '', '', 0, 0, 29, 1),
(247, 'p4.jpg', NULL, NULL, 'p4.jpg', 1207753842, NULL, '', '', 0, 0, 29, 1),
(248, 'p7.jpg', NULL, NULL, 'p7.jpg', 1207753843, NULL, '', '', 0, 0, 29, 1),
(249, 'p8.jpg', NULL, NULL, 'p8.jpg', 1207753844, NULL, '', '', 0, 0, 29, 1),
(250, 'p9.jpg', NULL, NULL, 'p9.jpg', 1207753845, NULL, '', '', 0, 0, 29, 1),
(251, 'dscf5562.jpg', NULL, NULL, 'dscf5562.jpg', 1207753846, NULL, '', '', 0, 0, 29, 1),
(252, 'dscf5564.jpg', NULL, NULL, 'dscf5564.jpg', 1207753848, NULL, '', '', 0, 0, 29, 1),
(253, 'dscf5566.jpg', NULL, NULL, 'dscf5566.jpg', 1207753850, NULL, '', '', 0, 0, 29, 1),
(254, 'dscf5567.jpg', NULL, NULL, 'dscf5567.jpg', 1207753851, NULL, '', '', 0, 0, 29, 1),
(255, 'dscf5578.jpg', NULL, NULL, 'dscf5578.jpg', 1207753853, NULL, '', '', 0, 0, 29, 1),
(256, 'dscf5579.jpg', NULL, NULL, 'dscf5579.jpg', 1207753854, NULL, '', '', 0, 0, 29, 1),
(257, 'dscf5582.jpg', NULL, NULL, 'dscf5582.jpg', 1207753856, NULL, '', '', 0, 0, 29, 1),
(258, 'dscf5589.jpg', NULL, NULL, 'dscf5589.jpg', 1207753858, NULL, '', '', 0, 0, 29, 1),
(259, 'dscf5600.jpg', NULL, NULL, 'dscf5600.jpg', 1207753859, NULL, '', '', 0, 0, 29, 1),
(260, 'dscf5605.jpg', NULL, NULL, 'dscf5605.jpg', 1207753861, NULL, '', '', 0, 0, 29, 1),
(261, 'dscf5608.jpg', NULL, NULL, 'dscf5608.jpg', 1207753864, NULL, '', '', 0, 0, 29, 1),
(262, 'dscf5610.jpg', NULL, NULL, 'dscf5610.jpg', 1207753866, NULL, '', '', 0, 0, 29, 1),
(263, 'dscf5624.jpg', NULL, NULL, 'dscf5624.jpg', 1207753869, NULL, '', '', 0, 0, 29, 1),
(264, 'dscf5629.jpg', NULL, NULL, 'dscf5629.jpg', 1207753871, NULL, '', '', 0, 0, 29, 1),
(265, 'dscf5632.jpg', NULL, NULL, 'dscf5632.jpg', 1207753872, NULL, '', '', 0, 0, 29, 1),
(266, 'dscf5652.jpg', NULL, NULL, 'dscf5652.jpg', 1207753874, NULL, '', '', 0, 0, 29, 1),
(267, 'dscf5664.jpg', NULL, NULL, 'dscf5664.jpg', 1207753875, NULL, '', '', 0, 0, 29, 1),
(268, 'dscf5685.jpg', NULL, NULL, 'dscf5685.jpg', 1207753877, NULL, '', '', 0, 0, 29, 1),
(269, 'dscf5688.jpg', NULL, NULL, 'dscf5688.jpg', 1207753879, NULL, '', '', 0, 0, 29, 1),
(270, 'dscf5689.jpg', NULL, NULL, 'dscf5689.jpg', 1207753880, NULL, '', '', 0, 0, 29, 1),
(271, 'dscf5705.jpg', NULL, NULL, 'dscf5705.jpg', 1207753882, NULL, '', '', 0, 0, 29, 1),
(272, 'dscf5723.jpg', NULL, NULL, 'dscf5723.jpg', 1207753883, NULL, '', '', 0, 0, 29, 1),
(273, 'dscf5724.jpg', NULL, NULL, 'dscf5724.jpg', 1207753885, NULL, '', '', 0, 0, 29, 1),
(274, 'dscf5734.jpg', NULL, NULL, 'dscf5734.jpg', 1207753887, NULL, '', '', 0, 0, 29, 1),
(275, 'dscf5738.jpg', NULL, NULL, 'dscf5738.jpg', 1207753888, NULL, '', '', 0, 0, 29, 1),
(276, 'dscf5764.jpg', NULL, NULL, 'dscf5764.jpg', 1207753890, NULL, '', '', 0, 0, 29, 1),
(277, 'dscf5767.jpg', NULL, NULL, 'dscf5767.jpg', 1207753892, NULL, '', '', 0, 0, 29, 1),
(278, 'dscf5774.jpg', NULL, NULL, 'dscf5774.jpg', 1207753893, NULL, '', '', 0, 0, 29, 1),
(279, 'dscf5776.jpg', NULL, NULL, 'dscf5776.jpg', 1207753895, NULL, '', '', 0, 0, 29, 1),
(280, 'dscf5780.jpg', NULL, NULL, 'dscf5780.jpg', 1207753896, NULL, '', '', 0, 0, 29, 1),
(281, 'dscf5786.jpg', NULL, NULL, 'dscf5786.jpg', 1207753898, NULL, '', '', 0, 0, 29, 1),
(282, 'dscf5788.jpg', NULL, NULL, 'dscf5788.jpg', 1207753899, NULL, '', '', 0, 0, 29, 1),
(283, 'dscf5792.jpg', NULL, NULL, 'dscf5792.jpg', 1207753901, NULL, '', '', 0, 0, 29, 1),
(284, 'dscf5802.jpg', NULL, NULL, 'dscf5802.jpg', 1207753903, NULL, '', '', 0, 0, 29, 1),
(285, 'dscf5813.jpg', NULL, NULL, 'dscf5813.jpg', 1207753904, NULL, '', '', 0, 0, 29, 1),
(286, 'dscf5815.jpg', NULL, NULL, 'dscf5815.jpg', 1207753906, NULL, '', '', 0, 0, 29, 1),
(287, 'dscf5819.jpg', NULL, NULL, 'dscf5819.jpg', 1207753909, NULL, '', '', 0, 0, 29, 1),
(288, 'dscf2008.jpg', NULL, NULL, 'dscf2008.jpg', 1207753981, NULL, '', '', 0, 0, 30, 1),
(289, 'dscf2018.jpg', NULL, NULL, 'dscf2018.jpg', 1207753982, NULL, '', '', 0, 0, 30, 1),
(290, 'dscf2022.jpg', NULL, NULL, 'dscf2022.jpg', 1207753984, NULL, '', '', 0, 0, 30, 1),
(291, 'dscf2025.jpg', NULL, NULL, 'dscf2025.jpg', 1207753986, NULL, '', '', 0, 0, 30, 1),
(292, 'dscf2028.jpg', NULL, NULL, 'dscf2028.jpg', 1207753987, NULL, '', '', 0, 0, 30, 1),
(293, 'dscf2034.jpg', NULL, NULL, 'dscf2034.jpg', 1207753989, NULL, '', '', 0, 0, 30, 1),
(294, 'dscf2037.jpg', NULL, NULL, 'dscf2037.jpg', 1207753990, NULL, '', '', 0, 0, 30, 1),
(295, 'dscf2095.jpg', NULL, NULL, 'dscf2095.jpg', 1207753992, NULL, '', '', 0, 0, 30, 1),
(296, 'dscf2096.jpg', NULL, NULL, 'dscf2096.jpg', 1207753994, NULL, '', '', 0, 0, 30, 1),
(297, 'dscf2101.jpg', NULL, NULL, 'dscf2101.jpg', 1207753997, NULL, '', '', 0, 0, 30, 1),
(298, 'dscf2104.jpg', NULL, NULL, 'dscf2104.jpg', 1207754000, NULL, '', '', 0, 0, 30, 1),
(299, 'dscf2123.jpg', NULL, NULL, 'dscf2123.jpg', 1207754002, NULL, '', '', 0, 0, 30, 1),
(300, 'dscf2132.jpg', NULL, NULL, 'dscf2132.jpg', 1207754005, NULL, '', '', 0, 0, 30, 1),
(301, 'dscf2140.jpg', NULL, NULL, 'dscf2140.jpg', 1207754007, NULL, '', '', 0, 0, 30, 1),
(302, 'dscf2141.jpg', NULL, NULL, 'dscf2141.jpg', 1207754010, NULL, '', '', 0, 0, 30, 1),
(303, 'dscf2142.jpg', NULL, NULL, 'dscf2142.jpg', 1207754012, NULL, '', '', 0, 0, 30, 1),
(304, 'dscf2146.jpg', NULL, NULL, 'dscf2146.jpg', 1207754015, NULL, '', '', 0, 0, 30, 1),
(305, 'dscf2156.jpg', NULL, NULL, 'dscf2156.jpg', 1207754016, NULL, '', '', 0, 0, 30, 1),
(306, 'dscf2163.jpg', NULL, NULL, 'dscf2163.jpg', 1207754018, NULL, '', '', 0, 0, 30, 1),
(307, 'dscf2175.jpg', NULL, NULL, 'dscf2175.jpg', 1207754019, NULL, '', '', 0, 0, 30, 1),
(308, 'dscf2179.jpg', NULL, NULL, 'dscf2179.jpg', 1207754022, NULL, '', '', 0, 0, 30, 1),
(309, 'dscf2180.jpg', NULL, NULL, 'dscf2180.jpg', 1207754024, NULL, '', '', 0, 0, 30, 1),
(310, 'dscf2185.jpg', NULL, NULL, 'dscf2185.jpg', 1207754027, NULL, '', '', 0, 0, 30, 1),
(311, 'dscf2187.jpg', NULL, NULL, 'dscf2187.jpg', 1207754030, NULL, '', '', 0, 0, 30, 1),
(312, 'dscf2191.jpg', NULL, NULL, 'dscf2191.jpg', 1207754032, NULL, '', '', 0, 0, 30, 1),
(313, 'dscf2192.jpg', NULL, NULL, 'dscf2192.jpg', 1207754033, NULL, '', '', 0, 0, 30, 1),
(314, 'dscf2195.jpg', NULL, NULL, 'dscf2195.jpg', 1207754035, NULL, '', '', 0, 0, 30, 1),
(315, 'dscf2205.jpg', NULL, NULL, 'dscf2205.jpg', 1207754037, NULL, '', '', 0, 0, 30, 1),
(316, 'dscf2207.jpg', NULL, NULL, 'dscf2207.jpg', 1207754038, NULL, '', '', 0, 0, 30, 1),
(317, 'dscf2208.jpg', NULL, NULL, 'dscf2208.jpg', 1207754040, NULL, '', '', 0, 0, 30, 1),
(318, 'dscf2209.jpg', NULL, NULL, 'dscf2209.jpg', 1207754041, NULL, '', '', 0, 0, 30, 1),
(319, 'dscf2212.jpg', NULL, NULL, 'dscf2212.jpg', 1207754044, NULL, '', '', 0, 0, 30, 1),
(320, 'dscf2213.jpg', NULL, NULL, 'dscf2213.jpg', 1207754046, NULL, '', '', 0, 0, 30, 1),
(321, 'dscf2216.jpg', NULL, NULL, 'dscf2216.jpg', 1207754048, NULL, '', '', 0, 0, 30, 1),
(322, 'dscf2217.jpg', NULL, NULL, 'dscf2217.jpg', 1207754049, NULL, '', '', 0, 0, 30, 1),
(323, 'dscf2223.jpg', NULL, NULL, 'dscf2223.jpg', 1207754051, NULL, '', '', 0, 0, 30, 1),
(324, 'dscf2224.jpg', NULL, NULL, 'dscf2224.jpg', 1207754052, NULL, '', '', 0, 0, 30, 1),
(325, 'dscf2231.jpg', NULL, NULL, 'dscf2231.jpg', 1207754054, NULL, '', '', 0, 0, 30, 1),
(326, 'dscf2236.jpg', NULL, NULL, 'dscf2236.jpg', 1207754056, NULL, '', '', 0, 0, 30, 1),
(327, 'dscf2238.jpg', NULL, NULL, 'dscf2238.jpg', 1207754057, NULL, '', '', 0, 0, 30, 1),
(328, 'dscf2239.jpg', NULL, NULL, 'dscf2239.jpg', 1207754059, NULL, '', '', 0, 0, 30, 1),
(329, 'dscf1956.jpg', NULL, NULL, 'dscf1956.jpg', 1207754060, NULL, '', '', 0, 0, 30, 1),
(330, 'dscf1970.jpg', NULL, NULL, 'dscf1970.jpg', 1207754062, NULL, '', '', 0, 0, 30, 1),
(331, 'dscf1980.jpg', NULL, NULL, 'dscf1980.jpg', 1207754064, NULL, '', '', 0, 0, 30, 1),
(332, 'dscf1985.jpg', NULL, NULL, 'dscf1985.jpg', 1207754065, NULL, '', '', 0, 0, 30, 1),
(333, 'dscf1995.jpg', NULL, NULL, 'dscf1995.jpg', 1207754067, NULL, '', '', 0, 0, 30, 1),
(334, 'dscf1998.jpg', NULL, NULL, 'dscf1998.jpg', 1207754070, NULL, '', '', 0, 0, 30, 1),
(335, 'dscf2138bw.jpg', NULL, NULL, 'dscf2138bw.jpg', 1207754072, NULL, '', '', 0, 0, 30, 1),
(336, 'panora.jpg', NULL, NULL, 'panora.jpg', 1207754190, NULL, '', '', 0, 0, 31, 1),
(337, 'dscf3172b.jpg', NULL, NULL, 'dscf3172b.jpg', 1207754192, NULL, '', '', 0, 0, 31, 1),
(338, 'dscf3041.jpg', NULL, NULL, 'dscf3041.jpg', 1207754195, NULL, '', '', 0, 0, 31, 1),
(339, 'dscf3047.jpg', NULL, NULL, 'dscf3047.jpg', 1207754196, NULL, '', '', 0, 0, 31, 1),
(340, 'dscf3050.jpg', NULL, NULL, 'dscf3050.jpg', 1207754198, NULL, '', '', 0, 0, 31, 1),
(341, 'dscf3052.jpg', NULL, NULL, 'dscf3052.jpg', 1207754200, NULL, '', '', 0, 0, 31, 1),
(342, 'dscf3055.jpg', NULL, NULL, 'dscf3055.jpg', 1207754201, NULL, '', '', 0, 0, 31, 1),
(343, 'dscf3057.jpg', NULL, NULL, 'dscf3057.jpg', 1207754203, NULL, '', '', 0, 0, 31, 1),
(344, 'dscf3125b.jpg', NULL, NULL, 'dscf3125b.jpg', 1207754206, NULL, '', '', 0, 0, 31, 1),
(345, 'dscf3063.jpg', NULL, NULL, 'dscf3063.jpg', 1207754208, NULL, '', '', 0, 0, 31, 1),
(346, 'dscf3065.jpg', NULL, NULL, 'dscf3065.jpg', 1207754209, NULL, '', '', 0, 0, 31, 1),
(347, 'dscf3073.jpg', NULL, NULL, 'dscf3073.jpg', 1207754212, NULL, '', '', 0, 0, 31, 1),
(348, 'dscf3082.jpg', NULL, NULL, 'dscf3082.jpg', 1207754215, NULL, '', '', 0, 0, 31, 1),
(349, 'dscf3085.jpg', NULL, NULL, 'dscf3085.jpg', 1207754217, NULL, '', '', 0, 0, 31, 1),
(350, 'dscf3090.jpg', NULL, NULL, 'dscf3090.jpg', 1207754218, NULL, '', '', 0, 0, 31, 1),
(351, 'dscf3091.jpg', NULL, NULL, 'dscf3091.jpg', 1207754220, NULL, '', '', 0, 0, 31, 1),
(352, 'dscf3099.jpg', NULL, NULL, 'dscf3099.jpg', 1207754221, NULL, '', '', 0, 0, 31, 1),
(353, 'dscf3103.jpg', NULL, NULL, 'dscf3103.jpg', 1207754223, NULL, '', '', 0, 0, 31, 1),
(354, 'dscf3104.jpg', NULL, NULL, 'dscf3104.jpg', 1207754225, NULL, '', '', 0, 0, 31, 1),
(355, 'dscf3108.jpg', NULL, NULL, 'dscf3108.jpg', 1207754228, NULL, '', '', 0, 0, 31, 1),
(356, 'dscf3122.jpg', NULL, NULL, 'dscf3122.jpg', 1207754229, NULL, '', '', 0, 0, 31, 1),
(357, 'dscf3150.jpg', NULL, NULL, 'dscf3150.jpg', 1207754231, NULL, '', '', 0, 0, 31, 1),
(358, 'dscf3151.jpg', NULL, NULL, 'dscf3151.jpg', 1207754232, NULL, '', '', 0, 0, 31, 1),
(359, 'dscf3157.jpg', NULL, NULL, 'dscf3157.jpg', 1207754235, NULL, '', '', 0, 0, 31, 1),
(360, 'dscf3160.jpg', NULL, NULL, 'dscf3160.jpg', 1207754237, NULL, '', '', 0, 0, 31, 1),
(361, 'dscf3165.jpg', NULL, NULL, 'dscf3165.jpg', 1207754238, NULL, '', '', 0, 0, 31, 1),
(362, 'dscf3087b.jpg', NULL, NULL, 'dscf3087b.jpg', 1207754240, NULL, '', '', 0, 0, 31, 1),
(363, 'dscf3088b.jpg', NULL, NULL, 'dscf3088b.jpg', 1207754242, NULL, '', '', 0, 0, 31, 1),
(364, 'dsc-4363.jpg', NULL, NULL, 'dsc-4363.jpg', 1207841728, NULL, '', '', 0, 0, 32, 1),
(365, 'dsc-4366.jpg', NULL, NULL, 'dsc-4366.jpg', 1207841730, NULL, '', '', 0, 0, 32, 1),
(366, 'dsc-4369.jpg', NULL, NULL, 'dsc-4369.jpg', 1207841731, NULL, '', '', 0, 0, 32, 1),
(367, 'dsc-4370.jpg', NULL, NULL, 'dsc-4370.jpg', 1207841733, NULL, '', '', 0, 0, 32, 1),
(368, 'dsc-4372.jpg', NULL, NULL, 'dsc-4372.jpg', 1207841734, NULL, '', '', 0, 0, 32, 1),
(369, 'dsc-4373.jpg', NULL, NULL, 'dsc-4373.jpg', 1207841736, NULL, '', '', 0, 0, 32, 1),
(370, 'dsc-4374.jpg', NULL, NULL, 'dsc-4374.jpg', 1207841738, NULL, '', '', 0, 0, 32, 1),
(371, 'dsc-4377.jpg', NULL, NULL, 'dsc-4377.jpg', 1207841739, NULL, '', '', 0, 0, 32, 1),
(372, 'dsc-4379.jpg', NULL, NULL, 'dsc-4379.jpg', 1207841741, NULL, '', '', 0, 0, 32, 1),
(373, 'dsc-4039.jpg', NULL, NULL, 'dsc-4039.jpg', 1207841742, NULL, '', '', 0, 0, 32, 1),
(374, 'dsc-4053.jpg', NULL, NULL, 'dsc-4053.jpg', 1207841744, NULL, '', '', 0, 0, 32, 1),
(375, 'dsc-4055.jpg', NULL, NULL, 'dsc-4055.jpg', 1207841745, NULL, '', '', 0, 0, 32, 1),
(376, 'dsc-4057.jpg', NULL, NULL, 'dsc-4057.jpg', 1207841747, NULL, '', '', 0, 0, 32, 1),
(377, 'dsc-4101.jpg', NULL, NULL, 'dsc-4101.jpg', 1207841749, NULL, '', '', 0, 0, 32, 1),
(378, 'dsc-4104.jpg', NULL, NULL, 'dsc-4104.jpg', 1207841751, NULL, '', '', 0, 0, 32, 1),
(379, 'dsc-4109.jpg', NULL, NULL, 'dsc-4109.jpg', 1207841752, NULL, '', '', 0, 0, 32, 1),
(380, 'dsc-4123.jpg', NULL, NULL, 'dsc-4123.jpg', 1207841754, NULL, '', '', 0, 0, 32, 1),
(381, 'dsc-4125.jpg', NULL, NULL, 'dsc-4125.jpg', 1207841755, NULL, '', '', 0, 0, 32, 1),
(382, 'dsc-4147.jpg', NULL, NULL, 'dsc-4147.jpg', 1207841757, NULL, '', '', 0, 0, 32, 1),
(383, 'dsc-4151.jpg', NULL, NULL, 'dsc-4151.jpg', 1207841760, NULL, '', '', 0, 0, 32, 1),
(384, 'dsc-4152.jpg', NULL, NULL, 'dsc-4152.jpg', 1207841762, NULL, '', '', 0, 0, 32, 1),
(385, 'dsc-4162.jpg', NULL, NULL, 'dsc-4162.jpg', 1207841764, NULL, '', '', 0, 0, 32, 1),
(386, 'dsc-4168.jpg', NULL, NULL, 'dsc-4168.jpg', 1207841765, NULL, '', '', 0, 0, 32, 1),
(387, 'dsc-4170.jpg', NULL, NULL, 'dsc-4170.jpg', 1207841767, NULL, '', '', 0, 0, 32, 1),
(388, 'dsc-5018.jpg', NULL, NULL, 'dsc-5018.jpg', 1207842649, NULL, '', '', 0, 0, 33, 1),
(389, 'dsc-5025.jpg', NULL, NULL, 'dsc-5025.jpg', 1207842653, NULL, '', '', 0, 0, 33, 1),
(390, 'dsc-5027.jpg', NULL, NULL, 'dsc-5027.jpg', 1207842654, NULL, '', '', 0, 0, 33, 1),
(391, 'dsc-5038.jpg', NULL, NULL, 'dsc-5038.jpg', 1207842656, NULL, '', '', 0, 0, 33, 1),
(392, 'dsc-5042.jpg', NULL, NULL, 'dsc-5042.jpg', 1207842660, NULL, '', '', 0, 0, 33, 1),
(393, 'dsc-5053.jpg', NULL, NULL, 'dsc-5053.jpg', 1207842661, NULL, '', '', 0, 0, 33, 1),
(394, 'dsc-5062.jpg', NULL, NULL, 'dsc-5062.jpg', 1207842663, NULL, '', '', 0, 0, 33, 1),
(395, 'dsc-5065.jpg', NULL, NULL, 'dsc-5065.jpg', 1207842664, NULL, '', '', 0, 0, 33, 1),
(396, 'dsc-50061.jpg', NULL, NULL, 'dsc-50061.jpg', 1207842666, NULL, '', '', 0, 0, 33, 1),
(464, 'dsc-5088.jpg', NULL, NULL, 'dsc-5088.jpg', 1208079517, NULL, '', '', 0, 0, 36, 1),
(398, 'dsc-4975.jpg', NULL, NULL, 'dsc-4975.jpg', 1207842669, NULL, '', '', 0, 0, 33, 1),
(399, 'dsc-4981.jpg', NULL, NULL, 'dsc-4981.jpg', 1207842670, NULL, '', '', 0, 0, 33, 1),
(400, 'dsc-4999.jpg', NULL, NULL, 'dsc-4999.jpg', 1207842672, NULL, '', '', 0, 0, 33, 1),
(401, 'dsc-3919.jpg', NULL, NULL, 'dsc-3919.jpg', 1207842981, NULL, '', '', 0, 0, 34, 1),
(402, 'dsc-3923.jpg', NULL, NULL, 'dsc-3923.jpg', 1207842983, NULL, '', '', 0, 0, 34, 1),
(403, 'dsc-3928.jpg', NULL, NULL, 'dsc-3928.jpg', 1207842984, NULL, '', '', 0, 0, 34, 1),
(404, 'dsc-3931.jpg', NULL, NULL, 'dsc-3931.jpg', 1207842986, NULL, '', '', 0, 0, 34, 1),
(405, 'dsc-3932.jpg', NULL, NULL, 'dsc-3932.jpg', 1207842988, NULL, '', '', 0, 0, 34, 1),
(406, 'dsc-3946.jpg', NULL, NULL, 'dsc-3946.jpg', 1207842989, NULL, '', '', 0, 0, 34, 1),
(407, 'dsc-3950.jpg', NULL, NULL, 'dsc-3950.jpg', 1207842991, NULL, '', '', 0, 0, 34, 1),
(408, 'dsc-3959.jpg', NULL, NULL, 'dsc-3959.jpg', 1207842992, NULL, '', '', 0, 0, 34, 1),
(409, 'dsc-3963.jpg', NULL, NULL, 'dsc-3963.jpg', 1207842994, NULL, '', '', 0, 0, 34, 1),
(410, 'dsc-3971.jpg', NULL, NULL, 'dsc-3971.jpg', 1207842995, NULL, '', '', 0, 0, 34, 1),
(411, 'dsc-3977.jpg', NULL, NULL, 'dsc-3977.jpg', 1207842997, NULL, '', '', 0, 0, 34, 1),
(412, 'dsc-3986.jpg', NULL, NULL, 'dsc-3986.jpg', 1207842998, NULL, '', '', 0, 0, 34, 1),
(413, 'dsc-3991.jpg', NULL, NULL, 'dsc-3991.jpg', 1207843000, NULL, '', '', 0, 0, 34, 1),
(414, 'dsc-3998.jpg', NULL, NULL, 'dsc-3998.jpg', 1207843002, NULL, '', '', 0, 0, 34, 1),
(415, 'dsc-3076.jpg', NULL, NULL, 'dsc-3076.jpg', 1207843740, NULL, '', '', 0, 0, 35, 1),
(416, 'dsc-3096.jpg', NULL, NULL, 'dsc-3096.jpg', 1207843741, NULL, '', '', 0, 0, 35, 1),
(417, 'dsc-3110.jpg', NULL, NULL, 'dsc-3110.jpg', 1207843743, NULL, '', '', 0, 0, 35, 1),
(418, 'dsc-2523.jpg', NULL, NULL, 'dsc-2523.jpg', 1207843744, NULL, '', '', 0, 0, 35, 1),
(419, 'dsc-3111.jpg', NULL, NULL, 'dsc-3111.jpg', 1207843746, NULL, '', '', 0, 0, 35, 1),
(420, 'dsc-4398.jpg', NULL, NULL, 'dsc-4398.jpg', 1207843747, NULL, '', '', 0, 0, 35, 1),
(421, 'dsc-4403.jpg', NULL, NULL, 'dsc-4403.jpg', 1207843749, NULL, '', '', 0, 0, 35, 1),
(422, 'dsc-4405.jpg', NULL, NULL, 'dsc-4405.jpg', 1207843750, NULL, '', '', 0, 0, 35, 1),
(423, 'dsc-4406.jpg', NULL, NULL, 'dsc-4406.jpg', 1207843752, NULL, '', '', 0, 0, 35, 1),
(424, 'dsc-3838.jpg', NULL, NULL, 'dsc-3838.jpg', 1207843754, NULL, '', '', 0, 0, 35, 1),
(425, 'dsc-3861.jpg', NULL, NULL, 'dsc-3861.jpg', 1207843755, NULL, '', '', 0, 0, 35, 1),
(426, 'dsc-4486.jpg', NULL, NULL, 'dsc-4486.jpg', 1207843759, NULL, '', '', 0, 0, 35, 1),
(427, 'dsc-3899.jpg', NULL, NULL, 'dsc-3899.jpg', 1207843760, NULL, '', '', 0, 0, 35, 1),
(428, 'dsc-3306.jpg', NULL, NULL, 'dsc-3306.jpg', 1207843762, NULL, '', '', 0, 0, 35, 1),
(429, 'dsc-3314.jpg', NULL, NULL, 'dsc-3314.jpg', 1207843763, NULL, '', '', 0, 0, 35, 1),
(430, 'dsc-3328.jpg', NULL, NULL, 'dsc-3328.jpg', 1207843765, NULL, '', '', 0, 0, 35, 1),
(431, 'dsc-3344.jpg', NULL, NULL, 'dsc-3344.jpg', 1207843766, NULL, '', '', 0, 0, 35, 1),
(432, 'dsc-4658.jpg', NULL, NULL, 'dsc-4658.jpg', 1207843768, NULL, '', '', 0, 0, 35, 1),
(433, 'dsc-3393.jpg', NULL, NULL, 'dsc-3393.jpg', 1207843770, NULL, '', '', 0, 0, 35, 1),
(434, 'dsc-4669.jpg', NULL, NULL, 'dsc-4669.jpg', 1207843771, NULL, '', '', 0, 0, 35, 1),
(435, 'dsc-2806.jpg', NULL, NULL, 'dsc-2806.jpg', 1207843773, NULL, '', '', 0, 0, 35, 1),
(436, 'dsc-3405.jpg', NULL, NULL, 'dsc-3405.jpg', 1207843774, NULL, '', '', 0, 0, 35, 1),
(437, 'dsc-4011.jpg', NULL, NULL, 'dsc-4011.jpg', 1207843778, NULL, '', '', 0, 0, 35, 1),
(438, 'dsc-2846.jpg', NULL, NULL, 'dsc-2846.jpg', 1207843779, NULL, '', '', 0, 0, 35, 1),
(439, 'dsc-4026.jpg', NULL, NULL, 'dsc-4026.jpg', 1207843781, NULL, '', '', 0, 0, 35, 1),
(440, 'dsc-3450.jpg', NULL, NULL, 'dsc-3450.jpg', 1207843782, NULL, '', '', 0, 0, 35, 1),
(441, 'dsc-2866.jpg', NULL, NULL, 'dsc-2866.jpg', 1207843784, NULL, '', '', 0, 0, 35, 1),
(442, 'dsc-3487.jpg', NULL, NULL, 'dsc-3487.jpg', 1207843786, NULL, '', '', 0, 0, 35, 1),
(443, 'dsc-3497.jpg', NULL, NULL, 'dsc-3497.jpg', 1207843787, NULL, '', '', 0, 0, 35, 1),
(444, 'dsc-3498.jpg', NULL, NULL, 'dsc-3498.jpg', 1207843789, NULL, '', '', 0, 0, 35, 1),
(445, 'dsc-2912.jpg', NULL, NULL, 'dsc-2912.jpg', 1207843790, NULL, '', '', 0, 0, 35, 1),
(446, 'dsc-3501.jpg', NULL, NULL, 'dsc-3501.jpg', 1207843792, NULL, '', '', 0, 0, 35, 1),
(447, 'dsc-3503.jpg', NULL, NULL, 'dsc-3503.jpg', 1207843794, NULL, '', '', 0, 0, 35, 1),
(448, 'dsc-3508.jpg', NULL, NULL, 'dsc-3508.jpg', 1207843795, NULL, '', '', 0, 0, 35, 1),
(449, 'dsc-3523.jpg', NULL, NULL, 'dsc-3523.jpg', 1207843797, NULL, '', '', 0, 0, 35, 1),
(450, 'dsc-3554.jpg', NULL, NULL, 'dsc-3554.jpg', 1207843798, NULL, '', '', 0, 0, 35, 1),
(451, 'dsc-3563.jpg', NULL, NULL, 'dsc-3563.jpg', 1207843800, NULL, '', '', 0, 0, 35, 1),
(452, 'dsc-2985.jpg', NULL, NULL, 'dsc-2985.jpg', 1207843801, NULL, '', '', 0, 0, 35, 1),
(453, 'dsc-3604.jpg', NULL, NULL, 'dsc-3604.jpg', 1207843805, NULL, '', '', 0, 0, 35, 1),
(454, 'dsc-3606.jpg', NULL, NULL, 'dsc-3606.jpg', 1207843808, NULL, '', '', 0, 0, 35, 1),
(455, 'dsc-3620.jpg', NULL, NULL, 'dsc-3620.jpg', 1207843811, NULL, '', '', 0, 0, 35, 1),
(456, 'dsc-3635.jpg', NULL, NULL, 'dsc-3635.jpg', 1207843814, NULL, '', '', 0, 0, 35, 1),
(463, 'dsc-5086.jpg', NULL, NULL, 'dsc-5086.jpg', 1208079515, NULL, '', '', 0, 0, 36, 1),
(458, 'dsc-3004.jpg', NULL, NULL, 'dsc-3004.jpg', 1207843819, NULL, '', '', 0, 0, 35, 1),
(459, 'dsc-3048.jpg', NULL, NULL, 'dsc-3048.jpg', 1207843821, NULL, '', '', 0, 0, 35, 1),
(460, 'dsc-3052.jpg', NULL, NULL, 'dsc-3052.jpg', 1207843824, NULL, '', '', 0, 0, 35, 1),
(461, 'dsc-3059.jpg', NULL, NULL, 'dsc-3059.jpg', 1207843826, NULL, '', '', 0, 0, 35, 1),
(462, 'dsc-3064.jpg', NULL, NULL, 'dsc-3064.jpg', 1207843827, NULL, '', '', 0, 0, 35, 1),
(465, 'dsc-5091.jpg', NULL, NULL, 'dsc-5091.jpg', 1208079520, NULL, '', '', 0, 0, 36, 1),
(466, 'dsc-5113.jpg', NULL, NULL, 'dsc-5113.jpg', 1208079522, NULL, '', '', 0, 0, 36, 1),
(467, 'dsc-5121.jpg', NULL, NULL, 'dsc-5121.jpg', 1208079524, NULL, '', '', 0, 0, 36, 1),
(468, 'dsc-5134.jpg', NULL, NULL, 'dsc-5134.jpg', 1208079525, NULL, '', '', 0, 0, 36, 1),
(469, 'dsc-5136.jpg', NULL, NULL, 'dsc-5136.jpg', 1208079527, NULL, '', '', 0, 0, 36, 1),
(470, 'dsc-5191.jpg', NULL, NULL, 'dsc-5191.jpg', 1208079531, NULL, '', '', 0, 0, 36, 1),
(471, 'dsc-5196.jpg', NULL, NULL, 'dsc-5196.jpg', 1208079533, NULL, '', '', 0, 0, 36, 1),
(472, 'dsc-5200.jpg', NULL, NULL, 'dsc-5200.jpg', 1208079534, NULL, '', '', 0, 0, 36, 1),
(473, 'dsc-5213.jpg', NULL, NULL, 'dsc-5213.jpg', 1208079536, NULL, '', '', 0, 0, 36, 1),
(474, '', NULL, NULL, 'untitled-1-copy.jpg', 1208080067, NULL, '', '', 0, 0, 36, 1),
(475, 'dsc-4351.jpg', NULL, NULL, 'dsc-4351.jpg', 1208080354, NULL, '', '', 0, 0, 37, 1),
(476, 'dsc-4353.jpg', NULL, NULL, 'dsc-4353.jpg', 1208080356, NULL, '', '', 0, 0, 37, 1),
(477, 'pano3-copy.jpg', NULL, NULL, 'pano3-copy.jpg', 1208080356, NULL, '', '', 0, 0, 37, 1),
(478, 'pano5.jpg', NULL, NULL, 'pano5.jpg', 1208080358, NULL, '', '', 0, 0, 37, 1),
(479, 'dsc-4205.jpg', NULL, NULL, 'dsc-4205.jpg', 1208080359, NULL, '', '', 0, 0, 37, 1),
(480, 'dsc-4207.jpg', NULL, NULL, 'dsc-4207.jpg', 1208080361, NULL, '', '', 0, 0, 37, 1),
(481, 'dsc-4249.jpg', NULL, NULL, 'dsc-4249.jpg', 1208080362, NULL, '', '', 0, 0, 37, 1),
(482, 'dsc-4253.jpg', NULL, NULL, 'dsc-4253.jpg', 1208080364, NULL, '', '', 0, 0, 37, 1),
(496, 'dsc-6474.jpg', NULL, NULL, 'dsc-6474.jpg', 1208352295, NULL, '', '', 0, 0, 38, 1),
(484, 'dsc-4269.jpg', NULL, NULL, 'dsc-4269.jpg', 1208080367, NULL, '', '', 0, 0, 37, 1),
(485, 'dsc-4272.jpg', NULL, NULL, 'dsc-4272.jpg', 1208080369, NULL, '', '', 0, 0, 37, 1),
(486, 'dsc-4296.jpg', NULL, NULL, 'dsc-4296.jpg', 1208080371, NULL, '', '', 0, 0, 37, 1),
(495, 'dsc-6471.jpg', NULL, NULL, 'dsc-6471.jpg', 1208352294, NULL, '', '', 0, 0, 38, 1),
(488, 'dsc-4303.jpg', NULL, NULL, 'dsc-4303.jpg', 1208080373, NULL, '', '', 0, 0, 37, 1),
(489, 'dsc-4328.jpg', NULL, NULL, 'dsc-4328.jpg', 1208080375, NULL, '', '', 0, 0, 37, 1),
(490, 'dsc-4331.jpg', NULL, NULL, 'dsc-4331.jpg', 1208080377, NULL, '', '', 0, 0, 37, 1),
(491, 'dsc-4337.jpg', NULL, NULL, 'dsc-4337.jpg', 1208080378, NULL, '', '', 0, 0, 37, 1),
(492, 'dsc-4342.jpg', NULL, NULL, 'dsc-4342.jpg', 1208080380, NULL, '', '', 0, 0, 37, 1),
(493, 'dsc-4343.jpg', NULL, NULL, 'dsc-4343.jpg', 1208080382, NULL, '', '', 0, 0, 37, 1),
(494, 'dsc-4346.jpg', NULL, NULL, 'dsc-4346.jpg', 1208080384, NULL, '', '', 0, 0, 37, 1),
(497, 'dsc-6479.jpg', NULL, NULL, 'dsc-6479.jpg', 1208352299, NULL, '', '', 0, 0, 38, 1),
(498, 'dsc-6482.jpg', NULL, NULL, 'dsc-6482.jpg', 1208352302, NULL, '', '', 0, 0, 38, 1),
(499, 'dsc-6483.jpg', NULL, NULL, 'dsc-6483.jpg', 1208352305, NULL, '', '', 0, 0, 38, 1),
(500, 'dsc-6494.jpg', NULL, NULL, 'dsc-6494.jpg', 1208352308, NULL, '', '', 0, 0, 38, 1),
(501, 'dsc-6497.jpg', NULL, NULL, 'dsc-6497.jpg', 1208352311, NULL, '', '', 0, 0, 38, 1),
(502, 'dsc-6503.jpg', NULL, NULL, 'dsc-6503.jpg', 1208352317, NULL, '', '', 0, 0, 38, 1),
(503, 'dsc-6507.jpg', NULL, NULL, 'dsc-6507.jpg', 1208352320, NULL, '', '', 0, 0, 38, 1),
(504, 'dsc-6511.jpg', NULL, NULL, 'dsc-6511.jpg', 1208352323, NULL, '', '', 0, 0, 38, 1),
(505, 'dsc-6517.jpg', NULL, NULL, 'dsc-6517.jpg', 1208352326, NULL, '', '', 0, 0, 38, 1),
(506, 'dsc-6518.jpg', NULL, NULL, 'dsc-6518.jpg', 1208352330, NULL, '', '', 0, 0, 38, 1),
(507, 'dsc-6523.jpg', NULL, NULL, 'dsc-6523.jpg', 1208352337, NULL, '', '', 0, 0, 38, 1),
(508, 'dsc-6527.jpg', NULL, NULL, 'dsc-6527.jpg', 1208352339, NULL, '', '', 0, 0, 38, 1),
(509, 'dsc-6540.jpg', NULL, NULL, 'dsc-6540.jpg', 1208352340, NULL, '', '', 0, 0, 38, 1),
(510, 'dsc-6547.jpg', NULL, NULL, 'dsc-6547.jpg', 1208352344, NULL, '', '', 0, 0, 38, 1),
(511, 'dsc-6548.jpg', NULL, NULL, 'dsc-6548.jpg', 1208352345, NULL, '', '', 0, 0, 38, 1),
(512, 'dsc-6551.jpg', NULL, NULL, 'dsc-6551.jpg', 1208352347, NULL, '', '', 0, 0, 38, 1),
(513, 'dsc-6554.jpg', NULL, NULL, 'dsc-6554.jpg', 1208352350, NULL, '', '', 0, 0, 38, 1),
(535, 'dsc-6675.jpg', NULL, NULL, 'dsc-6675.jpg', 1208813207, NULL, '', '', 0, 0, 39, 1),
(515, 'dsc-6559.jpg', NULL, NULL, 'dsc-6559.jpg', 1208352355, NULL, '', '', 0, 0, 38, 1),
(516, 'dsc-6564.jpg', NULL, NULL, 'dsc-6564.jpg', 1208352357, NULL, '', '', 0, 0, 38, 1),
(517, 'dsc-6568.jpg', NULL, NULL, 'dsc-6568.jpg', 1208352358, NULL, '', '', 0, 0, 38, 1),
(518, 'dsc-6572.jpg', NULL, NULL, 'dsc-6572.jpg', 1208352360, NULL, '', '', 0, 0, 38, 1),
(519, 'dsc-6584.jpg', NULL, NULL, 'dsc-6584.jpg', 1208352361, NULL, '', '', 0, 0, 38, 1),
(520, 'dsc-6590.jpg', NULL, NULL, 'dsc-6590.jpg', 1208352365, NULL, '', '', 0, 0, 38, 1),
(521, 'dsc-6600.jpg', NULL, NULL, 'dsc-6600.jpg', 1208352367, NULL, '', '', 0, 0, 38, 1),
(522, 'dsc-6604.jpg', NULL, NULL, 'dsc-6604.jpg', 1208352369, NULL, '', '', 0, 0, 38, 1),
(534, 'dsc-6671.jpg', NULL, NULL, 'dsc-6671.jpg', 1208813205, NULL, '', '', 0, 0, 39, 1),
(524, 'dsc-6611.jpg', NULL, NULL, 'dsc-6611.jpg', 1208352377, NULL, '', '', 0, 0, 38, 1),
(525, 'dsc-6619.jpg', NULL, NULL, 'dsc-6619.jpg', 1208352379, NULL, '', '', 0, 0, 38, 1),
(526, 'dsc-6628.jpg', NULL, NULL, 'dsc-6628.jpg', 1208352380, NULL, '', '', 0, 0, 38, 1),
(527, 'dsc-6629.jpg', NULL, NULL, 'dsc-6629.jpg', 1208352382, NULL, '', '', 0, 0, 38, 1),
(528, 'dsc-6633.jpg', NULL, NULL, 'dsc-6633.jpg', 1208352383, NULL, '', '', 0, 0, 38, 1),
(529, 'dsc-6644.jpg', NULL, NULL, 'dsc-6644.jpg', 1208352387, NULL, '', '', 0, 0, 38, 1),
(530, 'dsc-6648.jpg', NULL, NULL, 'dsc-6648.jpg', 1208352388, NULL, '', '', 0, 0, 38, 1),
(531, 'dsc-6656.jpg', NULL, NULL, 'dsc-6656.jpg', 1208352391, NULL, '', '', 0, 0, 38, 1),
(532, 'dsc-6657.jpg', NULL, NULL, 'dsc-6657.jpg', 1208352393, NULL, '', '', 0, 0, 38, 1),
(536, 'dsc-6678.jpg', NULL, NULL, 'dsc-6678.jpg', 1208813210, NULL, '', '', 0, 0, 39, 1),
(537, 'dsc-6679.jpg', NULL, NULL, 'dsc-6679.jpg', 1208813213, NULL, '', '', 0, 0, 39, 1),
(538, 'dsc-6683.jpg', NULL, NULL, 'dsc-6683.jpg', 1208813217, NULL, '', '', 0, 0, 39, 1),
(539, 'dsc-6686.jpg', NULL, NULL, 'dsc-6686.jpg', 1208813218, NULL, '', '', 0, 0, 39, 1),
(540, 'dsc-6689.jpg', NULL, NULL, 'dsc-6689.jpg', 1208813220, NULL, '', '', 0, 0, 39, 1),
(541, 'dsc-6692.jpg', NULL, NULL, 'dsc-6692.jpg', 1208813221, NULL, '', '', 0, 0, 39, 1),
(542, 'dsc-6694.jpg', NULL, NULL, 'dsc-6694.jpg', 1208813223, NULL, '', '', 0, 0, 39, 1),
(543, 'dsc-6695.jpg', NULL, NULL, 'dsc-6695.jpg', 1208813225, NULL, '', '', 0, 0, 39, 1),
(544, 'dsc-6702.jpg', NULL, NULL, 'dsc-6702.jpg', 1208813226, NULL, '', '', 0, 0, 39, 1),
(545, 'dsc-6706.jpg', NULL, NULL, 'dsc-6706.jpg', 1208813228, NULL, '', '', 0, 0, 39, 1),
(546, 'dsc-6709.jpg', NULL, NULL, 'dsc-6709.jpg', 1208813229, NULL, '', '', 0, 0, 39, 1),
(547, 'dsc-6716.jpg', NULL, NULL, 'dsc-6716.jpg', 1208813231, NULL, '', '', 0, 0, 39, 1),
(548, 'dsc-6723.jpg', NULL, NULL, 'dsc-6723.jpg', 1208813232, NULL, '', '', 0, 0, 39, 1),
(549, 'dsc-6725.jpg', NULL, NULL, 'dsc-6725.jpg', 1208813234, NULL, '', '', 0, 0, 39, 1),
(550, 'dsc-6732.jpg', NULL, NULL, 'dsc-6732.jpg', 1208813235, NULL, '', '', 0, 0, 39, 1),
(551, 'dsc-6739.jpg', NULL, NULL, 'dsc-6739.jpg', 1208813237, NULL, '', '', 0, 0, 39, 1),
(552, 'dsc-6744.jpg', NULL, NULL, 'dsc-6744.jpg', 1208813239, NULL, '', '', 0, 0, 39, 1),
(553, 'dsc-6748.jpg', NULL, NULL, 'dsc-6748.jpg', 1208813240, NULL, '', '', 0, 0, 39, 1),
(554, 'dsc-6751.jpg', NULL, NULL, 'dsc-6751.jpg', 1208813242, NULL, '', '', 0, 0, 39, 1),
(555, 'dsc-6754.jpg', NULL, NULL, 'dsc-6754.jpg', 1208813243, NULL, '', '', 0, 0, 39, 1),
(556, 'dsc-6775.jpg', NULL, NULL, 'dsc-6775.jpg', 1209317936, NULL, '', '', 0, 0, 40, 1),
(557, 'dsc-6777.jpg', NULL, NULL, 'dsc-6777.jpg', 1209317940, NULL, '', '', 0, 0, 40, 1),
(558, 'dsc-6779.jpg', NULL, NULL, 'dsc-6779.jpg', 1209317941, NULL, '', '', 0, 0, 40, 1),
(559, 'dsc-6781.jpg', NULL, NULL, 'dsc-6781.jpg', 1209317943, NULL, '', '', 0, 0, 40, 1),
(560, 'dsc-6784.jpg', NULL, NULL, 'dsc-6784.jpg', 1209317944, NULL, '', '', 0, 0, 40, 1),
(561, 'dsc-6785.jpg', NULL, NULL, 'dsc-6785.jpg', 1209317946, NULL, '', '', 0, 0, 40, 1),
(562, 'dsc-6792.jpg', NULL, NULL, 'dsc-6792.jpg', 1209317948, NULL, '', '', 0, 0, 40, 1),
(563, 'dsc-6793.jpg', NULL, NULL, 'dsc-6793.jpg', 1209317949, NULL, '', '', 0, 0, 40, 1),
(564, 'dsc-6796.jpg', NULL, NULL, 'dsc-6796.jpg', 1209317951, NULL, '', '', 0, 0, 40, 1),
(565, 'dsc-6797.jpg', NULL, NULL, 'dsc-6797.jpg', 1209317952, NULL, '', '', 0, 0, 40, 1),
(566, 'dsc-6798.jpg', NULL, NULL, 'dsc-6798.jpg', 1209317954, NULL, '', '', 0, 0, 40, 1),
(567, 'dsc-6799.jpg', NULL, NULL, 'dsc-6799.jpg', 1209317956, NULL, '', '', 0, 0, 40, 1),
(568, 'dsc-6800.jpg', NULL, NULL, 'dsc-6800.jpg', 1209317957, NULL, '', '', 0, 0, 40, 1),
(569, 'dsc-6801.jpg', NULL, NULL, 'dsc-6801.jpg', 1209317961, NULL, '', '', 0, 0, 40, 1),
(570, 'dsc-6807.jpg', NULL, NULL, 'dsc-6807.jpg', 1209317962, NULL, '', '', 0, 0, 40, 1),
(571, 'dsc-6808.jpg', NULL, NULL, 'dsc-6808.jpg', 1209317964, NULL, '', '', 0, 0, 40, 1),
(572, 'dsc-6809.jpg', NULL, NULL, 'dsc-6809.jpg', 1209317965, NULL, '', '', 0, 0, 40, 1),
(573, 'dsc-6811.jpg', NULL, NULL, 'dsc-6811.jpg', 1209317967, NULL, '', '', 0, 0, 40, 1),
(574, 'dsc-6814.jpg', NULL, NULL, 'dsc-6814.jpg', 1209317969, NULL, '', '', 0, 0, 40, 1),
(575, 'dsc-6817.jpg', NULL, NULL, 'dsc-6817.jpg', 1209317972, NULL, '', '', 0, 0, 40, 1),
(576, 'dsc-6819.jpg', NULL, NULL, 'dsc-6819.jpg', 1209739539, 'Kubina zaměstnáme vývojem algoritmu na výpočet poměru přísad a nakrájíme kořenovou zeleninu (mrkev, petržel, celer v poměru 8:5:5) a cibuli.', '', '', 0, 0, 41, 1),
(577, 'dsc-6820.jpg', NULL, NULL, 'dsc-6820.jpg', 1209739541, 'Svíčkovou nasolíme a opepříme…', '', '', 0, 0, 41, 1),
(594, 'dsc-6911.jpg', NULL, NULL, 'dsc-6911.jpg', 1209973835, NULL, '', '', 0, 0, 42, 1),
(579, 'dsc-6826.jpg', NULL, NULL, 'dsc-6826.jpg', 1209739544, '…a zabalíme do plátků anglické slaniny.', '', '', 0, 0, 41, 1),
(580, 'dsc-6827.jpg', NULL, NULL, 'dsc-6827.jpg', 1209739546, 'Na másle zpěníme něco cibulky…', '', '', 0, 0, 41, 1),
(581, 'dsc-6830.jpg', NULL, NULL, 'dsc-6830.jpg', 1209739548, 'Samozřejmě nesmíme zapomenout, že na vaření je nejdůležitější podlévání…', '', '', 0, 0, 41, 1),
(582, 'dsc-6831.jpg', NULL, NULL, 'dsc-6831.jpg', 1209739549, 'K cibulce přidáme nakrájenou zeleninu a krátce osmahneme.', '', '', 0, 0, 41, 1),
(593, 'dsc-6900.jpg', NULL, NULL, 'dsc-6900.jpg', 1209973833, '', '', '', 0, 0, 42, 1),
(584, 'dsc-6838.jpg', NULL, NULL, 'dsc-6838.jpg', 1209739554, 'Celou směs podlijeme připraveným bujónem, vložíme svíčkovou, pár zrnek celého pepře, dva ks vavřínu (bobkový list), 2 zrnka nového koření, přikryjeme pokličkou…', '', '', 0, 0, 41, 1),
(585, 'dsc-6839.jpg', NULL, NULL, 'dsc-6839.jpg', 1209739556, '… a vložíme do rozehřáté trouby.', '', '', 0, 0, 41, 1),
(586, 'dsc-6842.jpg', NULL, NULL, 'dsc-6842.jpg', 1209739558, 'Pak jdeme na zahradu, pijeme kávu, kouříme…', '', '', 0, 0, 41, 1),
(587, 'dsc-6843.jpg', NULL, NULL, 'dsc-6843.jpg', 1209739559, '…a fotíme pampelišky :-)', '', '', 0, 0, 41, 1),
(588, 'dsc-6845.jpg', NULL, NULL, 'dsc-6845.jpg', 1209739561, 'Po zhruba 1,5 hodině vyjmeme upečenou svíčkovou z hrnce, přemístíme ji do pekáče a dáme prohřát do již vypnuté trouby.', '', '', 0, 0, 41, 1),
(589, 'dsc-6850.jpg', NULL, NULL, 'dsc-6850.jpg', 1209739563, 'Upečenou zeleninu s bujónem propasírujeme přes síto…', '', '', 0, 0, 41, 1),
(590, 'dsc-6851.jpg', NULL, NULL, 'dsc-6851.jpg', 1209739564, 'zahustíme zakysanou smetanou (200ml, nebo podle chuti) a prohřejeme. Ohřejeme houskový knedlík, svíčkovou nakrájíme na plátky, přelejem teplou omáčkou…', '', '', 0, 0, 41, 1),
(591, 'dsc-6853.jpg', NULL, NULL, 'dsc-6853.jpg', 1209739566, 'a podáváme.', '', '', 0, 0, 41, 1),
(592, 'dsc-6854.jpg', NULL, NULL, 'dsc-6854.jpg', 1209739569, 'A samozřejmě vychutnáváme.', '', '', 0, 0, 41, 1),
(595, 'dsc-6914.jpg', NULL, NULL, 'dsc-6914.jpg', 1209973837, NULL, '', '', 0, 0, 42, 1),
(596, 'dsc-6915.jpg', NULL, NULL, 'dsc-6915.jpg', 1209973838, NULL, '', '', 0, 0, 42, 1),
(597, 'dsc-6917.jpg', NULL, NULL, 'dsc-6917.jpg', 1209973840, NULL, '', '', 0, 0, 42, 1),
(598, 'dsc-6919.jpg', NULL, NULL, 'dsc-6919.jpg', 1209973842, NULL, '', '', 0, 0, 42, 1),
(599, 'dsc-6925.jpg', NULL, NULL, 'dsc-6925.jpg', 1209973843, NULL, '', '', 0, 0, 42, 1),
(600, 'dsc-6936.jpg', NULL, NULL, 'dsc-6936.jpg', 1209973845, NULL, '', '', 0, 0, 42, 1),
(601, 'dsc-6938.jpg', NULL, NULL, 'dsc-6938.jpg', 1209973846, NULL, '', '', 0, 0, 42, 1),
(602, 'dsc-6942.jpg', NULL, NULL, 'dsc-6942.jpg', 1209973848, NULL, '', '', 0, 0, 42, 1),
(603, 'dsc-6947.jpg', NULL, NULL, 'dsc-6947.jpg', 1209973850, NULL, '', '', 0, 0, 42, 1),
(604, 'dsc-6953.jpg', NULL, NULL, 'dsc-6953.jpg', 1209973851, NULL, '', '', 0, 0, 42, 1),
(605, 'dsc-6956.jpg', NULL, NULL, 'dsc-6956.jpg', 1209973853, NULL, '', '', 0, 0, 42, 1),
(606, 'dsc-6963.jpg', NULL, NULL, 'dsc-6963.jpg', 1209973854, NULL, '', '', 0, 0, 42, 1),
(607, 'dsc-6964.jpg', NULL, NULL, 'dsc-6964.jpg', 1209973856, NULL, '', '', 0, 0, 42, 1),
(608, 'dsc-6972.jpg', NULL, NULL, 'dsc-6972.jpg', 1209973858, NULL, '', '', 0, 0, 42, 1),
(609, 'dsc-6974.jpg', NULL, NULL, 'dsc-6974.jpg', 1209973859, NULL, '', '', 0, 0, 42, 1),
(610, 'dsc-6980.jpg', NULL, NULL, 'dsc-6980.jpg', 1209973861, NULL, '', '', 0, 0, 42, 1),
(611, 'dsc-6862.jpg', NULL, NULL, 'dsc-6862.jpg', 1209973864, NULL, '', '', 0, 0, 42, 1),
(612, 'dsc-6866.jpg', NULL, NULL, 'dsc-6866.jpg', 1209973866, NULL, '', '', 0, 0, 42, 1),
(613, 'dsc-6874.jpg', NULL, NULL, 'dsc-6874.jpg', 1209973867, NULL, '', '', 0, 0, 42, 1),
(614, 'dsc-6877.jpg', NULL, NULL, 'dsc-6877.jpg', 1209973871, NULL, '', '', 0, 0, 42, 1),
(615, 'dsc-6879.jpg', NULL, NULL, 'dsc-6879.jpg', 1209973873, NULL, '', '', 0, 0, 42, 1),
(616, 'dsc-6881.jpg', NULL, NULL, 'dsc-6881.jpg', 1209973874, NULL, '', '', 0, 0, 42, 1),
(617, 'dsc-6889.jpg', NULL, NULL, 'dsc-6889.jpg', 1209973876, NULL, '', '', 0, 0, 42, 1),
(618, 'dsc-6891.jpg', NULL, NULL, 'dsc-6891.jpg', 1209973877, NULL, '', '', 0, 0, 42, 1),
(619, 'dsc-6898.jpg', NULL, NULL, 'dsc-6898.jpg', 1209973879, NULL, '', '', 0, 0, 42, 1),
(620, 'dscf2892.jpg', NULL, NULL, 'dscf2892.jpg', 1209987917, NULL, '', '', 0, 0, 43, 1),
(621, 'dscf2897.jpg', NULL, NULL, 'dscf2897.jpg', 1209987920, NULL, '', '', 0, 0, 43, 1),
(622, 'dscf2900.jpg', NULL, NULL, 'dscf2900.jpg', 1209987923, NULL, '', '', 0, 0, 43, 1),
(623, 'dscf2903.jpg', NULL, NULL, 'dscf2903.jpg', 1209987925, NULL, '', '', 0, 0, 43, 1),
(624, 'dscf2928.jpg', NULL, NULL, 'dscf2928.jpg', 1209987926, NULL, '', '', 0, 0, 43, 1),
(625, 'dscf2931.jpg', NULL, NULL, 'dscf2931.jpg', 1209987928, NULL, '', '', 0, 0, 43, 1),
(626, 'dscf2932.jpg', NULL, NULL, 'dscf2932.jpg', 1209987932, NULL, '', '', 0, 0, 43, 1),
(627, 'dscf2933.jpg', NULL, NULL, 'dscf2933.jpg', 1209987934, NULL, '', '', 0, 0, 43, 1),
(628, 'dscf2938.jpg', NULL, NULL, 'dscf2938.jpg', 1209987937, NULL, '', '', 0, 0, 43, 1),
(629, 'dscf2939.jpg', NULL, NULL, 'dscf2939.jpg', 1209987941, NULL, '', '', 0, 0, 43, 1),
(630, 'dscf2943.jpg', NULL, NULL, 'dscf2943.jpg', 1209987943, NULL, '', '', 0, 0, 43, 1),
(631, 'dscf2947.jpg', NULL, NULL, 'dscf2947.jpg', 1209987946, NULL, '', '', 0, 0, 43, 1),
(632, 'dscf2948.jpg', NULL, NULL, 'dscf2948.jpg', 1209987948, NULL, '', '', 0, 0, 43, 1),
(633, 'dscf2949.jpg', NULL, NULL, 'dscf2949.jpg', 1209987950, NULL, '', '', 0, 0, 43, 1),
(634, 'dscf2952.jpg', NULL, NULL, 'dscf2952.jpg', 1209987951, NULL, '', '', 0, 0, 43, 1),
(635, 'dscf2953.jpg', NULL, NULL, 'dscf2953.jpg', 1209987955, NULL, '', '', 0, 0, 43, 1),
(636, 'dscf2955.jpg', NULL, NULL, 'dscf2955.jpg', 1209987956, NULL, '', '', 0, 0, 43, 1),
(637, 'dscf2960.jpg', NULL, NULL, 'dscf2960.jpg', 1209987958, NULL, '', '', 0, 0, 43, 1),
(638, 'dscf2961.jpg', NULL, NULL, 'dscf2961.jpg', 1209987959, NULL, '', '', 0, 0, 43, 1),
(639, 'dscf2963.jpg', NULL, NULL, 'dscf2963.jpg', 1209987961, NULL, '', '', 0, 0, 43, 1),
(640, 'dscf2965.jpg', NULL, NULL, 'dscf2965.jpg', 1209987963, NULL, '', '', 0, 0, 43, 1),
(641, 'dscf2970.jpg', NULL, NULL, 'dscf2970.jpg', 1209987964, NULL, '', '', 0, 0, 43, 1),
(642, 'dscf2973.jpg', NULL, NULL, 'dscf2973.jpg', 1209987966, NULL, '', '', 0, 0, 43, 1),
(643, 'dscf2974.jpg', NULL, NULL, 'dscf2974.jpg', 1209987968, NULL, '', '', 0, 0, 43, 1),
(644, 'dscf2975.jpg', NULL, NULL, 'dscf2975.jpg', 1209987969, NULL, '', '', 0, 0, 43, 1),
(645, 'dscf2976.jpg', NULL, NULL, 'dscf2976.jpg', 1209987971, NULL, '', '', 0, 0, 43, 1),
(646, 'dscf2979.jpg', NULL, NULL, 'dscf2979.jpg', 1209987972, NULL, '', '', 0, 0, 43, 1),
(647, 'dscf2980.jpg', NULL, NULL, 'dscf2980.jpg', 1209987974, NULL, '', '', 0, 0, 43, 1),
(648, 'dscf2982.jpg', NULL, NULL, 'dscf2982.jpg', 1209987976, NULL, '', '', 0, 0, 43, 1),
(649, 'dscf2987.jpg', NULL, NULL, 'dscf2987.jpg', 1209987977, NULL, '', '', 0, 0, 43, 1),
(650, 'dscf2998.jpg', NULL, NULL, 'dscf2998.jpg', 1209987979, NULL, '', '', 0, 0, 43, 1),
(651, 'dscf2999.jpg', NULL, NULL, 'dscf2999.jpg', 1209987981, NULL, '', '', 0, 0, 43, 1),
(652, 'panorama.jpg', NULL, NULL, 'panorama.jpg', 1209987981, NULL, '', '', 0, 0, 43, 1),
(653, 'dscf29781.jpg', NULL, NULL, 'dscf29781.jpg', 1209987984, NULL, '', '', 0, 0, 43, 1),
(654, 'dscf3000.jpg', NULL, NULL, 'dscf3000.jpg', 1209987986, NULL, '', '', 0, 0, 43, 1),
(655, 'dscf3001.jpg', NULL, NULL, 'dscf3001.jpg', 1209987988, NULL, '', '', 0, 0, 43, 1),
(656, 'dscf3009.jpg', NULL, NULL, 'dscf3009.jpg', 1209987989, NULL, '', '', 0, 0, 43, 1),
(657, 'dscf3010.jpg', NULL, NULL, 'dscf3010.jpg', 1209987991, NULL, '', '', 0, 0, 43, 1),
(658, 'dscf3011.jpg', NULL, NULL, 'dscf3011.jpg', 1209987993, NULL, '', '', 0, 0, 43, 1),
(659, 'dscf3014.jpg', NULL, NULL, 'dscf3014.jpg', 1209987994, NULL, '', '', 0, 0, 43, 1),
(660, 'dscf3016.jpg', NULL, NULL, 'dscf3016.jpg', 1209987996, NULL, '', '', 0, 0, 43, 1),
(661, 'dscf3023.jpg', NULL, NULL, 'dscf3023.jpg', 1209987999, NULL, '', '', 0, 0, 43, 1),
(662, 'dscf3026.jpg', NULL, NULL, 'dscf3026.jpg', 1209988000, NULL, '', '', 0, 0, 43, 1),
(663, 'pan2-copy.jpg', NULL, NULL, 'pan2-copy.jpg', 1209988002, NULL, '', '', 0, 0, 43, 1),
(664, 'pan1.jpg', NULL, NULL, 'pan1.jpg', 1209988003, NULL, '', '', 0, 0, 43, 1),
(665, 'dsc-5224.jpg', NULL, NULL, 'dsc-5224.jpg', 1209988742, NULL, '', '', 0, 0, 44, 1),
(666, 'dsc-5227.jpg', NULL, NULL, 'dsc-5227.jpg', 1209988743, NULL, '', '', 0, 0, 44, 1),
(667, 'dsc-5230.jpg', NULL, NULL, 'dsc-5230.jpg', 1209988745, NULL, '', '', 0, 0, 44, 1),
(668, 'dsc-5234.jpg', NULL, NULL, 'dsc-5234.jpg', 1209988746, NULL, '', '', 0, 0, 44, 1),
(669, 'dsc-5238.jpg', NULL, NULL, 'dsc-5238.jpg', 1209988748, NULL, '', '', 0, 0, 44, 1),
(670, 'dsc-5242.jpg', NULL, NULL, 'dsc-5242.jpg', 1209988750, NULL, '', '', 0, 0, 44, 1),
(671, 'dsc-5246.jpg', NULL, NULL, 'dsc-5246.jpg', 1209988751, NULL, '', '', 0, 0, 44, 1),
(672, 'dsc-5247.jpg', NULL, NULL, 'dsc-5247.jpg', 1209988753, NULL, '', '', 0, 0, 44, 1),
(673, 'dsc-5248.jpg', NULL, NULL, 'dsc-5248.jpg', 1209988756, NULL, '', '', 0, 0, 44, 1),
(674, 'dsc-5250.jpg', NULL, NULL, 'dsc-5250.jpg', 1209988758, NULL, '', '', 0, 0, 44, 1),
(675, 'dsc-5253.jpg', NULL, NULL, 'dsc-5253.jpg', 1209988759, NULL, '', '', 0, 0, 44, 1),
(676, 'dsc-5266.jpg', NULL, NULL, 'dsc-5266.jpg', 1209988761, NULL, '', '', 0, 0, 44, 1),
(677, 'dsc-5268.jpg', NULL, NULL, 'dsc-5268.jpg', 1209988762, NULL, '', '', 0, 0, 44, 1),
(678, 'dsc-5277.jpg', NULL, NULL, 'dsc-5277.jpg', 1209988766, NULL, '', '', 0, 0, 44, 1),
(679, 'dsc-5281.jpg', NULL, NULL, 'dsc-5281.jpg', 1209988767, NULL, '', '', 0, 0, 44, 1),
(680, 'dsc-5303.jpg', NULL, NULL, 'dsc-5303.jpg', 1209988769, NULL, '', '', 0, 0, 44, 1),
(681, 'dsc-5311.jpg', NULL, NULL, 'dsc-5311.jpg', 1209988771, NULL, '', '', 0, 0, 44, 1),
(682, 'dsc-5329.jpg', NULL, NULL, 'dsc-5329.jpg', 1209988774, NULL, '', '', 0, 0, 44, 1),
(683, 'dscf2786.jpg', NULL, NULL, 'dscf2786.jpg', 1209989364, NULL, '', '', 0, 0, 45, 1),
(684, 'dscf2789.jpg', NULL, NULL, 'dscf2789.jpg', 1209989365, NULL, '', '', 0, 0, 45, 1),
(685, 'dscf2792.jpg', NULL, NULL, 'dscf2792.jpg', 1209989367, NULL, '', '', 0, 0, 45, 1),
(686, 'dscf2793.jpg', NULL, NULL, 'dscf2793.jpg', 1209989370, NULL, '', '', 0, 0, 45, 1),
(687, 'dscf2801.jpg', NULL, NULL, 'dscf2801.jpg', 1209989372, NULL, '', '', 0, 0, 45, 1),
(688, 'dscf2806.jpg', NULL, NULL, 'dscf2806.jpg', 1209989373, NULL, '', '', 0, 0, 45, 1),
(689, 'dscf2809.jpg', NULL, NULL, 'dscf2809.jpg', 1209989375, NULL, '', '', 0, 0, 45, 1),
(690, 'dscf2814.jpg', NULL, NULL, 'dscf2814.jpg', 1209989377, NULL, '', '', 0, 0, 45, 1),
(691, 'dscf2815.jpg', NULL, NULL, 'dscf2815.jpg', 1209989378, NULL, '', '', 0, 0, 45, 1),
(692, 'dscf2818.jpg', NULL, NULL, 'dscf2818.jpg', 1209989380, NULL, '', '', 0, 0, 45, 1),
(693, 'dscf2820.jpg', NULL, NULL, 'dscf2820.jpg', 1209989381, NULL, '', '', 0, 0, 45, 1),
(694, 'dscf2821.jpg', NULL, NULL, 'dscf2821.jpg', 1209989383, NULL, '', '', 0, 0, 45, 1),
(695, 'dscf2824.jpg', NULL, NULL, 'dscf2824.jpg', 1209989385, NULL, '', '', 0, 0, 45, 1),
(696, 'dscf2826.jpg', NULL, NULL, 'dscf2826.jpg', 1209989386, NULL, '', '', 0, 0, 45, 1),
(697, 'dscf2828.jpg', NULL, NULL, 'dscf2828.jpg', 1209989388, NULL, '', '', 0, 0, 45, 1),
(698, 'dscf2829.jpg', NULL, NULL, 'dscf2829.jpg', 1209989389, NULL, '', '', 0, 0, 45, 1),
(699, 'dscf2831.jpg', NULL, NULL, 'dscf2831.jpg', 1209989391, NULL, '', '', 0, 0, 45, 1);
INSERT INTO `vypecky_photos` (`id_photo`, `label_cs`, `label_en`, `label_de`, `file`, `time`, `text_cs`, `text_en`, `text_de`, `height`, `width`, `id_galery`, `id_user`) VALUES 
(700, 'dscf2834.jpg', NULL, NULL, 'dscf2834.jpg', 1209989392, NULL, '', '', 0, 0, 45, 1),
(701, 'dscf2836.jpg', NULL, NULL, 'dscf2836.jpg', 1209989396, NULL, '', '', 0, 0, 45, 1),
(702, 'dscf2838.jpg', NULL, NULL, 'dscf2838.jpg', 1209989397, NULL, '', '', 0, 0, 45, 1),
(703, 'dscf2840.jpg', NULL, NULL, 'dscf2840.jpg', 1209989399, NULL, '', '', 0, 0, 45, 1),
(704, 'dscf2843.jpg', NULL, NULL, 'dscf2843.jpg', 1209989400, NULL, '', '', 0, 0, 45, 1),
(705, 'dscf2852.jpg', NULL, NULL, 'dscf2852.jpg', 1209989402, NULL, '', '', 0, 0, 45, 1),
(706, 'dscf2857.jpg', NULL, NULL, 'dscf2857.jpg', 1209989405, NULL, '', '', 0, 0, 45, 1),
(707, 'dscf2858.jpg', NULL, NULL, 'dscf2858.jpg', 1209989408, NULL, '', '', 0, 0, 45, 1),
(708, 'dscf2864.jpg', NULL, NULL, 'dscf2864.jpg', 1209989411, NULL, '', '', 0, 0, 45, 1),
(709, 'dscf2865.jpg', NULL, NULL, 'dscf2865.jpg', 1209989414, NULL, '', '', 0, 0, 45, 1),
(710, 'dscf2866.jpg', NULL, NULL, 'dscf2866.jpg', 1209989418, NULL, '', '', 0, 0, 45, 1),
(711, 'dscf2869.jpg', NULL, NULL, 'dscf2869.jpg', 1209989422, NULL, '', '', 0, 0, 45, 1),
(712, 'dscf2870.jpg', NULL, NULL, 'dscf2870.jpg', 1209989423, NULL, '', '', 0, 0, 45, 1),
(758, 'napis.jpg', NULL, NULL, 'napis.jpg', 1211129253, '', '', '', 0, 0, 46, 1),
(717, 'plavba.jpg', NULL, NULL, 'plavba.jpg', 1211018098, '', '', '', 0, 0, 46, 1),
(718, 'dscf4223.jpg', NULL, NULL, 'dscf4223.jpg', 1211018099, '', '', '', 0, 0, 46, 1),
(760, 'klaster.jpg', NULL, NULL, 'klaster.jpg', 1211129256, '', '', '', 0, 0, 46, 1),
(720, 'dscf4229.jpg', NULL, NULL, 'dscf4229.jpg', 1211018103, '', '', '', 0, 0, 46, 1),
(721, 'dscf4244.jpg', NULL, NULL, 'dscf4244.jpg', 1211018109, '', '', '', 0, 0, 46, 1),
(723, 'dscf4273.jpg', NULL, NULL, 'dscf4273.jpg', 1211018114, '', '', '', 0, 0, 46, 1),
(759, 'zatoka-2.jpg', NULL, NULL, 'zatoka-2.jpg', 1211129255, '', '', '', 0, 0, 46, 1),
(726, 'dscf4277.jpg', NULL, NULL, 'dscf4277.jpg', 1211018121, '', '', '', 0, 0, 46, 1),
(727, 'dscf4278.jpg', NULL, NULL, 'dscf4278.jpg', 1211018123, '', '', '', 0, 0, 46, 1),
(728, 'dscf4285.jpg', NULL, NULL, 'dscf4285.jpg', 1211018124, '', '', '', 0, 0, 46, 1),
(729, 'dscf4293.jpg', NULL, NULL, 'dscf4293.jpg', 1211018126, '', '', '', 0, 0, 46, 1),
(730, 'dscf4298.jpg', NULL, NULL, 'dscf4298.jpg', 1211018131, '', '', '', 0, 0, 46, 1),
(765, '2008-04-18-04.jpg', NULL, NULL, '2008-04-18-04.jpg', 1211382083, 'Geodetic Hero', '', '', 0, 0, 47, 1),
(732, 'dscf4306.jpg', NULL, NULL, 'dscf4306.jpg', 1211018140, '', '', '', 0, 0, 46, 1),
(734, 'dscf4309.jpg', NULL, NULL, 'dscf4309.jpg', 1211018143, '', '', '', 0, 0, 46, 1),
(735, 'dscf4312.jpg', NULL, NULL, 'dscf4312.jpg', 1211018145, '', '', '', 0, 0, 46, 1),
(764, '2008-04-17-08.jpg', NULL, NULL, '2008-04-17-08.jpg', 1211382052, 'Jak nám sladce spinká (čtvrtek, 12:30)', '', '', 0, 0, 47, 1),
(737, 'dscf4315.jpg', NULL, NULL, 'dscf4315.jpg', 1211018148, '', '', '', 0, 0, 46, 1),
(738, 'dscf4331.jpg', NULL, NULL, 'dscf4331.jpg', 1211018150, '', '', '', 0, 0, 46, 1),
(739, 'dscf4336.jpg', NULL, NULL, 'dscf4336.jpg', 1211018151, '', '', '', 0, 0, 46, 1),
(740, 'dscf4337.jpg', NULL, NULL, 'dscf4337.jpg', 1211018153, '', '', '', 0, 0, 46, 1),
(763, '2008-04-14-09.jpg', NULL, NULL, '2008-04-14-09.jpg', 1211382015, 'Létající muž', '', '', 0, 0, 47, 1),
(742, 'dscf4339.jpg', NULL, NULL, 'dscf4339.jpg', 1211018156, '', '', '', 0, 0, 46, 1),
(743, 'dscf4341.jpg', NULL, NULL, 'dscf4341.jpg', 1211018159, '', '', '', 0, 0, 46, 1),
(744, 'dscf4346.jpg', NULL, NULL, 'dscf4346.jpg', 1211018161, '', '', '', 0, 0, 46, 1),
(746, 'dscf4354.jpg', NULL, NULL, 'dscf4354.jpg', 1211018166, '', '', '', 0, 0, 46, 1),
(747, 'dscf4362.jpg', NULL, NULL, 'dscf4362.jpg', 1211018169, '', '', '', 0, 0, 46, 1),
(748, 'dscf4369.jpg', NULL, NULL, 'dscf4369.jpg', 1211018170, '', '', '', 0, 0, 46, 1),
(749, 'dscf4370.jpg', NULL, NULL, 'dscf4370.jpg', 1211018172, '', '', '', 0, 0, 46, 1),
(762, '2008-04-14-07.jpg', NULL, NULL, '2008-04-14-07.jpg', 1211381976, 'Jak elegantně Ondřej padá :-)', '', '', 0, 0, 47, 1),
(751, 'dscf4396.jpg', NULL, NULL, 'dscf4396.jpg', 1211018177, '', '', '', 0, 0, 46, 1),
(752, 'dscf4400.jpg', NULL, NULL, 'dscf4400.jpg', 1211018180, '', '', '', 0, 0, 46, 1),
(753, 'dscf4407.jpg', NULL, NULL, 'dscf4407.jpg', 1211018182, '', '', '', 0, 0, 46, 1),
(754, 'dscf4409.jpg', NULL, NULL, 'dscf4409.jpg', 1211018185, '', '', '', 0, 0, 46, 1),
(755, 'dscf4419.jpg', NULL, NULL, 'dscf4419.jpg', 1211018186, '', '', '', 0, 0, 46, 1),
(756, 'dscf4421.jpg', NULL, NULL, 'dscf4421.jpg', 1211018188, '', '', '', 0, 0, 46, 1),
(766, '2008-04-19-06.jpg', NULL, NULL, '2008-04-19-06.jpg', 1211382122, '... že prý kamarádi', '', '', 0, 0, 47, 1),
(771, '2008-04-22-17.jpg', NULL, NULL, '2008-04-22-17.jpg', 1211382351, 'Za svítání na střeše, prostě romatika', '', '', 0, 0, 47, 1),
(768, '2008-04-21-031.jpg', NULL, NULL, '2008-04-21-031.jpg', 1211382188, 'Zdravotní procházka na Rudické propadání', '', '', 0, 0, 47, 1),
(770, '2008-04-21-141.jpg', NULL, NULL, '2008-04-21-141.jpg', 1211382257, 'Kytarista...', '', '', 0, 0, 47, 1),
(772, '2008-04-23-01.jpg', NULL, NULL, '2008-04-23-01.jpg', 1211382407, 'půl druhé odpoledne...', '', '', 0, 0, 47, 1),
(773, '2008-04-23-03.jpg', NULL, NULL, '2008-04-23-03.jpg', 1211382481, 'Pracovní skupinka č. 1, tihle lidi dohromady opravdu pracovali!!! (=vyvíjeli naprosto zbytečnou geodetickou činnost)', '', '', 0, 0, 47, 1),
(775, 'dsc-7062.jpg', NULL, NULL, 'dsc-7062.jpg', 1211469140, 'Jenyk s mapkou - výlet na Petřkovickou hůrku', '', '', 0, 0, 50, 1),
(776, 'dsc-7065.jpg', NULL, NULL, 'dsc-7065.jpg', 1211469141, '', '', '', 0, 0, 50, 1),
(777, 'dsc-7070.jpg', NULL, NULL, 'dsc-7070.jpg', 1211469143, '', '', '', 0, 0, 50, 1),
(778, 'pano1.jpg', NULL, NULL, 'pano1.jpg', 1211469144, 'Pod Petřkovickou hůrkou', '', '', 0, 0, 50, 1),
(779, 'dsc-7073.jpg', NULL, NULL, 'dsc-7073.jpg', 1211469146, '', '', '', 0, 0, 50, 1),
(780, 'dsc-7076.jpg', NULL, NULL, 'dsc-7076.jpg', 1211469149, '', '', '', 0, 0, 50, 1),
(799, 'dsc-7012.jpg', NULL, NULL, 'dsc-7012.jpg', 1211795865, '', '', '', 0, 0, 50, 1),
(782, 'dsc-7103.jpg', NULL, NULL, 'dsc-7103.jpg', 1211469152, '', '', '', 0, 0, 50, 1),
(783, 'dsc-7107.jpg', NULL, NULL, 'dsc-7107.jpg', 1211469154, 'nová dimenze podnikatelského baroka :-D', '', '', 0, 0, 50, 1),
(784, 'dsc-7118.jpg', NULL, NULL, 'dsc-7118.jpg', 1211469156, 'studující Pavlik', '', '', 0, 0, 50, 1),
(785, 'dsc-7120.jpg', NULL, NULL, 'dsc-7120.jpg', 1211469157, 'U sestry na privátě', '', '', 0, 0, 50, 1),
(786, 'dsc-7122.jpg', NULL, NULL, 'dsc-7122.jpg', 1211469159, '', '', '', 0, 0, 50, 1),
(787, 'dsc-7131.jpg', NULL, NULL, 'dsc-7131.jpg', 1211469162, '', '', '', 0, 0, 50, 1),
(789, 'dsc-7139.jpg', NULL, NULL, 'dsc-7139.jpg', 1211469165, 'Hooverphonic v Konviktu', '', '', 0, 0, 50, 1),
(790, 'dsc-7144.jpg', NULL, NULL, 'dsc-7144.jpg', 1211469168, 'Zázraky lidové tvořivosti', '', '', 0, 0, 50, 1),
(791, 'dsc-7152.jpg', NULL, NULL, 'dsc-7152.jpg', 1211469170, '', '', '', 0, 0, 50, 1),
(792, 'dsc-7153.jpg', NULL, NULL, 'dsc-7153.jpg', 1211469172, '', '', '', 0, 0, 50, 1),
(798, 'dsc-7004.jpg', NULL, NULL, 'dsc-7004.jpg', 1211795863, '', '', '', 0, 0, 50, 1),
(794, 'dsc-7162.jpg', NULL, NULL, 'dsc-7162.jpg', 1211469177, '', '', '', 0, 0, 50, 1),
(795, 'dsc-7168.jpg', NULL, NULL, 'dsc-7168.jpg', 1211469178, '', '', '', 0, 0, 50, 1),
(796, 'dsc-7172.jpg', NULL, NULL, 'dsc-7172.jpg', 1211469180, '', '', '', 0, 0, 50, 1),
(797, 'dsc-7176.jpg', NULL, NULL, 'dsc-7176.jpg', 1211469181, '', '', '', 0, 0, 50, 1),
(800, 'dsc-7022.jpg', NULL, NULL, 'dsc-7022.jpg', 1211795867, '', '', '', 0, 0, 50, 1),
(801, 'dsc-7028.jpg', NULL, NULL, 'dsc-7028.jpg', 1211795868, '', '', '', 0, 0, 50, 1),
(802, 'dsc-7036.jpg', NULL, NULL, 'dsc-7036.jpg', 1211795870, '', '', '', 0, 0, 50, 1),
(803, 'dsc-7045.jpg', NULL, NULL, 'dsc-7045.jpg', 1211795871, '', '', '', 0, 0, 50, 1),
(809, 'dsc-7049.jpg', NULL, NULL, 'dsc-7049.jpg', 1211796126, '', '', '', 0, 0, 50, 1),
(808, 'dsc-7054.jpg', NULL, NULL, 'dsc-7054.jpg', 1211796106, '', '', '', 0, 0, 50, 1),
(807, 'dsc-7057.jpg', NULL, NULL, 'dsc-7057.jpg', 1211796085, '', '', '', 0, 0, 50, 1);
