-- phpMyAdmin SQL Dump
-- version 3.2.2.1deb1
-- http://www.phpmyadmin.net
--
-- Počítač: localhost
-- Vygenerováno: Pondělí 11. ledna 2010, 12:51
-- Verze MySQL: 5.1.37
-- Verze PHP: 5.2.10-2ubuntu6.3

SET SQL_MODE="NO_AUTO_VALUE_ON_ZERO";


/*!40101 SET @OLD_CHARACTER_SET_CLIENT=@@CHARACTER_SET_CLIENT */;
/*!40101 SET @OLD_CHARACTER_SET_RESULTS=@@CHARACTER_SET_RESULTS */;
/*!40101 SET @OLD_COLLATION_CONNECTION=@@COLLATION_CONNECTION */;
/*!40101 SET NAMES utf8 */;

--
-- Databáze: `dev`
--

-- --------------------------------------------------------

--
-- Struktura tabulky `vypecky_actions`
--

DROP TABLE IF EXISTS `vypecky_actions`;
CREATE TABLE IF NOT EXISTS `vypecky_actions` (
  `id_action` smallint(5) unsigned NOT NULL AUTO_INCREMENT,
  `id_category` smallint(5) unsigned NOT NULL,
  `id_user` smallint(5) unsigned NOT NULL,
  `name_cs` varchar(50) CHARACTER SET utf8 COLLATE utf8_czech_ci NOT NULL,
  `text_cs` text CHARACTER SET utf8 COLLATE utf8_czech_ci NOT NULL,
  `urlkey_cs` varchar(200) CHARACTER SET utf8 COLLATE utf8_czech_ci DEFAULT NULL,
  `name_en` varchar(50) DEFAULT NULL,
  `text_en` text,
  `urlkey_en` varchar(200) DEFAULT NULL,
  `name_de` varchar(50) DEFAULT NULL,
  `text_de` text,
  `urlkey_de` varchar(200) DEFAULT NULL,
  `start_date` int(11) DEFAULT NULL,
  `stop_date` int(11) DEFAULT NULL,
  `image` varchar(200) DEFAULT NULL,
  `public` tinyint(1) NOT NULL DEFAULT '1',
  `changed` timestamp NOT NULL DEFAULT CURRENT_TIMESTAMP ON UPDATE CURRENT_TIMESTAMP,
  PRIMARY KEY (`id_action`),
  KEY `id_user` (`id_user`),
  KEY `urlkey_cs` (`urlkey_cs`),
  KEY `urlkey_en` (`urlkey_en`),
  KEY `urlkey_de` (`urlkey_de`),
  FULLTEXT KEY `label_cs` (`name_cs`),
  FULLTEXT KEY `text_cs` (`text_cs`),
  FULLTEXT KEY `label_en` (`name_en`),
  FULLTEXT KEY `text_en` (`text_en`),
  FULLTEXT KEY `label_de` (`name_de`),
  FULLTEXT KEY `text_de` (`text_de`)
) ENGINE=MyISAM  DEFAULT CHARSET=utf8 AUTO_INCREMENT=41 ;

--
-- Vypisuji data pro tabulku `vypecky_actions`
--

INSERT INTO `vypecky_actions` (`id_action`, `id_category`, `id_user`, `name_cs`, `text_cs`, `urlkey_cs`, `name_en`, `text_en`, `urlkey_en`, `name_de`, `text_de`, `urlkey_de`, `start_date`, `stop_date`, `image`, `public`, `changed`) VALUES
(24, 77, 1, 'Dějiny umění', '<h3 class="title">Examples</h3>\r\n<p class="para">&nbsp;</p>\r\n<div class="example">\r\n<p><strong>Example #1&nbsp;<strong>mktime()</strong>&nbsp;example</strong></p>\r\n<div class="para example-contents">\r\n<p><strong>mktime()</strong>&nbsp;is useful for doing date arithmetic and validation, as it will automatically calculate the correct value for out-of-range input. For example, each of the following lines produces the string "Jan-01-1998".</p>\r\n</div>\r\n<div class="programlisting example-contents">\r\n<div class="phpcode"><code><span style="color: #000000;"><span style="color: #0000bb;">&lt;?php<br /></span><span style="color: #007700;">echo&nbsp;</span><span style="color: #0000bb;">date</span><span style="color: #007700;">(</span><span style="color: #dd0000;">"M-d-Y"</span><span style="color: #007700;">,&nbsp;</span><span style="color: #0000bb;">mktime</span><span style="color: #007700;">(</span><span style="color: #0000bb;">0</span><span style="color: #007700;">,&nbsp;</span><span style="color: #0000bb;">0</span><span style="color: #007700;">,&nbsp;</span><span style="color: #0000bb;">0</span><span style="color: #007700;">,&nbsp;</span><span style="color: #0000bb;">12</span><span style="color: #007700;">,&nbsp;</span><span style="color: #0000bb;">32</span><span style="color: #007700;">,&nbsp;</span><span style="color: #0000bb;">1997</span><span style="color: #007700;">));<br />echo&nbsp;</span><span style="color: #0000bb;">date</span><span style="color: #007700;">(</span><span style="color: #dd0000;">"M-d-Y"</span><span style="color: #007700;">,&nbsp;</span><span style="color: #0000bb;">mktime</span><span style="color: #007700;">(</span><span style="color: #0000bb;">0</span><span style="color: #007700;">,&nbsp;</span><span style="color: #0000bb;">0</span><span style="color: #007700;">,&nbsp;</span><span style="color: #0000bb;">0</span><span style="color: #007700;">,&nbsp;</span><span style="color: #0000bb;">13</span><span style="color: #007700;">,&nbsp;</span><span style="color: #0000bb;">1</span><span style="color: #007700;">,&nbsp;</span><span style="color: #0000bb;">1997</span><span style="color: #007700;">));<br />echo&nbsp;</span><span style="color: #0000bb;">date</span><span style="color: #007700;">(</span><span style="color: #dd0000;">"M-d-Y"</span><span style="color: #007700;">,&nbsp;</span><span style="color: #0000bb;">mktime</span><span style="color: #007700;">(</span><span style="color: #0000bb;">0</span><span style="color: #007700;">,&nbsp;</span><span style="color: #0000bb;">0</span><span style="color: #007700;">,&nbsp;</span><span style="color: #0000bb;">0</span><span style="color: #007700;">,&nbsp;</span><span style="color: #0000bb;">1</span><span style="color: #007700;">,&nbsp;</span><span style="color: #0000bb;">1</span><span style="color: #007700;">,&nbsp;</span><span style="color: #0000bb;">1998</span><span style="color: #007700;">));<br />echo&nbsp;</span><span style="color: #0000bb;">date</span><span style="color: #007700;">(</span><span style="color: #dd0000;">"M-d-Y"</span><span style="color: #007700;">,&nbsp;</span><span style="color: #0000bb;">mktime</span><span style="color: #007700;">(</span><span style="color: #0000bb;">0</span><span style="color: #007700;">,&nbsp;</span><span style="color: #0000bb;">0</span><span style="color: #007700;">,&nbsp;</span><span style="color: #0000bb;">0</span><span style="color: #007700;">,&nbsp;</span><span style="color: #0000bb;">1</span><span style="color: #007700;">,&nbsp;</span><span style="color: #0000bb;">1</span><span style="color: #007700;">,&nbsp;</span><span style="color: #0000bb;">98</span><span style="color: #007700;">));<br /></span><span style="color: #0000bb;">?&gt;</span></span></code></div>\r\n</div>\r\n</div>\r\n<p>&nbsp;</p>\r\n<p class="para">&nbsp;</p>\r\n<div class="example">\r\n<p><strong>Example #2 Last day of next month</strong></p>\r\n<div class="para example-contents">\r\n<p>The last day of any given month can be expressed as the "0" day of the next month, not the -1 day. Both of the following examples will produce the string "The last day in Feb 2000 is: 29".</p>\r\n</div>\r\n<div class="programlisting example-contents">\r\n<div class="phpcode"><code><span style="color: #000000;"><span style="color: #0000bb;">&lt;?php<br />$lastday&nbsp;</span><span style="color: #007700;">=&nbsp;</span><span style="color: #0000bb;">mktime</span><span style="color: #007700;">(</span><span style="color: #0000bb;">0</span><span style="color: #007700;">,&nbsp;</span><span style="color: #0000bb;">0</span><span style="color: #007700;">,&nbsp;</span><span style="color: #0000bb;">0</span><span style="color: #007700;">,&nbsp;</span><span style="color: #0000bb;">3</span><span style="color: #007700;">,&nbsp;</span><span style="color: #0000bb;">0</span><span style="color: #007700;">,&nbsp;</span><span style="color: #0000bb;">2000</span><span style="color: #007700;">);<br />echo&nbsp;</span><span style="color: #0000bb;">strftime</span><span style="color: #007700;">(</span><span style="color: #dd0000;">"Last&nbsp;day&nbsp;in&nbsp;Feb&nbsp;2000&nbsp;is:&nbsp;%d"</span><span style="color: #007700;">,&nbsp;</span><span style="color: #0000bb;">$lastday</span><span style="color: #007700;">);<br /></span><span style="color: #0000bb;">$lastday&nbsp;</span><span style="color: #007700;">=&nbsp;</span><span style="color: #0000bb;">mktime</span><span style="color: #007700;">(</span><span style="color: #0000bb;">0</span><span style="color: #007700;">,&nbsp;</span><span style="color: #0000bb;">0</span><span style="color: #007700;">,&nbsp;</span><span style="color: #0000bb;">0</span><span style="color: #007700;">,&nbsp;</span><span style="color: #0000bb;">4</span><span style="color: #007700;">,&nbsp;-</span><span style="color: #0000bb;">31</span><span style="color: #007700;">,&nbsp;</span><span style="color: #0000bb;">2000</span><span style="color: #007700;">);<br />echo&nbsp;</span><span style="color: #0000bb;">strftime</span><span style="color: #007700;">(</span><span style="color: #dd0000;">"Last&nbsp;day&nbsp;in&nbsp;Feb&nbsp;2000&nbsp;is:&nbsp;%d"</span><span style="color: #007700;">,&nbsp;</span><span style="color: #0000bb;">$lastday</span><span style="color: #007700;">);<br /></span><span style="color: #0000bb;">?&gt;</span></span></code></div>\r\n</div>\r\n</div>\r\n<p>&nbsp;</p>', 'Dejiny-umeni', NULL, '', '', NULL, NULL, NULL, 1249941600, 1256770800, '', 1, '2010-01-07 17:31:56'),
(28, 77, 1, 'akce 1', 'fe opwjf poiewfpoiweoiwf', 'akce-1', NULL, '', '', NULL, NULL, NULL, 1261350000, 1261609200, '', 0, '2010-01-07 17:31:56'),
(29, 77, 1, 'akce 2 brzy', '<p>If you use a different element for the header, specify the header-option with an appropriate selector, eg. header: ''h3''. The content element must be always next to its header.</p>\r\n<p><img style="border: 0px initial initial;" src="data/actions/okna.jpg" alt="" width="420" height="134" /><br /><br />If you have links inside the accordion content and use a-elements as headers, add a class to them and use that as the header, eg. header: ''a.header''.</p>\r\n<p><br /><br />Use activate(Number) to change the active content programmatically.</p>\r\n<a name="NOTE:_If_you_want_multiple_sections_open_at_once.2C_don.27t_use_an_accordion"></a>\r\n<h4>NOTE: If you want multiple sections open at once, don''t use an accordion</h4>\r\n<p>An accordion doesn''t allow more than one content panel to be open at the same time, and it takes a lot of effort to do that. If you are looking for a widget that allows more than one content panel to be open, don''t use this. Usually it can be written with a few lines of jQuery instead, something like this:</p>\r\n<pre>jQuery(document).ready(function(){\r\n	$(''.accordion .head'').click(function() {\r\n		$(this).next().toggle();\r\n		return false;\r\n	}).next().hide();\r\n});</pre>\r\n<p>Or animated:</p>\r\n<pre>jQuery(document).ready(function(){\r\n	$(''.accordion .head'').click(function() {\r\n		$(this).next().toggle(''slow'');\r\n		return false;\r\n	}).next().hide();\r\n});</pre>', 'akce-2-brzy', '', '', '', NULL, NULL, NULL, 1264201200, 1264287600, '', 1, '2010-01-08 14:43:15'),
(40, 77, 1, 'Zámek Klenová', '<p style="margin-top: 0px; margin-right: 0px; margin-bottom: 15px; margin-left: 0px; padding: 0px;">Ve čtyřech místnostech reprezentačních prostor zámku je vystaveno české moderní umění ze sbírek galerie. Na chodbě je umístěn výběr z klasiků 20. století, mj. raný obraz E. A. Pittermanna-Longena, abstraktní kompozice z vrcholného období F. Foltýna, pozoruhodné zátiší V. Hejny z předválečné doby, dosud nepublikovaný a nevystavený obraz J. Johna Ateliér z r. 1958, dále díla J. Baucha, M. Holého, E. Filly, P. Kotíka a V. Boštíka. V dalším sále je představeno dílo Vilmy Vrbové-Kotrbové, malířky, která byla se zámkem Klenová spjata rodinnými kořeny a celý život sem zajížděla na letní pobyty. Ve třetím sále se nachází raný obraz V. Nechleby Ženy v kavárně, pro tohoto autora atypický jak svým námětem, tak i skicovitou technikou. Dále zde divák spatří umění prvního desetiletí minulého století: Kocianovu sochu Kain a Abel, kolorovanou perokresbu M. Švabinského a triptych M. Pirnera Sexus partus vitae, fames in perpetuum, jedno z nejvýznamnějších děl zdejší sbírky. Poslední sál je věnován krajinomalbě a divák zde najde díla V. Radimského, A. Hudečka a V. Rady.<br /><br /><img src="data/images/resize.jpg" alt="" width="267" height="200" /></p>\r\n<p style="margin-top: 0px; margin-right: 0px; margin-bottom: 15px; margin-left: 0px; padding: 0px;">Ostatní prostory přízemí jsou zaměřeny na expozici historického nábytku a interiérů z 19. století, z doby posledních úprav zámku. V rytířském sále jsou také vystaveny sochy českých knížat od Josefa Maxe a dekorativní helmy a štíty, které byly doposud uloženy v depozitáři a které tento sál původně zdobily. V dalším sále, který se honosí iluzivní výmalbou od Josefa Navrátila, jsou ke spatření historické hodiny. V jediné klenuté místnosti zámku, bývalé jídelně, se nacházejí výjimečná kachlová kamna s reliéfy mytologických postav, pocházející z norimberské dílny ze 17. století.</p>', 'Zamek-Klenova', '', '', '', NULL, NULL, NULL, 1264546800, 1264892400, '', 1, '2010-01-08 14:47:32'),
(30, 77, 1, 'akce 3', '<p>Proin elit arcu, rutrum commodo, vehicula tempus, <a href="http://seznam.cz">commodo</a> a, risus. <strong>Curabitur nec arcu</strong>. <em>Donec sollicitudin</em> mi sit amet mauris. Nam <span style="text-decoration: underline;">elementum quam ullamcorper</span> ante. Etiam aliquet massa et lorem. Mauris dapibus lacus auctor risus. Aenean tempor ullamcorper leo. Vivamus sed magna quis ligula eleifend adipiscing. Duis orci. Aliquam sodales tortor vitae ipsum. Aliquam nulla. Duis aliquam molestie erat. Ut et mauris vel pede varius sollicitudin. Sed ut dolor nec orci tincidunt interdum. Phasellus ipsum. Nunc tristique tempus lectus.<br /><br />Proin elit arcu, rutrum commodo, vehicula tempus, commodo a, risus. Curabitur nec arcu. Donec sollicitudin mi sit amet mauris. Nam elementum quam ullamcorper ante. Etiam aliquet massa et lorem. Mauris dapibus lacus auctor risus. Aenean tempor ullamcorper leo. Vivamus sed magna quis ligula eleifend adipiscing. Duis orci. Aliquam sodales tortor vitae ipsum. Aliquam nulla. Duis aliquam molestie erat. Ut et mauris vel pede varius sollicitudin. Sed ut dolor nec orci tincidunt interdum. Phasellus ipsum. Nunc tristique tempus lectus.<br /><br />Proin elit arcu, rutrum commodo, vehicula tempus, commodo a, risus. Curabitur nec arcu. Donec sollicitudin mi sit amet mauris. Nam elementum quam ullamcorper ante. Etiam aliquet massa et lorem. Mauris dapibus lacus auctor risus. Aenean tempor ullamcorper leo. Vivamus sed magna quis ligula eleifend adipiscing. Duis orci. Aliquam sodales tortor vitae ipsum. Aliquam nulla. Duis aliquam molestie erat. Ut et mauris vel pede varius sollicitudin. Sed ut dolor nec orci tincidunt interdum. Phasellus ipsum. Nunc tristique tempus lectus.<br /><br />Proin elit arcu, rutrum commodo, vehicula tempus, commodo a, risus. Curabitur nec arcu. Donec sollicitudin mi sit amet mauris. Nam elementum quam ullamcorper ante. Etiam aliquet massa et lorem. Mauris dapibus lacus auctor risus. Aenean tempor ullamcorper leo. Vivamus sed magna quis ligula eleifend adipiscing. Duis orci. Aliquam sodales tortor vitae ipsum. Aliquam nulla. Duis aliquam molestie erat. Ut et mauris vel pede varius sollicitudin. Sed ut dolor nec orci tincidunt interdum. Phasellus ipsum. Nunc tristique tempus lectus.<br /><br />Proin elit arcu, rutrum commodo, vehicula tempus, commodo a, risus. Curabitur nec arcu. Donec sollicitudin mi sit amet mauris. Nam elementum quam ullamcorper ante. Etiam aliquet massa et lorem. Mauris dapibus lacus auctor risus. Aenean tempor ullamcorper leo. Vivamus sed magna quis ligula eleifend adipiscing. Duis orci. Aliquam sodales tortor vitae ipsum. Aliquam nulla. Duis aliquam molestie erat. Ut et mauris vel pede varius sollicitudin. Sed ut dolor nec orci tincidunt interdum. Phasellus ipsum. Nunc tristique tempus lectus.<br /><br />Proin elit arcu, rutrum commodo, vehicula tempus, commodo a, risus. Curabitur nec arcu. Donec sollicitudin mi sit amet mauris. Nam elementum quam ullamcorper ante. Etiam aliquet massa et lorem. Mauris dapibus lacus auctor risus. Aenean tempor ullamcorper leo. Vivamus sed magna quis ligula eleifend adipiscing. Duis orci. Aliquam sodales tortor vitae ipsum. Aliquam nulla. Duis aliquam molestie erat. Ut et mauris vel pede varius sollicitudin. Sed ut dolor nec orci tincidunt interdum. Phasellus ipsum. Nunc tristique tempus lectus.<br /><br />Proin elit arcu, rutrum commodo, vehicula tempus, commodo a, risus. Curabitur nec arcu. Donec sollicitudin mi sit amet mauris. Nam elementum quam ullamcorper ante. Etiam aliquet massa et lorem. Mauris dapibus lacus auctor risus. Aenean tempor ullamcorper leo. Vivamus sed magna quis ligula eleifend adipiscing. Duis orci. Aliquam sodales tortor vitae ipsum. Aliquam nulla. Duis aliquam molestie erat. Ut et mauris vel pede varius sollicitudin. Sed ut dolor nec orci tincidunt interdum. Phasellus ipsum. Nunc tristique tempus lectus.<br /><br />Proin elit arcu, rutrum commodo, vehicula tempus, commodo a, risus. Curabitur nec arcu. Donec sollicitudin mi sit amet mauris. Nam elementum quam ullamcorper ante. Etiam aliquet massa et lorem. Mauris dapibus lacus auctor risus. Aenean tempor ullamcorper leo. Vivamus sed magna quis ligula eleifend adipiscing. Duis orci. Aliquam sodales tortor vitae ipsum. Aliquam nulla. Duis aliquam molestie erat. Ut et mauris vel pede varius sollicitudin. Sed ut dolor nec orci tincidunt interdum. Phasellus ipsum. Nunc tristique tempus lectus.<br /><br />Proin elit arcu, rutrum commodo, vehicula tempus, commodo a, risus. Curabitur nec arcu. Donec sollicitudin mi sit amet mauris. Nam elementum quam ullamcorper ante. Etiam aliquet massa et lorem. Mauris dapibus lacus auctor risus. Aenean tempor ullamcorper leo. Vivamus sed magna quis ligula eleifend adipiscing. Duis orci. Aliquam sodales tortor vitae ipsum. Aliquam nulla. Duis aliquam molestie erat. Ut et mauris vel pede varius sollicitudin. Sed ut dolor nec orci tincidunt interdum. Phasellus ipsum. Nunc tristique tempus lectus.<br /><br />Proin elit arcu, rutrum commodo, vehicula tempus, commodo a, risus. Curabitur nec arcu. Donec sollicitudin mi sit amet mauris. Nam elementum quam ullamcorper ante. Etiam aliquet massa et lorem. Mauris dapibus lacus auctor risus. Aenean tempor ullamcorper leo. Vivamus sed magna quis ligula eleifend adipiscing. Duis orci. Aliquam sodales tortor vitae ipsum. Aliquam nulla. Duis aliquam molestie erat. Ut et mauris vel pede varius sollicitudin. Sed ut dolor nec orci tincidunt interdum. Phasellus ipsum. Nunc tristique tempus lectus.<br /><br />Proin elit arcu, rutrum commodo, vehicula tempus, commodo a, risus. Curabitur nec arcu. Donec sollicitudin mi sit amet mauris. Nam elementum quam ullamcorper ante. Etiam aliquet massa et lorem. Mauris dapibus lacus auctor risus. Aenean tempor ullamcorper leo. Vivamus sed magna quis ligula eleifend adipiscing. Duis orci. Aliquam sodales tortor vitae ipsum. Aliquam nulla. Duis aliquam molestie erat. Ut et mauris vel pede varius sollicitudin. Sed ut dolor nec orci tincidunt interdum. Phasellus ipsum. Nunc tristique tempus lectus.<br /><br />Proin elit arcu, rutrum commodo, vehicula tempus, commodo a, risus. Curabitur nec arcu. Donec sollicitudin mi sit amet mauris. Nam elementum quam ullamcorper ante. Etiam aliquet massa et lorem. Mauris dapibus lacus auctor risus. Aenean tempor ullamcorper leo. Vivamus sed magna quis ligula eleifend adipiscing. Duis orci. Aliquam sodales tortor vitae ipsum. Aliquam nulla. Duis aliquam molestie erat. Ut et mauris vel pede varius sollicitudin. Sed ut dolor nec orci tincidunt interdum. Phasellus ipsum. Nunc tristique tempus lectus.<br />Proin elit arcu, rutrum commodo, vehicula tempus, commodo a, risus. Curabitur nec arcu. Donec sollicitudin mi sit amet mauris. Nam elementum quam ullamcorper ante. Etiam aliquet massa et lorem. Mauris dapibus lacus auctor risus. Aenean tempor ullamcorper leo. Vivamus sed magna quis ligula eleifend adipiscing. Duis orci. Aliquam sodales tortor vitae ipsum. Aliquam nulla. Duis aliquam molestie erat. Ut et mauris vel pede varius sollicitudin. Sed ut dolor nec orci tincidunt interdum. Phasellus ipsum. Nunc tristique tempus lectus.<br /><br />Proin elit arcu, rutrum commodo, vehicula tempus, commodo a, risus. Curabitur nec arcu. Donec sollicitudin mi sit amet mauris. Nam elementum quam ullamcorper ante. Etiam aliquet massa et lorem. Mauris dapibus lacus auctor risus. Aenean tempor ullamcorper leo. Vivamus sed magna quis ligula eleifend adipiscing. Duis orci. Aliquam sodales tortor vitae ipsum. Aliquam nulla. Duis aliquam molestie erat. Ut et mauris vel pede varius sollicitudin. Sed ut dolor nec orci tincidunt interdum. Phasellus ipsum. Nunc tristique tempus lectus.<br /><br /></p>', 'akce-3', '', '', '', NULL, NULL, NULL, 1262300401, 1262300401, 'flash_icon.png', 1, '2010-01-08 10:43:09'),
(31, 77, 1, 'akce 4', '<p style="font-size: 11px; margin-top: 5px; margin-right: 0px; margin-bottom: 0px; margin-left: 0px;">Proin elit arcu, rutrum commodo, vehicula tempus, commodo a, risus. <br /><br />Curabitur nec arcu. Donec sollicitudin mi sit amet mauris. Nam elementum quam ullamcorper ante. Etiam aliquet massa et lorem. <br /><br />Mauris dapibus lacus auctor risus. Aenean tempor ullamcorper leo. Vivamus sed magna quis ligula eleifend adipiscing.&nbsp;</p>\r\n<hr />\r\n<p><span style="font-size: 11px;">Proin elit arcu, rutrum commodo, vehicula tempus, commodo a, risus. Curabitur nec arcu. Donec sollicitudin mi sit amet mauris. Nam elementum quam ullamcorper ante. Etiam aliquet massa et lorem. Mauris dapibus lacus auctor risus. Aenean tempor ullamcorper leo. Vivamus sed magna quis ligula eleifend adipiscing. Duis orci. Aliquam sodales tortor vitae ipsum. Aliquam nulla. Duis aliquam molestie erat. Ut et mauris vel pede varius sollicitudin. Sed ut dolor nec orci tincidunt interdum. Phasellus ipsum. Nunc tristique tempus lectus.</span></p>\r\n<hr />\r\n<p style="font-size: 11px; margin-top: 5px; margin-right: 0px; margin-bottom: 0px; margin-left: 0px;"><img style="float: left; margin: 10px; border: 1px solid black;" title="akce" src="data/actions/okna.jpg" alt="akce" width="420" height="134" />Proin elit arcu, rutrum commodo, vehicula tempus, commodo a, risus. Curabitur nec arcu. Donec sollicitudin mi sit amet mauris. Nam elementum quam ullamcorper ante. Etiam aliquet massa et lorem. Mauris dapibus lacus auctor risus. Aenean tempor ullamcorper leo. Vivamus sed magna quis ligula eleifend adipiscing. Duis orci. Aliquam sodales tortor vitae ipsum. Aliquam nulla. Duis aliquam molestie erat. Ut et mauris vel pede varius sollicitudin. Sed ut dolor nec orci tincidunt interdum. Phasellus ipsum. Nunc tristique tempus lectus.</p>\r\n<p style="font-size: 11px; margin-top: 5px; margin-right: 0px; margin-bottom: 0px; margin-left: 0px;">Proin elit arcu, rutrum commodo, vehicula tempus, commodo a, risus. Curabitur nec arcu. Donec sollicitudin mi sit amet mauris. Nam elementum quam ullamcorper ante. Etiam aliquet massa et lorem. Mauris dapibus lacus auctor risus. Aenean tempor ullamcorper leo. Vivamus sed magna quis ligula eleifend adipiscing. Duis orci. Aliquam sodales tortor vitae ipsum. Aliquam nulla. Duis aliquam molestie erat. Ut et mauris vel pede varius sollicitudin. Sed ut dolor nec orci tincidunt interdum. Phasellus ipsum. Nunc tristique tempus lectus.</p>\r\n<p style="font-size: 11px; margin-top: 5px; margin-right: 0px; margin-bottom: 0px; margin-left: 0px;">Proin elit arcu, rutrum commodo, vehicula tempus, commodo a, risus. Curabitur nec arcu. Donec sollicitudin mi sit amet mauris. Nam elementum quam ullamcorper ante. Etiam aliquet massa et lorem. Mauris dapibus lacus auctor risus. Aenean tempor ullamcorper leo. Vivamus sed magna quis ligula eleifend adipiscing. Duis orci. Aliquam sodales tortor vitae ipsum. Aliquam nulla. Duis aliquam molestie erat. Ut et mauris vel pede varius sollicitudin. Sed ut dolor nec orci tincidunt interdum. Phasellus ipsum. Nunc tristique tempus lectus.</p>\r\n<p style="font-size: 11px; margin-top: 5px; margin-right: 0px; margin-bottom: 0px; margin-left: 0px;">Proin elit arcu, rutrum commodo, vehicula tempus, commodo a, risus. Curabitur nec arcu. Donec sollicitudin mi sit amet mauris. Nam elementum quam ullamcorper ante. Etiam aliquet massa et lorem. Mauris dapibus lacus auctor risus. Aenean tempor ullamcorper leo. Vivamus sed magna quis ligula eleifend adipiscing. Duis orci. Aliquam sodales tortor vitae ipsum. Aliquam nulla. Duis aliquam molestie erat. Ut et mauris vel pede varius sollicitudin. Sed ut dolor nec orci tincidunt interdum. Phasellus ipsum. Nunc tristique tempus lectus.</p>\r\n<p style="font-size: 11px; margin-top: 5px; margin-right: 0px; margin-bottom: 0px; margin-left: 0px;">Proin elit arcu, rutrum commodo, vehicula tempus, commodo a, risus. Curabitur nec arcu. Donec sollicitudin mi sit amet mauris. Nam elementum quam ullamcorper ante. Etiam aliquet massa et lorem. Mauris dapibus lacus auctor risus. Aenean tempor ullamcorper leo. Vivamus sed magna quis ligula eleifend adipiscing. Duis orci. Aliquam sodales tortor vitae ipsum. Aliquam nulla. Duis aliquam molestie erat. Ut et mauris vel pede varius sollicitudin. Sed ut dolor nec orci tincidunt interdum. Phasellus ipsum. Nunc tristique tempus lectus.</p>\r\n<p style="font-size: 11px; margin-top: 5px; margin-right: 0px; margin-bottom: 0px; margin-left: 0px;">Proin elit arcu, rutrum commodo, vehicula tempus, commodo a, risus. Curabitur nec arcu. Donec sollicitudin mi sit amet mauris. Nam elementum quam ullamcorper ante. Etiam aliquet massa et lorem. Mauris dapibus lacus auctor risus. Aenean tempor ullamcorper leo. Vivamus sed magna quis ligula eleifend adipiscing. Duis orci. Aliquam sodales tortor vitae ipsum. Aliquam nulla. Duis aliquam molestie erat. Ut et mauris vel pede varius sollicitudin. Sed ut dolor nec orci tincidunt interdum. Phasellus ipsum. Nunc tristique tempus lectus.<br /><br />&nbsp;</p>', 'akce-4', NULL, '', '', NULL, NULL, NULL, 1264806001, 1264806001, 'reports-256x256.png', 1, '2010-01-07 17:31:56'),
(27, 77, 1, 'Svoboda na plátně', 'Some examples of&nbsp;<strong>date()</strong>&nbsp;formatting. Note that you should escape any other characters, as any which currently have a special meaning will produce undesirable results, and other characters may be assigned meaning in future PHP versions. When escaping, be sure to use single quotes to prevent characters like \\n from becoming newlines.<br /><br />Some examples of&nbsp;<strong>date()</strong>&nbsp;formatting. Note that you should escape any other characters, as any which currently have a special meaning will produce undesirable results, and other characters may be assigned meaning in future PHP versions. When escaping, be sure to use single quotes to prevent characters like \\n from becoming newlines.<br /><br />Some examples of&nbsp;<strong>date()</strong>&nbsp;formatting. Note that you should escape any other characters, as any which currently have a special meaning will produce undesirable results, and other characters may be assigned meaning in future PHP versions. When escaping, be sure to use single quotes to prevent characters like \\n from becoming newlines.<br /><br />Some examples of&nbsp;<strong>date()</strong>&nbsp;formatting. Note that you should escape any other characters, as any which currently have a special meaning will produce undesirable results, and other characters may be assigned meaning in future PHP versions. When escaping, be sure to use single quotes to prevent characters like \\n from becoming newlines.<br /><br />Some examples of&nbsp;<strong>date()</strong>&nbsp;formatting. Note that you should escape any other characters, as any which currently have a special meaning will produce undesirable results, and other characters may be assigned meaning in future PHP versions. When escaping, be sure to use single quotes to prevent characters like \\n from becoming newlines.<br /><br />Some examples of&nbsp;<strong>date()</strong>&nbsp;formatting. Note that you should escape any other characters, as any which currently have a special meaning will produce undesirable results, and other characters may be assigned meaning in future PHP versions. When escaping, be sure to use single quotes to prevent characters like \\n from becoming newlines.', 'Svoboda-na-platne', NULL, '', '', NULL, NULL, NULL, 1261004400, 1261695600, '', 1, '2010-01-07 17:31:56'),
(35, 77, 1, 'akce 5', '<h3 class="title">Examples</h3>\r\n<p class="para">&nbsp;</p>\r\n<div class="example">\r\n<p><strong>Example #1&nbsp;<strong>strip_tags()</strong>&nbsp;example</strong></p>\r\n<div class="programlisting example-contents">\r\n<div class="phpcode"><code><span style="color: #000000;"><span style="color: #0000bb;">$text&nbsp;</span><span style="color: #007700;">=&nbsp;</span><span style="color: #dd0000;">''\r\n<p>Test&nbsp;paragraph.</p>\r\n<!--&nbsp;Comment&nbsp;-->&nbsp;Other&nbsp;text''</span><span style="color: #007700;">;<br />echo&nbsp;</span><span style="color: #0000bb;">strip_tags</span><span style="color: #007700;">(</span><span style="color: #0000bb;">$text</span><span style="color: #007700;">);<br />echo&nbsp;</span><span style="color: #dd0000;">"\\n"</span><span style="color: #007700;">;<br /><br /></span><span style="color: #ff8000;">//&nbsp;Allow&nbsp;\r\n<p>&nbsp;and&nbsp;<a><br /><span style="color: #007700;">echo&nbsp;</span><span style="color: #0000bb;">strip_tags</span><span style="color: #007700;">(</span><span style="color: #0000bb;">$text</span><span style="color: #007700;">,&nbsp;</span><span style="color: #dd0000;">''</span></a></p>\r\n<a></a></span></span></code>\r\n<p><code><a>''<span style="color: #007700;">);<br /></span><span style="color: #0000bb;">?&gt;</span></a></code><a></a></p>\r\n</div>\r\n<a> </a></div>\r\n<a>\r\n<div class="para example-contents">\r\n<p>The above example will output:</p>\r\n</div>\r\n</a>\r\n<div class="screen example-contents">\r\n<div class="cdata">\r\n<pre><a>Test paragraph. Other text\r\n<p>Test paragraph.</p> </a><a href="#fragment">Other text</a></pre>\r\n</div>\r\n</div>\r\n</div>', 'akce-5', NULL, '', '', NULL, NULL, NULL, 1266361200, 1267311600, '', 1, '2010-01-07 17:31:56'),
(36, 77, 1, 'Dějiny uměnia', '<p style="font-size: 12px; margin-top: 0px; margin-right: 15em; margin-bottom: 1.2em; margin-left: 0px; padding: 0px;">The jQuery UI Accordion plugin uses the jQuery UI CSS Framework to style its look and feel, including colors and background textures. We recommend using the ThemeRoller tool to create and download custom themes that are easy to build and maintain.</p>\r\n<p style="font-size: 12px; margin-top: 0px; margin-right: 15em; margin-bottom: 1.2em; margin-left: 0px; padding: 0px;">If a deeper level of customization is needed, there are widget-specific classes referenced within the ui.accordion.css stylesheet that can be modified. These classes are highlighed in bold below.</p>\r\n<h3 style="margin-top: 1.5em; margin-right: 0px; margin-bottom: 0.5em; margin-left: 0px; font-weight: normal; font-size: 14px; color: #e6820e; padding: 0px;">Sample markup with jQuery UI CSS Framework classes</h3>\r\n&lt;div class="ui-helper-reset <strong>ui-accordion</strong>&nbsp;ui-widget"&gt;<br />&nbsp;&nbsp;&lt;h3 class="ui-corner-top ui-state-active <strong>ui-accordion-header</strong>&nbsp;ui-helper-reset"&gt;<br />&nbsp;&nbsp;&nbsp;&nbsp;&lt;span class="ui-icon-triangle-1-s ui-icon"/&gt;<br />&nbsp;&nbsp;&nbsp;&nbsp;&lt;a href="#"&gt;Section 1&lt;/a&gt;<br />&nbsp;&nbsp;&lt;/h3&gt;<br />&nbsp;&nbsp;&lt;div class="ui-corner-bottom&nbsp;<strong>ui-accordion-content-active</strong> ui-widget-content <strong>ui-accordion-content</strong>&nbsp;ui-helper-reset"&gt;<br />&nbsp;&nbsp;&nbsp;&nbsp;Section 1 content<br />&nbsp;&nbsp;&lt;/div&gt;<br />&nbsp;&nbsp;&lt;h3 class="ui-corner-all ui-state-default <strong>ui-accordion-header</strong>&nbsp;ui-helper-reset"&gt;<br />&nbsp;&nbsp;&nbsp;&nbsp;&lt;span class="ui-icon-triangle-1-e ui-icon"/&gt;<br />&nbsp;&nbsp;&nbsp;&nbsp;&lt;a href="#"&gt;Section 2&lt;/a&gt;<br />&nbsp;&nbsp;&lt;/h3&gt;<br />&nbsp;&nbsp;&lt;div class="ui-corner-bottom ui-widget-content <strong>ui-accordion-content</strong>&nbsp;ui-helper-reset"&gt;<br />&nbsp;&nbsp;&nbsp;&nbsp;Section 2 content<br />&nbsp;&nbsp;&lt;/div&gt;<br />&nbsp;&nbsp;&lt;h3 class="ui-corner-all ui-state-default <strong>ui-accordion-header</strong>&nbsp;ui-helper-reset"&gt;<br />&nbsp;&nbsp;&nbsp;&nbsp;&lt;span class="ui-icon-triangle-1-e ui-icon"/&gt;<br />&nbsp;&nbsp;&nbsp;&nbsp;&lt;a href="#"&gt;Section 3&lt;/a&gt;<br />&nbsp;&nbsp;&lt;/h3&gt;<br />&nbsp;&nbsp;&lt;div class="ui-corner-bottom ui-widget-content <strong>ui-accordion-content</strong>&nbsp;ui-helper-reset"&gt;<br />&nbsp;&nbsp;&nbsp;&nbsp;Section 3 content<br />&nbsp;&nbsp;&lt;/div&gt;<br />&lt;/div&gt;<br />\r\n<p class="theme-note" style="font-size: 12px; margin-top: 1.2em; margin-right: 15em; margin-bottom: 1.2em; margin-left: 0px; background-color: #f6f6f6; padding: 8px; border: 1px solid #eeeeee;"><strong>Note: This is a sample of markup generated by the accordion plugin, not markup you should use to create a accordion. The only markup needed for that is&nbsp;<br />&lt;div&gt;<br />&nbsp;&nbsp;&nbsp;&lt;h3&gt;&lt;a href="#"&gt;Section 1&lt;/a&gt;&lt;/h3&gt;<br />&nbsp;&nbsp;&nbsp;&lt;div&gt;<br />&nbsp;&nbsp;&nbsp;&nbsp;&nbsp;&nbsp;Section 1 content<br />&nbsp;&nbsp;&nbsp;&lt;/div&gt;<br />&nbsp;&nbsp;&nbsp;&lt;h3&gt;&lt;a href="#"&gt;Section 2&lt;/a&gt;&lt;/h3&gt;<br />&nbsp;&nbsp;&nbsp;&lt;div&gt;<br />&nbsp;&nbsp;&nbsp;&nbsp;&nbsp;&nbsp;Section 2 content<br />&nbsp;&nbsp;&nbsp;&lt;/div&gt;<br />&nbsp;&nbsp;&nbsp;&lt;h3&gt;&lt;a href="#"&gt;Section 3&lt;/a&gt;&lt;/h3&gt;<br />&nbsp;&nbsp;&nbsp;&lt;div&gt;<br />&nbsp;&nbsp;&nbsp;&nbsp;&nbsp;&nbsp;Section 3 content<br />&nbsp;&nbsp;&nbsp;&lt;/div&gt;<br />&lt;/div&gt;.</strong></p>', 'Dejiny-umenia', '', NULL, NULL, NULL, NULL, NULL, 1225666800, 1229382000, NULL, 1, '2010-01-07 17:31:56'),
(37, 77, 1, 'Naše třička', '<p style="font-size: 12px; margin-top: 0px; margin-right: 15em; margin-bottom: 1.2em; margin-left: 0px; padding: 0px;">The jQuery UI Accordion plugin uses the jQuery UI CSS Framework to style its look and feel, including colors and background textures. We recommend using the ThemeRoller tool to create and download custom themes that are easy to build and maintain.</p>\r\n<p style="font-size: 12px; margin-top: 0px; margin-right: 15em; margin-bottom: 1.2em; margin-left: 0px; padding: 0px;">If a deeper level of customization is needed, there are widget-specific classes referenced within the ui.accordion.css stylesheet that can be modified. These classes are highlighed in bold below.</p>\r\n<h3 style="margin-top: 1.5em; margin-right: 0px; margin-bottom: 0.5em; margin-left: 0px; font-weight: normal; font-size: 14px; color: #e6820e; padding: 0px;">Sample markup with jQuery UI CSS Framework classes</h3>\r\n&lt;div class="ui-helper-reset <strong>ui-accordion</strong>&nbsp;ui-widget"&gt;<br />&nbsp;&nbsp;&lt;h3 class="ui-corner-top ui-state-active <strong>ui-accordion-header</strong>&nbsp;ui-helper-reset"&gt;<br />&nbsp;&nbsp;&nbsp;&nbsp;&lt;span class="ui-icon-triangle-1-s ui-icon"/&gt;<br />&nbsp;&nbsp;&nbsp;&nbsp;&lt;a href="#"&gt;Section 1&lt;/a&gt;<br />&nbsp;&nbsp;&lt;/h3&gt;<br />&nbsp;&nbsp;&lt;div class="ui-corner-bottom&nbsp;<strong>ui-accordion-content-active</strong> ui-widget-content <strong>ui-accordion-content</strong>&nbsp;ui-helper-reset"&gt;<br />&nbsp;&nbsp;&nbsp;&nbsp;Section 1 content<br />&nbsp;&nbsp;&lt;/div&gt;<br />&nbsp;&nbsp;&lt;h3 class="ui-corner-all ui-state-default <strong>ui-accordion-header</strong>&nbsp;ui-helper-reset"&gt;<br />&nbsp;&nbsp;&nbsp;&nbsp;&lt;span class="ui-icon-triangle-1-e ui-icon"/&gt;<br />&nbsp;&nbsp;&nbsp;&nbsp;&lt;a href="#"&gt;Section 2&lt;/a&gt;<br />&nbsp;&nbsp;&lt;/h3&gt;<br />&nbsp;&nbsp;&lt;div class="ui-corner-bottom ui-widget-content <strong>ui-accordion-content</strong>&nbsp;ui-helper-reset"&gt;<br />&nbsp;&nbsp;&nbsp;&nbsp;Section 2 content<br />&nbsp;&nbsp;&lt;/div&gt;<br />&nbsp;&nbsp;&lt;h3 class="ui-corner-all ui-state-default <strong>ui-accordion-header</strong>&nbsp;ui-helper-reset"&gt;<br />&nbsp;&nbsp;&nbsp;&nbsp;&lt;span class="ui-icon-triangle-1-e ui-icon"/&gt;<br />&nbsp;&nbsp;&nbsp;&nbsp;&lt;a href="#"&gt;Section 3&lt;/a&gt;<br />&nbsp;&nbsp;&lt;/h3&gt;<br />&nbsp;&nbsp;&lt;div class="ui-corner-bottom ui-widget-content <strong>ui-accordion-content</strong>&nbsp;ui-helper-reset"&gt;<br />&nbsp;&nbsp;&nbsp;&nbsp;Section 3 content<br />&nbsp;&nbsp;&lt;/div&gt;<br />&lt;/div&gt;<br />\r\n<p class="theme-note" style="font-size: 12px; margin-top: 1.2em; margin-right: 15em; margin-bottom: 1.2em; margin-left: 0px; background-color: #f6f6f6; padding: 8px; border: 1px solid #eeeeee;"><strong>Note: This is a sample of markup generated by the accordion plugin, not markup you should use to create a accordion. The only markup needed for that is&nbsp;<br />&lt;div&gt;<br />&nbsp;&nbsp;&nbsp;&lt;h3&gt;&lt;a href="#"&gt;Section 1&lt;/a&gt;&lt;/h3&gt;<br />&nbsp;&nbsp;&nbsp;&lt;div&gt;<br />&nbsp;&nbsp;&nbsp;&nbsp;&nbsp;&nbsp;Section 1 content<br />&nbsp;&nbsp;&nbsp;&lt;/div&gt;<br />&nbsp;&nbsp;&nbsp;&lt;h3&gt;&lt;a href="#"&gt;Section 2&lt;/a&gt;&lt;/h3&gt;<br />&nbsp;&nbsp;&nbsp;&lt;div&gt;<br />&nbsp;&nbsp;&nbsp;&nbsp;&nbsp;&nbsp;Section 2 content<br />&nbsp;&nbsp;&nbsp;&lt;/div&gt;<br />&nbsp;&nbsp;&nbsp;&lt;h3&gt;&lt;a href="#"&gt;Section 3&lt;/a&gt;&lt;/h3&gt;<br />&nbsp;&nbsp;&nbsp;&lt;div&gt;<br />&nbsp;&nbsp;&nbsp;&nbsp;&nbsp;&nbsp;Section 3 content<br />&nbsp;&nbsp;&nbsp;&lt;/div&gt;<br />&lt;/div&gt;.</strong></p>', 'Nase-tricka', '', NULL, NULL, NULL, NULL, NULL, 1294786800, 1297638000, NULL, 1, '2010-01-07 17:31:56'),
(38, 82, 1, 'Testovací akce s galerií', '<h3>getlastmod</h3>\r\n<p class="verinfo">(PHP 4, PHP 5)</p>\r\n<p class="refpurpose"><span class="refname">getlastmod</span> — <span class="dc-title">Gets time of last page modification<br /><br /></span></p>\r\n<h3 class="title">Return Values</h3>\r\n<p class="para">Returns the time of the last modification of the current page. The value returned is a Unix timestamp, suitable for feeding to<a class="function" href="function.date.html">date()</a>. Returns <strong><tt class="constant">FALSE</tt></strong> on error.</p>\r\n<h3 class="title">Examples</h3>\r\n<p class="para"> </p>\r\n<div class="example">\r\n<p><strong>Example #1 <strong>getlastmod()</strong> example</strong></p>\r\n<div class="programlisting example-contents">\r\n<div class="phpcode"><code><span style="color: #000000;"><span style="color: #ff8000;">// outputs e.g. ''Last modified: March 04 1998 20:43:59.''<br /></span><span style="color: #007700;">echo </span><span style="color: #dd0000;">"Last modified: " </span><span style="color: #007700;">. </span><span style="color: #0000bb;">date </span><span style="color: #007700;">(</span><span style="color: #dd0000;">"F d Y H:i:s."</span><span style="color: #007700;">, </span><span style="color: #0000bb;">getlastmod</span><span style="color: #007700;">());<br /></span><span style="color: #0000bb;">?&gt;</span></span></code></div>\r\n</div>\r\n</div>\r\n<p> </p>', 'Testovaci-akce-s-galerii', '', '', '', NULL, NULL, NULL, 1262300400, 1264892400, 'reports-256x256.png', 1, '2010-01-08 11:08:07'),
(39, 82, 1, 'bez fotek', 'fsd gf gs', 'bez-fotek', '', '', '', NULL, NULL, NULL, 1264114801, 1264114801, '', 1, '2010-01-08 10:43:33');

-- --------------------------------------------------------

--
-- Struktura tabulky `vypecky_articles`
--

DROP TABLE IF EXISTS `vypecky_articles`;
CREATE TABLE IF NOT EXISTS `vypecky_articles` (
  `id_article` smallint(5) unsigned NOT NULL AUTO_INCREMENT,
  `id_cat` smallint(5) unsigned NOT NULL,
  `id_user` smallint(5) unsigned DEFAULT '1',
  `add_time` datetime NOT NULL,
  `edit_time` timestamp NULL DEFAULT CURRENT_TIMESTAMP ON UPDATE CURRENT_TIMESTAMP,
  `is_user_last_edit` smallint(6) DEFAULT NULL,
  `viewed` smallint(6) NOT NULL DEFAULT '0',
  `name_cs` varchar(400) DEFAULT NULL,
  `text_cs` text,
  `urlkey_cs` varchar(400) DEFAULT NULL,
  `name_en` varchar(400) DEFAULT NULL,
  `text_en` text,
  `urlkey_en` varchar(400) DEFAULT NULL,
  `name_de` varchar(400) DEFAULT NULL,
  `text_de` text,
  `urlkey_de` varchar(400) DEFAULT NULL,
  `public` tinyint(1) NOT NULL DEFAULT '1',
  PRIMARY KEY (`id_article`),
  KEY `id_item` (`id_cat`,`id_user`),
  FULLTEXT KEY `label_cs` (`name_cs`),
  FULLTEXT KEY `text_cs` (`text_cs`),
  FULLTEXT KEY `label_en` (`name_en`),
  FULLTEXT KEY `text_en` (`text_en`),
  FULLTEXT KEY `lebal_de` (`name_de`),
  FULLTEXT KEY `text_de` (`text_de`)
) ENGINE=MyISAM  DEFAULT CHARSET=utf8 AUTO_INCREMENT=36 ;

--
-- Vypisuji data pro tabulku `vypecky_articles`
--

INSERT INTO `vypecky_articles` (`id_article`, `id_cat`, `id_user`, `add_time`, `edit_time`, `is_user_last_edit`, `viewed`, `name_cs`, `text_cs`, `urlkey_cs`, `name_en`, `text_en`, `urlkey_en`, `name_de`, `text_de`, `urlkey_de`, `public`) VALUES
(11, 66, 1, '2010-01-01 00:00:00', '2010-01-08 11:12:41', 1, 35, 'Mills loses bribery case appeal', '<p class=\\"\\\\&quot;first\\\\&quot;\\">David Mills, the estranged husband of UK cabinet minister Tessa Jowell, has lost his appeal against a bribery conviction in Italy.</p>\r\n<p><strong>He was convicted of accepting &pound;400,000 from the Italian Prime Minister Silvio Berlusconi in 1997.</strong></p>\r\n<p>Mills had been sentenced in February to four-and-a-half years in prison for corruption.</p>\r\n<p>The Italian PM had been shielded from prosecution by a law he proposed but judges overturned it this month.</p>\r\n<!-- E SF -->\r\n<p>Mr Berlusconi has denied paying a bribe and has said he does not even know Mills.</p>\r\n<p>That defence is likely to be re-examined after Italy\\\\\\''s most senior court ruled that Mr Berlusconi\\\\\\''s protection from prosecution violated the constitution.</p>\r\n<p>Mills was one of Mr Berlusconi\\\\\\''s consultants on offshore tax havens. He was accused of accepting the money as payment for keeping quiet about offshore companies during two previous trials in 1997 and 1998.</p>\r\n<p>Much of the evidence against Mills stemmed from a letter he sent to a British accountant in 2004, in which he said the payment came from \\\\\\"Mr B\\\\\\".</p>\r\n<p>The trial verdict said there was no evidence that the money came directly from Mr Berlusconi.</p>\r\n<p>Mills initially confirmed having received money from Mr Berlusconi \\\\\\"in recognition\\\\\\" of the evidence he gave, but later said the money had come from an Italian shipping magnate.</p>\r\n<p>Speaking after the appeal decision, Mills\\\\\\'' lawyer, Federico Cecconi, said the case \\\\\\"does not end here\\\\\\".</p>\r\n<p>\\\\\\"We have strong elements in our favour [that] will bring a change in the sentence\\\\\\", he said.</p>', 'mills-loses-bribery-case-appeal', '', '', '', NULL, NULL, NULL, 1),
(16, 66, 1, '2010-01-02 00:00:00', '2010-01-10 23:02:14', 1, 58, 'US charges two over ''terror plot''', '<a class="pirobox" href="data/photogalerymed/medium/IMAG0003.JPG"><img style="float: left; margin-bottom: 10px; margin-right: 10px;" title="sasa" src="data/photogalerymed/medium/IMAG0003.JPG" alt="as" width="200" height="150" /></a>\r\n<p class="first"><strong>Two men in the US city of Chicago have been charged with planning attacks on foreign targets, the US justice department has said.</strong></p>\r\n<p>David Coleman Headley, 49, and Tahawwur Hussain Rana, 48, were both arrested earlier this month.</p>\r\n<p>Among their alleged targets was a Danish newspaper that printed a cartoon of the Prophet Mohammed in 2005, sparking angry protests from Muslims.</p>\r\n<p>Prosecutors say Mr Headley travelled to Denmark twice to plan an attack.</p>\r\n<!-- E SF -->\r\n<p>The justice department said it had uncovered "a serious plot against overseas targets".</p>\r\n<p>Mr Headley, who changed his name from Daood Gilani in 2006, was arrested on 3 October as he was about to travel to Pakistan.</p>\r\n<p>He has been charged with "conspiracy to commit terrorist acts involving murder and maiming" outside the US and also with conspiracy to provide material support for the attack.</p>\r\n<p>Prosecutors allege he visited the Copenhagen and Arhus offices of the Jyllands-Posten newspaper, which printed the cartoons, for surveillance purposes.</p>\r\n<p>The charge sheet alleges he also travelled to Pakistan to meet members of the Islamic militant group Lashkar-e-Taiba.</p>\r\n<p>Mr Rana, who officials say is a native of Pakistan and citizen of Canada, was arrested at his home on 18 October. He is alleged to have helped Mr Headley plan and finance the attacks.</p>\r\n<p>The men both live in the Chicago area.</p>', 'us-charges-two-over-terror-plot', '', '', '', NULL, NULL, NULL, 1),
(18, 66, 1, '2010-01-03 00:00:00', '2010-01-11 10:39:40', 1, 24, 'Star Wars: The Force Unleashed na PC slibuje pořádnou porci Hvězdných válek', 'emn&aacute; strana s&iacute;ly by se dala charakterizovat třemi slovy: hněv, nen&aacute;vist, strach. Přesně s takov&yacute;mi atributy se vyprav&iacute;te do dobrodružstv&iacute;, kter&eacute; v&aacute;m nab&iacute;dne akčn&iacute; titul <strong><a href=\\"http://bonusweb.idnes.cz/xbox360/recenze/star-wars-the-force-unleashed-sila-na-vsechny-zpusoby-pdh-/clanek.A080916_190204_bw-xbox360-recenze_mnd.idn\\">Star Wars: Force Unleashed</a></strong>, kde stanete pr&aacute;vě na straně těch \\"&scaron;patn&yacute;ch\\".\r\n<p>A že PC hr&aacute;či budou tyto pocity opravdu c&iacute;tit, si můžeme b&yacute;t prakticky jisti. Hněv kvůli tomu, že poč&iacute;tačov&aacute; verze <a class=\\"vvword\\" href=\\"http://us-action-spol-s-ro.takeit.cz/fotopapir-pelikan-photo-paper-premium-a4-857133?41787&amp;rtype=V&amp;rmain=57995&amp;ritem=857133&amp;rclanek=3641073&amp;rslovo=419531&amp;showdirect=1\\" target=\\"_blank\\">hry</a> nevy&scaron;la souběžně s těmi konzolov&yacute;mi minul&yacute; rok, nen&aacute;vist vůči vydavateli Activision Blizzard či v&yacute;voj&aacute;ři z LucasArts proto, že to s konverz&iacute; tak dlouho trv&aacute;. A strach z toho, že se varianta pro poč&iacute;tače př&iacute;li&scaron; nepovede.</p>\r\n<p style=\\"text-align: center;\\">\r\n<object id=\\"gtembed\\" width=\\"480\\" height=\\"392\\" data=\\"http://www.gametrailers.com/remote_wrap.php?mid=53017\\" type=\\"application/x-shockwave-flash\\">\r\n<param name=\\"data\\" value=\\"http://www.gametrailers.com/remote_wrap.php?mid=53017\\" />\r\n<param name=\\"allowScriptAccess\\" value=\\"sameDomain\\" />\r\n<param name=\\"allowFullScreen\\" value=\\"true\\" />\r\n<param name=\\"quality\\" value=\\"high\\" />\r\n<param name=\\"src\\" value=\\"http://www.gametrailers.com/remote_wrap.php?mid=53017\\" />\r\n<param name=\\"name\\" value=\\"gtembed\\" />\r\n<param name=\\"align\\" value=\\"middle\\" />\r\n<param name=\\"allowfullscreen\\" value=\\"true\\" />\r\n</object>\r\n</p>\r\n<p>\r\n<object width=\\"480\\" height=\\"392\\" data=\\"http://www.gametrailers.com/remote_wrap.php?mid=53017\\" type=\\"application/x-shockwave-flash\\">\r\n<param name=\\"name\\" value=\\"gtembed\\" />\r\n<param name=\\"src\\" value=\\"http://www.gametrailers.com/remote_wrap.php?mid=53017\\" />\r\n<param name=\\"allowfullscreen\\" value=\\"true\\" />\r\n<param name=\\"quality\\" value=\\"high\\" />\r\n</object>\r\n</p>\r\n<p>Zanedlouho se dozv&iacute;me, nakolik jsou tyto pocity opr&aacute;vněn&eacute;. V Evropě by PC verze měla<a onclick=\\"return !Win.open(this, \\''foto_fullscreen\\'');\\" href=\\"http://bonusweb.idnes.cz/pc/preview/star-wars-the-force-unleashed-na-pc-slibuje-poradnou-porci-hvezdnych-valek-1te-/fotka.MND25cf8b_screen7_large.jpg.idn\\" target=\\"bonusweb\\"><img class=\\"fr\\" src=\\"http://i.idnes.cz/08/092/sph/MND25cf8b_screen7_large.jpg\\" border=\\"0\\" alt=\\"Star Wars: The Force Unleashed Xbox360\\" width=\\"244\\" height=\\"183\\" align=\\"right\\" /></a> vyj&iacute;t až v prosinci, zat&iacute;mco Američan&eacute; si ji budou moct osahat už v listopadu. Každop&aacute;dně půjde o zvl&aacute;&scaron;tn&iacute; edici, kter&aacute; nese podtitul Ultimate Sith Edition.</p>\r\n<p>Co takov&eacute; označen&iacute; znamen&aacute;? Předev&scaron;&iacute;m skutečnost, že v balen&iacute; kromě origin&aacute;ln&iacute;ho obsahu naraz&iacute;te je&scaron;tě na trojici bonusov&yacute;ch mis&iacute;, za něž museli konzolist&eacute; platit coby za stažiteln&eacute; př&iacute;davky. V těchto př&iacute;davn&yacute;ch mis&iacute;ch přitom nejde o m&aacute;lo, autoři si v nich pohr&aacute;vaj&iacute; s touto ot&aacute;zkou: \\"Co kdyby Sithov&eacute; přemohli Jedie?\\".</p>\r\n<p>The Force Unleashed by se dalo označit za jak&yacute;si most&iacute;k mezi třet&iacute;m a čtvrt&yacute;m d&iacute;lem filmov&eacute; s&aacute;gy Hvězdn&yacute;ch v&aacute;lek. Nemus&iacute;te se přitom b&aacute;t, že byste se na tomto most&iacute;ku pot&yacute;kali s prachsprostou z&aacute;pletkou \\"vymydli v&scaron;echny, co ti přijdou do cesty\\".</p>\r\n<p><a onclick=\\"return !Win.open(this, \\''foto_fullscreen\\'');\\" href=\\"http://bonusweb.idnes.cz/pc/preview/star-wars-the-force-unleashed-na-pc-slibuje-poradnou-porci-hvezdnych-valek-1te-/fotka.MND25cf8a_screen6_large.jpg.idn\\" target=\\"bonusweb\\"><img class=\\"fl\\" src=\\"http://i.idnes.cz/08/092/sph/MND25cf8a_screen6_large.jpg\\" border=\\"0\\" alt=\\"Star Wars: The Force Unleashed Xbox360\\" width=\\"244\\" height=\\"183\\" align=\\"left\\" /></a>Naopak, hra disponuje poměrně siln&yacute;m př&iacute;během, jenž se <a class=\\"vvword\\" href=\\"http://archer-reality.takeit.cz/archer-reality-nabizi-prodej-pozemku-a-zahrad-2421998?145236&amp;rtype=V&amp;rmain=75190&amp;ritem=2421998&amp;rclanek=3641073&amp;rslovo=421071&amp;showdirect=1\\" target=\\"_blank\\">m&iacute;sty</a> může porovn&aacute;vat dokonce s t&iacute;m filmov&yacute;m. Přinejmen&scaron;&iacute;m ho sympaticky doplňuje. Pot&eacute;, co Imper&aacute;tor vydal \\"Rozkaz 66\\", kter&yacute;m vyhladil velkou č&aacute;st Jediů, nah&aacute;n&iacute; nyn&iacute; Darth Vader osobně jejich zbytky, kter&eacute; chce pochopitelně tak&eacute; zlikvidovat.</p>\r\n<p>Na planetě Kashyyyk tento arcipadouch nenajde pouze prchaj&iacute;c&iacute;ho Jedie, ale tak&eacute; jeho syna, kter&yacute; se ukazuje b&yacute;t nezvykle nadan&yacute; (co do zach&aacute;zen&iacute; se Silou). Vader vezme sirotka pod svou ochranu a uděl&aacute; z něj sv&eacute;ho padavana. M&aacute; s n&iacute;m zcela specifick&eacute; pl&aacute;ny. Chce ho totiž využ&iacute;t jako jeden z n&aacute;strojů pro svržen&iacute; Imper&aacute;tora a k vlastn&iacute; instalaci na nejvy&scaron;&scaron;&iacute; post.</p>\r\n<p>Ačkoliv v The Force Unelashed převezmete pr&aacute;vě roli Vaderova ž&aacute;ka, zahrajete si v prvn&iacute; mise př&iacute;mo za tohoto antihrdinu, typick&eacute;ho sv&yacute;m kost&yacute;mem. Střihnete si za něj bitvu na zm&iacute;něn&eacute;m Kashyyyku.</p>\r\n<p><a onclick=\\"return !Win.open(this, \\''foto_fullscreen\\'');\\" href=\\"http://bonusweb.idnes.cz/pc/preview/star-wars-the-force-unleashed-na-pc-slibuje-poradnou-porci-hvezdnych-valek-1te-/fotka.MND25cf89_screen5_large.jpg.idn\\" target=\\"bonusweb\\"><img class=\\"fr\\" src=\\"http://i.idnes.cz/08/092/sph/MND25cf89_screen5_large.jpg\\" border=\\"0\\" alt=\\"Star Wars: The Force Unleashed Xbox360\\" width=\\"244\\" height=\\"183\\" align=\\"right\\" /></a>T&iacute;m hra nejenže vypr&aacute;v&iacute; jak&yacute;si předpř&iacute;běh, kter&yacute; v&aacute;s rychle uvede do zaj&iacute;mav&eacute;ho děje, ale d&aacute; v&aacute;m tak&eacute; ochutnat z mocn&yacute;ch Sil, jež si rovněž postupem času osvoj&iacute;te pot&eacute;, co v dal&scaron;&iacute; misi začnete jako novic.</p>\r\n<p>Darth Vader sv&yacute;m světeln&yacute;m mečem hravě odr&aacute;ž&iacute; přil&eacute;t&aacute;vaj&iacute;c&iacute; střely proti invazi stav&iacute;c&iacute;ch se Wookiů. Meč je pochopitelně předev&scaron;&iacute;m mocnou zbran&iacute; v boji na bl&iacute;zko. Jednou dvěma ranami pokoř&iacute; Vader i ty <a class=\\"vvword\\" href=\\"http://s-property-sro-1.takeit.cz/nove-byty-v-praze-nad-bohemkou-2584740?279935&amp;rtype=V&amp;rmain=64256&amp;ritem=2584740&amp;rclanek=3641073&amp;rslovo=419724&amp;showdirect=1\\" target=\\"_blank\\">největ&scaron;&iacute;</a> z chlupat&yacute;ch dobr&aacute;ků.</p>\r\n<p>Pokud už arcipadouch pod va&scaron;&iacute;m veden&iacute;m utrp&iacute; nějak&yacute; ten &scaron;r&aacute;m na kr&aacute;se, dok&aacute;že se rychle vyl&eacute;čit ze zabit&yacute;ch nepř&aacute;tel. Prvn&iacute; mise nem&aacute; představovat ž&aacute;dnou v&yacute;zvu a funguje tak skutečně jako ochutn&aacute;vka. Ve stylu nože proch&aacute;zej&iacute;c&iacute;ho m&aacute;slem tak běž&iacute;te st&aacute;le vpřed a <a class=\\"vvword\\" href=\\"http://euro-bike-praha-prodej-servis.takeit.cz/trek-4300-wsd-prp-white-2008-633479?5071&amp;rtype=V&amp;rmain=0&amp;ritem=633479&amp;rclanek=3641073&amp;rslovo=466871&amp;showdirect=1\\" target=\\"_blank\\">kolem</a> v&aacute;s se rozs&eacute;v&aacute; ne&scaron;těst&iacute;.</p>\r\n<p><a onclick=\\"return !Win.open(this, \\''foto_fullscreen\\'');\\" href=\\"http://bonusweb.idnes.cz/pc/preview/star-wars-the-force-unleashed-na-pc-slibuje-poradnou-porci-hvezdnych-valek-1te-/fotka.MND25cf88_screen4_large.jpg.idn\\" target=\\"bonusweb\\"><img class=\\"fl\\" src=\\"http://i.idnes.cz/08/092/sph/MND25cf88_screen4_large.jpg\\" border=\\"0\\" alt=\\"Star Wars: The Force Unleashed Xbox360\\" width=\\"244\\" height=\\"183\\" align=\\"left\\" /></a>Co už ale podle preview verze zase tak hladce neběž&iacute;, to je ovl&aacute;d&aacute;n&iacute; pomoc&iacute; kl&aacute;vesnice a my&scaron;i. Pakliže s t&iacute;m do vyd&aacute;n&iacute; autoři je&scaron;tě něco neudělaj&iacute;, nezbude v recenzi než zkonstatovat, že s gamepadem je to o pozn&aacute;n&iacute; lep&scaron;&iacute; a nevyžaduj&iacute;c&iacute; takov&eacute; zaučen&iacute;.</p>\r\n<p>The Force Unleashed je totiž akc&iacute; z pohledu třet&iacute; osoby, kter&aacute; byla na gamepad zjevně designov&aacute;na. Pozn&aacute;te to zejm&eacute;na při použit&iacute; telekinetick&yacute;ch Sil, kter&yacute;mi Vader a později tak&eacute; jeho učeň disponuj&iacute;. Těmi se d&aacute; v prostřed&iacute; pohybovat rozličn&yacute;mi předměty. S gamepadem je cel&aacute; z&aacute;ležitost velmi intuitivn&iacute; a do hry dobře zabudovan&aacute;, zat&iacute;mco s kombem kl&aacute;vesnice-my&scaron; už to zdaleka tak slavn&eacute; nen&iacute;.</p>\r\n<p>Na Kashyyyku konečně dojde k boji mezi Vaderem a zm&iacute;něn&yacute;m Jedim. Jedn&aacute; se o prvn&iacute; velk&yacute; souboj,<a onclick=\\"return !Win.open(this, \\''foto_fullscreen\\'');\\" href=\\"http://bonusweb.idnes.cz/pc/preview/star-wars-the-force-unleashed-na-pc-slibuje-poradnou-porci-hvezdnych-valek-1te-/fotka.MND25cf7f_1213323303.jpg.idn\\" target=\\"bonusweb\\"><img class=\\"fr\\" src=\\"http://i.idnes.cz/08/092/sph/MND25cf7f_1213323303.jpg\\" border=\\"0\\" alt=\\"Star Wars: The Force Unleashed Xbox360\\" width=\\"244\\" height=\\"183\\" align=\\"right\\" /></a> kter&yacute; absolvujete. V průběhu hry je jich cel&aacute; řada a patř&iacute; k vrcholům hratelnosti. Je třeba v nich &scaron;ikovně využ&iacute;vat bojov&yacute;ch schopnost&iacute; mečem a doplňovat je Silou. Obvykle se v nich nevyhnete ani reakčn&iacute;m hř&iacute;čk&aacute;m, kdy je zapotřeb&iacute; jen mačkat př&iacute;slu&scaron;n&aacute; tlač&iacute;tka. Souboje pak &uacute;st&iacute; ve velkolep&aacute; fin&aacute;le.</p>\r\n<p>Po prvn&iacute; misi se přesunete do budoucnosti a chop&iacute;te se dal&scaron;&iacute;ch kroků učně, kter&yacute; už si vydobyl jm&eacute;no: Starkiller. Ten nem&aacute; zdaleka tolik schopnost&iacute; jako jeho velk&yacute; učitel, zato je ale obratněj&scaron;&iacute; a kromě toho neust&aacute;le sb&iacute;r&aacute; zku&scaron;enosti, jež pak proměňuje v nov&eacute; sithovsk&eacute; techniky, bojov&eacute; man&eacute;vry a obecn&eacute; charakterov&eacute; vlastnosti.</p>\r\n<p>Střeln&eacute; zbraně Starkiller k dispozici nem&aacute; a je tomu tak dobře. Aspoň si <a class=\\"vvword\\" href=\\"http://rudolf-hubac-nej-motochema.takeit.cz/plneni-do-spreju-5663495?2237&amp;rtype=V&amp;rmain=0&amp;ritem=5663495&amp;rclanek=3641073&amp;rslovo=474588&amp;showdirect=1\\" target=\\"_blank\\">plně</a> vychutn&aacute;te to, co děl&aacute; Sitha Sithem. D&aacute;te-li si z&aacute;ležet, budete časem &uacute;tok řetězit do neuvěřitelně efektn&iacute;ch komb. Alternativně stač&iacute; drtit &uacute;točn&eacute; tlač&iacute;tko, ale pak bojov&eacute; sekvence nevypadaj&iacute; tak cool.</p>\r\n<p><a onclick=\\"return !Win.open(this, \\''foto_fullscreen\\'');\\" href=\\"http://bonusweb.idnes.cz/pc/preview/star-wars-the-force-unleashed-na-pc-slibuje-poradnou-porci-hvezdnych-valek-1te-/fotka.OSK23f02e_1205_0005.jpg.idn\\" target=\\"bonusweb\\"><img class=\\"fl\\" src=\\"http://i.idnes.cz/08/063/sph/OSK23f02e_1205_0005.jpg\\" border=\\"0\\" alt=\\"Star Wars: The Force Unleashed\\" width=\\"244\\" height=\\"183\\" align=\\"left\\" /></a>Zato ale pravděpodobně investujete do S&iacute;ly, např&iacute;klad bleskov&yacute;ch v&yacute;bojů či zm&iacute;něn&eacute; telekineze, jej&iacute;ž využ&iacute;v&aacute;n&iacute; v&aacute;s nejsp&iacute;&scaron;e až do konce hry neomrz&iacute;.</p>\r\n<p>Ve hře se pod&iacute;v&aacute;te na celou řadu m&iacute;st, kter&aacute; jste ve <a class=\\"vvword\\" href=\\"http://bontonfilm.takeit.cz/film-verejni-nepratele-4316208?31830&amp;rtype=V&amp;rmain=94661&amp;ritem=4316208&amp;rclanek=3641073&amp;rslovo=422254&amp;showdirect=1\\" target=\\"_blank\\">filmech</a> neviděli, př&iacute;padně o nich jen sly&scaron;eli. Jednou budete bojovat na planetě pokryt&eacute; džungl&iacute; proti domorodcům a Rancorům, podruh&eacute; se zase pod&iacute;v&aacute;te na planetu slouž&iacute;c&iacute; jako &scaron;roti&scaron;tě. Tam se v&aacute;m postav&iacute; obskurn&iacute; roboti. Tak&eacute; dal&scaron;&iacute; prostřed&iacute; se nese ve variabiln&iacute;m a <a class=\\"vvword\\" href=\\"http://attractive-sro.takeit.cz/atraktivni-vyrocni-zpravy-2516874-2516874?278266&amp;rtype=V&amp;rmain=46704&amp;ritem=2516874&amp;rclanek=3641073&amp;rslovo=427207&amp;showdirect=1\\" target=\\"_blank\\">atraktivn&iacute;m</a> duchu.</p>\r\n<p>Kromě toho je Starkiller m&oacute;dně založen&yacute;m Sithem, a tak si nevystač&iacute; s jedn&iacute;m oblečkem, naopak je stř&iacute;d&aacute;. Po dohr&aacute;n&iacute; si hru budete moct střihnout i za dal&scaron;&iacute; <a class=\\"vvword\\" href=\\"http://body-factory.takeit.cz/fit-menu-novinka-na-ceskem-trhu-3799539-3799539?195685&amp;rtype=V&amp;rmain=67851&amp;ritem=3799539&amp;rclanek=3641073&amp;rslovo=424867&amp;showdirect=1\\" target=\\"_blank\\">postavy</a>, jako je např&iacute;klad Darth Maul nebo Mace Windu.</p>\r\n<p>Nečekejte přitom, že v&scaron;e půjde podle Vaderova pl&aacute;nu. Ostatně ud&aacute;losti čtvrt&eacute;ho filmu ukazuj&iacute;, že<a onclick=\\"return !Win.open(this, \\''foto_fullscreen\\'');\\" href=\\"http://bonusweb.idnes.cz/pc/preview/star-wars-the-force-unleashed-na-pc-slibuje-poradnou-porci-hvezdnych-valek-1te-/fotka.MND25cf87_screen2_large.jpg.idn\\" target=\\"bonusweb\\"><img class=\\"fr\\" src=\\"http://i.idnes.cz/08/092/sph/MND25cf87_screen2_large.jpg\\" border=\\"0\\" alt=\\"Star Wars: The Force Unleashed Xbox360\\" width=\\"244\\" height=\\"183\\" align=\\"right\\" /></a> se tak docela nevyvedl. Proto v&aacute;s ve hře ček&aacute; nejedno <a class=\\"vvword\\" href=\\"http://24print-sro.takeit.cz/novinka-pro-letosni-vanoce-originalni-darek-4688747?321698&amp;rtype=V&amp;rmain=126594&amp;ritem=4688747&amp;rclanek=3641073&amp;rslovo=437048&amp;showdirect=1\\" target=\\"_blank\\">překvapen&iacute;</a> či dějov&yacute; zvrat. Prozrad&iacute;me jen tolik, že si na konci budete moct zvolit mezi temn&yacute;m a světl&yacute;m z&aacute;věrem, byť to nen&iacute; zdaleka tak očividn&aacute; volba, jak se může zd&aacute;t.</p>\r\n<p>Trojice bonusov&yacute;ch epizod navazuje pr&aacute;vě na temn&yacute; konec. Starkiller je v nich už dobře vycvičen&yacute;m sithsk&yacute;m zabij&aacute;kem a cestuje po třech m&iacute;stech zn&aacute;m&yacute;ch z filmů. Prvn&iacute;m je chr&aacute;m Jediů, jenž je přev&aacute;lcov&aacute;n klonov&yacute;mi bojovn&iacute;ky, d&aacute;le to je ledov&aacute; planeta Hoth a domov Luka Skywalkera, pou&scaron;tn&iacute; Tatooine.</p>\r\n<p>Bonusov&eacute; mise nab&iacute;zej&iacute; zaj&iacute;mav&yacute; alternativn&iacute; <a class=\\"vvword\\" href=\\"http://datalite-spol-s-ro.takeit.cz/vyvoj-sw-na-miru-3729387-3729387?18529&amp;rtype=V&amp;rmain=65783&amp;ritem=3729387&amp;rclanek=3641073&amp;rslovo=421623&amp;showdirect=1\\" target=\\"_blank\\">v&yacute;voj</a>, kter&yacute; si pohr&aacute;v&aacute; s ot&aacute;zkou \\"coby kdyby?\\" a konfrontuje s n&iacute; i zn&aacute;m&eacute; hrdiny s&aacute;gy. Zb&yacute;v&aacute; jen doufat, že se je&scaron;tě povede vyladit ovl&aacute;d&aacute;n&iacute; na kl&aacute;vesnici a my&scaron;i. Pak se můžeme tě&scaron;it na podařenou a atmosf&eacute;rickou akci.</p>\r\n<p style=\\"text-align: center;\\">&nbsp;</p>', 'star-wars-the-force-unleashed-na-pc-slibuje-poradnou-porci-hvezdnych-valek', '', '', '', NULL, NULL, NULL, 1),
(19, 66, 1, '2009-12-17 00:00:00', '2010-01-10 13:57:26', 1, 42, 'UN st"aff" ''killed', '<p>&nbsp;</p>\r\n<p>Three militants attacked a guesthouse used by the UN. They were later shot dead. Two Afghan security personnel and a civilian also died.</p>\r\n<p>The Taliban said they carried out the attack, which comes 10 days before the second round of presidential elections.</p>\r\n<p>Later, rockets were fired at the city''s five-star Serena Hotel.</p>\r\n<!-- E SF -->\r\n<p>One or two rockets were said to have landed in the grounds of the hotel, which is used by diplomats and other foreigners.</p>\r\n<p>No-one has been reported injured there, but about 100 people inside at the time were taken to secure rooms as smoke filled the lobby.</p>\r\n<p><strong>Taliban warning</strong></p>\r\n<p>The attack at the guesthouse happened just before 0600 (0130 GMT), Afghan police and the UN said.</p>\r\n<!-- S IBOX --> \r\n<table style="width: 231px;" border="0" cellspacing="0" cellpadding="0" align="right">\r\n<tbody>\r\n<tr>\r\n<td width="5"><img src="http://newsimg.bbc.co.uk/shared/img/o.gif" border="0" alt="" hspace="0" vspace="0" width="5" height="1" /></td>\r\n<td class="sibtbg">\r\n<div class="sih">ANALYSIS</div>\r\n<div class="o"><img src="http://newsimg.bbc.co.uk/media/images/46622000/jpg/_46622348_000865616-1.jpg" border="0" alt="Andrew North" hspace="0" vspace="0" width="66" height="66" align="right" /></div>\r\n<div class="mva"><strong>Andrew North, BBC News, Kabul</strong></div>\r\n<div class="mva">\r\n<p>These attacks on two high-profile targets have spread a lot of fear.</p>\r\n<p>Security preparations were getting under way to protect the vote on 7 November. There are thousands of Afghan troops in and around Kabul but determined militants are still able to get through.</p>\r\n<p>The UN guesthouses have to conform to specific rules on security but we don''t know how these militants were able to get through the security.</p>\r\n</div>\r\n</td>\r\n</tr>\r\n</tbody>\r\n</table>\r\n<!-- E IBOX -->\r\n<p>The private Bekhtar Guesthouse is used by the UN and other international organisations.</p>\r\n<p>The US embassy confirmed one of the dead was an American.</p>\r\n<p>Taliban spokesman Zabiullah Mujahid claimed responsibility for the attack in a telephone call to the Associated Press.</p>\r\n<p>He said three Taliban militants with suicide vests, grenades and machine guns had carried out the assault.</p>\r\n<p>UN spokesman Aleem Siddique told the BBC there was gunfire and an explosion outside the building as UN employees tried to flee. Streets were cordoned off by police.</p>\r\n<p>The three gunmen were shot dead and the incident ended at about 0830 local time.</p>\r\n<p>It was not immediately known how many people were inside the guesthouse at the time. The building was gutted by fire.</p>\r\n<!-- S IBOX --> \r\n<table style="width: 231px;" border="0" cellspacing="0" cellpadding="0" align="right">\r\n<tbody>\r\n<tr>\r\n<td width="5"><img src="http://newsimg.bbc.co.uk/shared/img/o.gif" border="0" alt="" hspace="0" vspace="0" width="5" height="1" /></td>\r\n<td class="sibtbg">\r\n<div>\r\n<div class="mva"><img src="http://newsimg.bbc.co.uk/nol/shared/img/v3/start_quote_rb.gif" border="0" alt="" width="24" height="13" /> <strong>Much of the gunfire was random - security guards shooting at nothing</strong> <img src="http://newsimg.bbc.co.uk/nol/shared/img/v3/end_quote_rb.gif" border="0" alt="" vspace="0" width="23" height="13" align="right" /></div>\r\n</div>\r\n<div class="mva">\r\n<div>Kabul eyewitness</div>\r\n</div>\r\n<div class="o"><img src="http://newsimg.bbc.co.uk/nol/shared/img/v3/inline_dashed_line.gif" border="0" alt="" hspace="0" vspace="2" width="226" height="1" /></div>\r\n<div class="miiib"><!-- S ILIN -->\r\n<div class="arr"><a href="http://news.bbc.co.uk/2/hi/middle_east/8329188.stm">In pictures: Kabul UN attacks</a></div>\r\n<!-- E ILIN --> <!-- S ILIN -->\r\n<div class="arr"><a href="http://news.bbc.co.uk/2/hi/south_asia/8329129.stm">US to pay Taliban to switch sides</a></div>\r\n<!-- E ILIN --></div>\r\n</td>\r\n</tr>\r\n</tbody>\r\n</table>\r\n<!-- E IBOX -->\r\n<p>One foreign Kabul resident told the BBC the attack involved multiple grenades and automatic weapons.</p>\r\n<p>"I saw people on the roof [security guards] and one woman climbed down from a second storey balcony after she had stood screaming and shouting for about five minutes for someone to come help her. Much of the gunfire was random - security guards shooting at nothing," he said.</p>\r\n<p>The US embassy condemned the attack, saying it was "shocked and saddened".</p>\r\n<p>"Attacking civilian workers will not lessen our determination to support the Afghan people and their election process," the embassy said.</p>\r\n" lang="cs" class="tinymce ardicle_text_class"&gt;" lang="cs" class="tinymce ardicle_text_class"&gt;', 'un-staff-killed-in-kabul-attack', '', '<p>&nbsp;</p>\r\n<p>Three militants attacked a guesthouse used by the UN. They were later shot dead. Two Afghan security personnel and a civilian also died.</p>\r\n<p>The Taliban said they carried out the attack, which comes 10 days before the second round of presidential elections.</p>\r\n<p>Later, rockets were fired at the city''s five-star Serena Hotel.</p>\r\n<!-- E SF -->\r\n<p>One or two rockets were said to have landed in the grounds of the hotel, which is used by diplomats and other foreigners.</p>\r\n<p>No-one has been reported injured there, but about 100 people inside at the time were taken to secure rooms as smoke filled the lobby.</p>\r\n<p><strong>Taliban warning</strong></p>\r\n<p>The attack at the guesthouse happened just before 0600 (0130 GMT), Afghan police and the UN said.</p>\r\n<!-- S IBOX --> \r\n<table style="width: 231px;" border="0" cellspacing="0" cellpadding="0" align="right">\r\n<tbody>\r\n<tr>\r\n<td width="5"><img src="http://newsimg.bbc.co.uk/shared/img/o.gif" border="0" alt="" hspace="0" vspace="0" width="5" height="1" /></td>\r\n<td class="sibtbg">\r\n<div class="sih">ANALYSIS</div>\r\n<div class="o"><img src="http://newsimg.bbc.co.uk/media/images/46622000/jpg/_46622348_000865616-1.jpg" border="0" alt="Andrew North" hspace="0" vspace="0" width="66" height="66" align="right" /></div>\r\n<div class="mva"><strong>Andrew North, BBC News, Kabul</strong></div>\r\n<div class="mva">\r\n<p>These attacks on two high-profile targets have spread a lot of fear.</p>\r\n<p>Security preparations were getting under way to protect the vote on 7 November. There are thousands of Afghan troops in and around Kabul but determined militants are still able to get through.</p>\r\n<p>The UN guesthouses have to conform to specific rules on security but we don''t know how these militants were able to get through the security.</p>\r\n</div>\r\n</td>\r\n</tr>\r\n</tbody>\r\n</table>\r\n<!-- E IBOX -->\r\n<p>The private Bekhtar Guesthouse is used by the UN and other international organisations.</p>\r\n<p>The US embassy confirmed one of the dead was an American.</p>\r\n<p>Taliban spokesman Zabiullah Mujahid claimed responsibility for the attack in a telephone call to the Associated Press.</p>\r\n<p>He said three Taliban militants with suicide vests, grenades and machine guns had carried out the assault.</p>\r\n<p>UN spokesman Aleem Siddique told the BBC there was gunfire and an explosion outside the building as UN employees tried to flee. Streets were cordoned off by police.</p>\r\n<p>The three gunmen were shot dead and the incident ended at about 0830 local time.</p>\r\n<p>It was not immediately known how many people were inside the guesthouse at the time. The building was gutted by fire.</p>\r\n<!-- S IBOX --> \r\n<table style="width: 231px;" border="0" cellspacing="0" cellpadding="0" align="right">\r\n<tbody>\r\n<tr>\r\n<td width="5"><img src="http://newsimg.bbc.co.uk/shared/img/o.gif" border="0" alt="" hspace="0" vspace="0" width="5" height="1" /></td>\r\n<td class="sibtbg">\r\n<div>\r\n<div class="mva"><img src="http://newsimg.bbc.co.uk/nol/shared/img/v3/start_quote_rb.gif" border="0" alt="" width="24" height="13" /> <strong>Much of the gunfire was random - security guards shooting at nothing</strong> <img src="http://newsimg.bbc.co.uk/nol/shared/img/v3/end_quote_rb.gif" border="0" alt="" vspace="0" width="23" height="13" align="right" /></div>\r\n</div>\r\n<div class="mva">\r\n<div>Kabul eyewitness</div>\r\n</div>\r\n<div class="o"><img src="http://newsimg.bbc.co.uk/nol/shared/img/v3/inline_dashed_line.gif" border="0" alt="" hspace="0" vspace="2" width="226" height="1" /></div>\r\n<div class="miiib"><!-- S ILIN -->\r\n<div class="arr"><a href="http://news.bbc.co.uk/2/hi/middle_east/8329188.stm">In pictures: Kabul UN attacks</a></div>\r\n<!-- E ILIN --> <!-- S ILIN -->\r\n<div class="arr"><a href="http://news.bbc.co.uk/2/hi/south_asia/8329129.stm">US to pay Taliban to switch sides</a></div>\r\n<!-- E ILIN --></div>\r\n</td>\r\n</tr>\r\n</tbody>\r\n</table>\r\n<!-- E IBOX -->\r\n<p>One foreign Kabul resident told the BBC the attack involved multiple grenades and automatic weapons.</p>\r\n<p>"I saw people on the roof [security guards] and one woman climbed down from a second storey balcony after she had stood screaming and shouting for about five minutes for someone to come help her. Much of the gunfire was random - security guards shooting at nothing," he said.</p>\r\n<p>The US embassy condemned the attack, saying it was "shocked and saddened".</p>\r\n<p>"Attacking civilian workers will not lessen our determination to support the Afghan people and their election process," the embassy said.</p>\r\n" lang="cs" class="tinymce ardicle_text_class"&gt;" lang="cs" class="tinymce ardicle_text_class"&gt;', '', '', '<p>&nbsp;</p>\r\n<p>Three militants attacked a guesthouse used by the UN. They were later shot dead. Two Afghan security personnel and a civilian also died.</p>\r\n<p>The Taliban said they carried out the attack, which comes 10 days before the second round of presidential elections.</p>\r\n<p>Later, rockets were fired at the city''s five-star Serena Hotel.</p>\r\n<!-- E SF -->\r\n<p>One or two rockets were said to have landed in the grounds of the hotel, which is used by diplomats and other foreigners.</p>\r\n<p>No-one has been reported injured there, but about 100 people inside at the time were taken to secure rooms as smoke filled the lobby.</p>\r\n<p><strong>Taliban warning</strong></p>\r\n<p>The attack at the guesthouse happened just before 0600 (0130 GMT), Afghan police and the UN said.</p>\r\n<!-- S IBOX --> \r\n<table style="width: 231px;" border="0" cellspacing="0" cellpadding="0" align="right">\r\n<tbody>\r\n<tr>\r\n<td width="5"><img src="http://newsimg.bbc.co.uk/shared/img/o.gif" border="0" alt="" hspace="0" vspace="0" width="5" height="1" /></td>\r\n<td class="sibtbg">\r\n<div class="sih">ANALYSIS</div>\r\n<div class="o"><img src="http://newsimg.bbc.co.uk/media/images/46622000/jpg/_46622348_000865616-1.jpg" border="0" alt="Andrew North" hspace="0" vspace="0" width="66" height="66" align="right" /></div>\r\n<div class="mva"><strong>Andrew North, BBC News, Kabul</strong></div>\r\n<div class="mva">\r\n<p>These attacks on two high-profile targets have spread a lot of fear.</p>\r\n<p>Security preparations were getting under way to protect the vote on 7 November. There are thousands of Afghan troops in and around Kabul but determined militants are still able to get through.</p>\r\n<p>The UN guesthouses have to conform to specific rules on security but we don''t know how these militants were able to get through the security.</p>\r\n</div>\r\n</td>\r\n</tr>\r\n</tbody>\r\n</table>\r\n<!-- E IBOX -->\r\n<p>The private Bekhtar Guesthouse is used by the UN and other international organisations.</p>\r\n<p>The US embassy confirmed one of the dead was an American.</p>\r\n<p>Taliban spokesman Zabiullah Mujahid claimed responsibility for the attack in a telephone call to the Associated Press.</p>\r\n<p>He said three Taliban militants with suicide vests, grenades and machine guns had carried out the assault.</p>\r\n<p>UN spokesman Aleem Siddique told the BBC there was gunfire and an explosion outside the building as UN employees tried to flee. Streets were cordoned off by police.</p>\r\n<p>The three gunmen were shot dead and the incident ended at about 0830 local time.</p>\r\n<p>It was not immediately known how many people were inside the guesthouse at the time. The building was gutted by fire.</p>\r\n<!-- S IBOX --> \r\n<table style="width: 231px;" border="0" cellspacing="0" cellpadding="0" align="right">\r\n<tbody>\r\n<tr>\r\n<td width="5"><img src="http://newsimg.bbc.co.uk/shared/img/o.gif" border="0" alt="" hspace="0" vspace="0" width="5" height="1" /></td>\r\n<td class="sibtbg">\r\n<div>\r\n<div class="mva"><img src="http://newsimg.bbc.co.uk/nol/shared/img/v3/start_quote_rb.gif" border="0" alt="" width="24" height="13" /> <strong>Much of the gunfire was random - security guards shooting at nothing</strong> <img src="http://newsimg.bbc.co.uk/nol/shared/img/v3/end_quote_rb.gif" border="0" alt="" vspace="0" width="23" height="13" align="right" /></div>\r\n</div>\r\n<div class="mva">\r\n<div>Kabul eyewitness</div>\r\n</div>\r\n<div class="o"><img src="http://newsimg.bbc.co.uk/nol/shared/img/v3/inline_dashed_line.gif" border="0" alt="" hspace="0" vspace="2" width="226" height="1" /></div>\r\n<div class="miiib"><!-- S ILIN -->\r\n<div class="arr"><a href="http://news.bbc.co.uk/2/hi/middle_east/8329188.stm">In pictures: Kabul UN attacks</a></div>\r\n<!-- E ILIN --> <!-- S ILIN -->\r\n<div class="arr"><a href="http://news.bbc.co.uk/2/hi/south_asia/8329129.stm">US to pay Taliban to switch sides</a></div>\r\n<!-- E ILIN --></div>\r\n</td>\r\n</tr>\r\n</tbody>\r\n</table>\r\n<!-- E IBOX -->\r\n<p>One foreign Kabul resident told the BBC the attack involved multiple grenades and automatic weapons.</p>\r\n<p>"I saw people on the roof [security guards] and one woman climbed down from a second storey balcony after she had stood screaming and shouting for about five minutes for someone to come help her. Much of the gunfire was random - security guards shooting at nothing," he said.</p>\r\n<p>The US embassy condemned the attack, saying it was "shocked and saddened".</p>\r\n<p>"Attacking civilian workers will not lessen our determination to support the Afghan people and their election process," the embassy said.</p>\r\n" lang="cs" class="tinymce ardicle_text_class"&gt;" lang="cs" class="tinymce ardicle_text_class"&gt;', '', 1);
INSERT INTO `vypecky_articles` (`id_article`, `id_cat`, `id_user`, `add_time`, `edit_time`, `is_user_last_edit`, `viewed`, `name_cs`, `text_cs`, `urlkey_cs`, `name_en`, `text_en`, `urlkey_en`, `name_de`, `text_de`, `urlkey_de`, `public`) VALUES
(20, 66, 1, '2009-12-09 00:00:00', '2010-01-11 00:41:07', 1, 26, 'Six foreign UN employees have been killed', '<p class="first"><strong>Six foreign UN employees have been killed and nine wounded in an attack in Kabul, the deadliest on the UN in Afghanistan since the Taliban''s fall.</strong></p>\r\n<p>Three militants attacked a guesthouse used by the UN. They were later shot dead. Two Afghan security personnel and a civilian also died.</p>\r\n<p>The Taliban said they carried out the attack, which comes 10 days before the second round of presidential elections.</p>\r\n<p>Later, rockets were fired at the city''s five-star Serena Hotel.</p>\r\n<!-- E SF -->\r\n<p>One or two rockets were said to have landed in the grounds of the hotel, which is used by diplomats and other foreigners.</p>\r\n<p>No-one has been reported injured there, but about 100 people inside at the time were taken to secure rooms as smoke filled the lobby.</p>\r\n<p><strong>Taliban warning</strong></p>\r\n<p>The attack at the guesthouse happened just before 0600 (0130 GMT), Afghan police and the UN said.</p>\r\n<!-- S IBOX --> \r\n<table style="width: 231px;" border="0" cellspacing="0" cellpadding="0" align="right">\r\n<tbody>\r\n<tr>\r\n<td width="5"></td>\r\n<td class="sibtbg">\r\n<div class="sih">ANALYSIS</div>\r\n<div class="o"></div>\r\n<div class="mva"><strong>Andrew North, BBC News, Kabul</strong></div>\r\n<div class="mva">\r\n<p>These attacks on two high-profile targets have spread a lot of fear.</p>\r\n<p>Security preparations were getting under way to protect the vote on 7 November. There are thousands of Afghan troops in and around Kabul but determined militants are still able to get through.</p>\r\n<p>The UN guesthouses have to conform to specific rules on security but we don''t know how these militants were able to get through the security.</p>\r\n</div>\r\n</td>\r\n</tr>\r\n</tbody>\r\n</table>\r\n<!-- E IBOX -->\r\n<p>The private Bekhtar Guesthouse is used by the UN and other international organisations.</p>\r\n<p>The US embassy confirmed one of the dead was an American.</p>\r\n<p>Taliban spokesman Zabiullah Mujahid claimed responsibility for the attack in a telephone call to the Associated Press.</p>\r\n<p>He said three Taliban militants with suicide vests, grenades and machine guns had carried out the assault.</p>\r\n<p>UN spokesman Aleem Siddique told the BBC there was gunfire and an explosion outside the building as UN employees tried to flee. Streets were cordoned off by police.</p>\r\n<p>The three gunmen were shot dead and the incident ended at about 0830 local time.</p>\r\n<p>It was not immediately known how many people were inside the guesthouse at the time. The building was gutted by fire.</p>\r\n<!-- S IBOX --> \r\n<table style="width: 231px;" border="0" cellspacing="0" cellpadding="0" align="right">\r\n<tbody>\r\n<tr>\r\n<td width="5"></td>\r\n<td class="sibtbg">\r\n<div>\r\n<div class="mva">&nbsp;<strong>Much of the gunfire was random - security guards shooting at nothing</strong></div>\r\n</div>\r\n<div class="mva">\r\n<div>Kabul eyewitness</div>\r\n</div>\r\n<div class="miiib"><!-- S ILIN -->\r\n<div class="arr"><a href="http://news.bbc.co.uk/2/hi/middle_east/8329188.stm">In pictures: Kabul UN attacks</a></div>\r\n<!-- E ILIN --> <!-- S ILIN -->\r\n<div class="arr"><a href="http://news.bbc.co.uk/2/hi/south_asia/8329129.stm">US to pay Taliban to switch sides</a></div>\r\n<!-- E ILIN --></div>\r\n</td>\r\n</tr>\r\n</tbody>\r\n</table>\r\n<!-- E IBOX -->\r\n<p>One foreign Kabul resident told the BBC the attack involved multiple grenades and automatic weapons.</p>\r\n<p>"I saw people on the roof [security guards] and one woman climbed down from a second storey balcony after she had stood screaming and shouting for about five minutes for someone to come help her. Much of the gunfire was random - security guards shooting at nothing," he said.</p>\r\n<p>The US embassy condemned the attack, saying it was "shocked and saddened".</p>\r\n<p>"Attacking civilian workers will not lessen our determination to support the Afghan people and their election process," the embassy said.</p>', 'six-foreign-un-employees-have-been-killed', '', '<p class="first"><strong>Six foreign UN employees have been killed and nine wounded in an attack in Kabul, the deadliest on the UN in Afghanistan since the Taliban''s fall.</strong></p>\r\n<p>Three militants attacked a guesthouse used by the UN. They were later shot dead. Two Afghan security personnel and a civilian also died.</p>\r\n<p>The Taliban said they carried out the attack, which comes 10 days before the second round of presidential elections.</p>\r\n<p>Later, rockets were fired at the city''s five-star Serena Hotel.</p>\r\n<!-- E SF -->\r\n<p>One or two rockets were said to have landed in the grounds of the hotel, which is used by diplomats and other foreigners.</p>\r\n<p>No-one has been reported injured there, but about 100 people inside at the time were taken to secure rooms as smoke filled the lobby.</p>\r\n<p><strong>Taliban warning</strong></p>\r\n<p>The attack at the guesthouse happened just before 0600 (0130 GMT), Afghan police and the UN said.</p>\r\n<!-- S IBOX --> \r\n<table style="width: 231px;" border="0" cellspacing="0" cellpadding="0" align="right">\r\n<tbody>\r\n<tr>\r\n<td width="5"><img src="http://newsimg.bbc.co.uk/shared/img/o.gif" border="0" alt="" hspace="0" vspace="0" width="5" height="1" /></td>\r\n<td class="sibtbg">\r\n<div class="sih">ANALYSIS</div>\r\n<div class="o"><img src="http://newsimg.bbc.co.uk/media/images/46622000/jpg/_46622348_000865616-1.jpg" border="0" alt="Andrew North" hspace="0" vspace="0" width="66" height="66" align="right" /></div>\r\n<div class="mva"><strong>Andrew North, BBC News, Kabul</strong></div>\r\n<div class="mva">\r\n<p>These attacks on two high-profile targets have spread a lot of fear.</p>\r\n<p>Security preparations were getting under way to protect the vote on 7 November. There are thousands of Afghan troops in and around Kabul but determined militants are still able to get through.</p>\r\n<p>The UN guesthouses have to conform to specific rules on security but we don''t know how these militants were able to get through the security.</p>\r\n</div>\r\n</td>\r\n</tr>\r\n</tbody>\r\n</table>\r\n<!-- E IBOX -->\r\n<p>The private Bekhtar Guesthouse is used by the UN and other international organisations.</p>\r\n<p>The US embassy confirmed one of the dead was an American.</p>\r\n<p>Taliban spokesman Zabiullah Mujahid claimed responsibility for the attack in a telephone call to the Associated Press.</p>\r\n<p>He said three Taliban militants with suicide vests, grenades and machine guns had carried out the assault.</p>\r\n<p>UN spokesman Aleem Siddique told the BBC there was gunfire and an explosion outside the building as UN employees tried to flee. Streets were cordoned off by police.</p>\r\n<p>The three gunmen were shot dead and the incident ended at about 0830 local time.</p>\r\n<p>It was not immediately known how many people were inside the guesthouse at the time. The building was gutted by fire.</p>\r\n<!-- S IBOX --> \r\n<table style="width: 231px;" border="0" cellspacing="0" cellpadding="0" align="right">\r\n<tbody>\r\n<tr>\r\n<td width="5"><img src="http://newsimg.bbc.co.uk/shared/img/o.gif" border="0" alt="" hspace="0" vspace="0" width="5" height="1" /></td>\r\n<td class="sibtbg">\r\n<div>\r\n<div class="mva"><img src="http://newsimg.bbc.co.uk/nol/shared/img/v3/start_quote_rb.gif" border="0" alt="" width="24" height="13" /> <strong>Much of the gunfire was random - security guards shooting at nothing</strong> <img src="http://newsimg.bbc.co.uk/nol/shared/img/v3/end_quote_rb.gif" border="0" alt="" vspace="0" width="23" height="13" align="right" /></div>\r\n</div>\r\n<div class="mva">\r\n<div>Kabul eyewitness</div>\r\n</div>\r\n<div class="o"><img src="http://newsimg.bbc.co.uk/nol/shared/img/v3/inline_dashed_line.gif" border="0" alt="" hspace="0" vspace="2" width="226" height="1" /></div>\r\n<div class="miiib"><!-- S ILIN -->\r\n<div class="arr"><a href="http://news.bbc.co.uk/2/hi/middle_east/8329188.stm">In pictures: Kabul UN attacks</a></div>\r\n<!-- E ILIN --> <!-- S ILIN -->\r\n<div class="arr"><a href="http://news.bbc.co.uk/2/hi/south_asia/8329129.stm">US to pay Taliban to switch sides</a></div>\r\n<!-- E ILIN --></div>\r\n</td>\r\n</tr>\r\n</tbody>\r\n</table>\r\n<!-- E IBOX -->\r\n<p>One foreign Kabul resident told the BBC the attack involved multiple grenades and automatic weapons.</p>\r\n<p>"I saw people on the roof [security guards] and one woman climbed down from a second storey balcony after she had stood screaming and shouting for about five minutes for someone to come help her. Much of the gunfire was random - security guards shooting at nothing," he said.</p>\r\n<p>The US embassy condemned the attack, saying it was "shocked and saddened".</p>\r\n<p>"Attacking civilian workers will not lessen our determination to support the Afghan people and their election process," the embassy said.</p>\r\n<p class="first"><strong>Six foreign UN employees have been killed and nine wounded in an attack in Kabul, the deadliest on the UN in Afghanistan since the Taliban''s fall.</strong></p>\r\n<p>Three militants attacked a guesthouse used by the UN. They were later shot dead. Two Afghan security personnel and a civilian also died.</p>\r\n<p>The Taliban said they carried out the attack, which comes 10 days before the second round of presidential elections.</p>\r\n<p>Later, rockets were fired at the city''s five-star Serena Hotel.</p>\r\n<!-- E SF -->\r\n<p>One or two rockets were said to have landed in the grounds of the hotel, which is used by diplomats and other foreigners.</p>\r\n<p>No-one has been reported injured there, but about 100 people inside at the time were taken to secure rooms as smoke filled the lobby.</p>\r\n<p><strong>Taliban warning</strong></p>\r\n<p>The attack at the guesthouse happened just before 0600 (0130 GMT), Afghan police and the UN said.</p>\r\n<!-- S IBOX --> \r\n<table style="width: 231px;" border="0" cellspacing="0" cellpadding="0" align="right">\r\n<tbody>\r\n<tr>\r\n<td width="5"><img src="http://newsimg.bbc.co.uk/shared/img/o.gif" border="0" alt="" hspace="0" vspace="0" width="5" height="1" /></td>\r\n<td class="sibtbg">\r\n<div class="sih">ANALYSIS</div>\r\n<div class="o"><img src="http://newsimg.bbc.co.uk/media/images/46622000/jpg/_46622348_000865616-1.jpg" border="0" alt="Andrew North" hspace="0" vspace="0" width="66" height="66" align="right" /></div>\r\n<div class="mva"><strong>Andrew North, BBC News, Kabul</strong></div>\r\n<div class="mva">\r\n<p>These attacks on two high-profile targets have spread a lot of fear.</p>\r\n<p>Security preparations were getting under way to protect the vote on 7 November. There are thousands of Afghan troops in and around Kabul but determined militants are still able to get through.</p>\r\n<p>The UN guesthouses have to conform to specific rules on security but we don''t know how these militants were able to get through the security.</p>\r\n</div>\r\n</td>\r\n</tr>\r\n</tbody>\r\n</table>\r\n<!-- E IBOX -->\r\n<p>The private Bekhtar Guesthouse is used by the UN and other international organisations.</p>\r\n<p>The US embassy confirmed one of the dead was an American.</p>\r\n<p>Taliban spokesman Zabiullah Mujahid claimed responsibility for the attack in a telephone call to the Associated Press.</p>\r\n<p>He said three Taliban militants with suicide vests, grenades and machine guns had carried out the assault.</p>\r\n<p>UN spokesman Aleem Siddique told the BBC there was gunfire and an explosion outside the building as UN employees tried to flee. Streets were cordoned off by police.</p>\r\n<p>The three gunmen were shot dead and the incident ended at about 0830 local time.</p>\r\n<p>It was not immediately known how many people were inside the guesthouse at the time. The building was gutted by fire.</p>\r\n<!-- S IBOX --> \r\n<table style="width: 231px;" border="0" cellspacing="0" cellpadding="0" align="right">\r\n<tbody>\r\n<tr>\r\n<td width="5"><img src="http://newsimg.bbc.co.uk/shared/img/o.gif" border="0" alt="" hspace="0" vspace="0" width="5" height="1" /></td>\r\n<td class="sibtbg">\r\n<div>\r\n<div class="mva"><img src="http://newsimg.bbc.co.uk/nol/shared/img/v3/start_quote_rb.gif" border="0" alt="" width="24" height="13" /> <strong>Much of the gunfire was random - security guards shooting at nothing</strong> <img src="http://newsimg.bbc.co.uk/nol/shared/img/v3/end_quote_rb.gif" border="0" alt="" vspace="0" width="23" height="13" align="right" /></div>\r\n</div>\r\n<div class="mva">\r\n<div>Kabul eyewitness</div>\r\n</div>\r\n<div class="o"><img src="http://newsimg.bbc.co.uk/nol/shared/img/v3/inline_dashed_line.gif" border="0" alt="" hspace="0" vspace="2" width="226" height="1" /></div>\r\n<div class="miiib"><!-- S ILIN -->\r\n<div class="arr"><a href="http://news.bbc.co.uk/2/hi/middle_east/8329188.stm">In pictures: Kabul UN attacks</a></div>\r\n<!-- E ILIN --> <!-- S ILIN -->\r\n<div class="arr"><a href="http://news.bbc.co.uk/2/hi/south_asia/8329129.stm">US to pay Taliban to switch sides</a></div>\r\n<!-- E ILIN --></div>\r\n</td>\r\n</tr>\r\n</tbody>\r\n</table>\r\n<!-- E IBOX -->\r\n<p>One foreign Kabul resident told the BBC the attack involved multiple grenades and automatic weapons.</p>\r\n<p>"I saw people on the roof [security guards] and one woman climbed down from a second storey balcony after she had stood screaming and shouting for about five minutes for someone to come help her. Much of the gunfire was random - security guards shooting at nothing," he said.</p>\r\n<p>The US embassy condemned the attack, saying it was "shocked and saddened".</p>\r\n<p>"Attacking civilian workers will not lessen our determination to support the Afghan people and their election process," the embassy said.</p>\r\n<p class="first"><strong>Six foreign UN employees have been killed and nine wounded in an attack in Kabul, the deadliest on the UN in Afghanistan since the Taliban''s fall.</strong></p>\r\n<p>Three militants attacked a guesthouse used by the UN. They were later shot dead. Two Afghan security personnel and a civilian also died.</p>\r\n<p>The Taliban said they carried out the attack, which comes 10 days before the second round of presidential elections.</p>\r\n<p>Later, rockets were fired at the city''s five-star Serena Hotel.</p>\r\n<!-- E SF -->\r\n<p>One or two rockets were said to have landed in the grounds of the hotel, which is used by diplomats and other foreigners.</p>\r\n<p>No-one has been reported injured there, but about 100 people inside at the time were taken to secure rooms as smoke filled the lobby.</p>\r\n<p><strong>Taliban warning</strong></p>\r\n<p>The attack at the guesthouse happened just before 0600 (0130 GMT), Afghan police and the UN said.</p>\r\n<!-- S IBOX --> \r\n<table style="width: 231px;" border="0" cellspacing="0" cellpadding="0" align="right">\r\n<tbody>\r\n<tr>\r\n<td width="5"><img src="http://newsimg.bbc.co.uk/shared/img/o.gif" border="0" alt="" hspace="0" vspace="0" width="5" height="1" /></td>\r\n<td class="sibtbg">\r\n<div class="sih">ANALYSIS</div>\r\n<div class="o"><img src="http://newsimg.bbc.co.uk/media/images/46622000/jpg/_46622348_000865616-1.jpg" border="0" alt="Andrew North" hspace="0" vspace="0" width="66" height="66" align="right" /></div>\r\n<div class="mva"><strong>Andrew North, BBC News, Kabul</strong></div>\r\n<div class="mva">\r\n<p>These attacks on two high-profile targets have spread a lot of fear.</p>\r\n<p>Security preparations were getting under way to protect the vote on 7 November. There are thousands of Afghan troops in and around Kabul but determined militants are still able to get through.</p>\r\n<p>The UN guesthouses have to conform to specific rules on security but we don''t know how these militants were able to get through the security.</p>\r\n</div>\r\n</td>\r\n</tr>\r\n</tbody>\r\n</table>\r\n<!-- E IBOX -->\r\n<p>The private Bekhtar Guesthouse is used by the UN and other international organisations.</p>\r\n<p>The US embassy confirmed one of the dead was an American.</p>\r\n<p>Taliban spokesman Zabiullah Mujahid claimed responsibility for the attack in a telephone call to the Associated Press.</p>\r\n<p>He said three Taliban militants with suicide vests, grenades and machine guns had carried out the assault.</p>\r\n<p>UN spokesman Aleem Siddique told the BBC there was gunfire and an explosion outside the building as UN employees tried to flee. Streets were cordoned off by police.</p>\r\n<p>The three gunmen were shot dead and the incident ended at about 0830 local time.</p>\r\n<p>It was not immediately known how many people were inside the guesthouse at the time. The building was gutted by fire.</p>\r\n<!-- S IBOX --> \r\n<table style="width: 231px;" border="0" cellspacing="0" cellpadding="0" align="right">\r\n<tbody>\r\n<tr>\r\n<td width="5"><img src="http://newsimg.bbc.co.uk/shared/img/o.gif" border="0" alt="" hspace="0" vspace="0" width="5" height="1" /></td>\r\n<td class="sibtbg">\r\n<div>\r\n<div class="mva"><img src="http://newsimg.bbc.co.uk/nol/shared/img/v3/start_quote_rb.gif" border="0" alt="" width="24" height="13" /> <strong>Much of the gunfire was random - security guards shooting at nothing</strong> <img src="http://newsimg.bbc.co.uk/nol/shared/img/v3/end_quote_rb.gif" border="0" alt="" vspace="0" width="23" height="13" align="right" /></div>\r\n</div>\r\n<div class="mva">\r\n<div>Kabul eyewitness</div>\r\n</div>\r\n<div class="o"><img src="http://newsimg.bbc.co.uk/nol/shared/img/v3/inline_dashed_line.gif" border="0" alt="" hspace="0" vspace="2" width="226" height="1" /></div>\r\n<div class="miiib"><!-- S ILIN -->\r\n<div class="arr"><a href="http://news.bbc.co.uk/2/hi/middle_east/8329188.stm">In pictures: Kabul UN attacks</a></div>\r\n<!-- E ILIN --> <!-- S ILIN -->\r\n<div class="arr"><a href="http://news.bbc.co.uk/2/hi/south_asia/8329129.stm">US to pay Taliban to switch sides</a></div>\r\n<!-- E ILIN --></div>\r\n</td>\r\n</tr>\r\n</tbody>\r\n</table>\r\n<!-- E IBOX -->\r\n<p>One foreign Kabul resident told the BBC the attack involved multiple grenades and automatic weapons.</p>\r\n<p>"I saw people on the roof [security guards] and one woman climbed down from a second storey balcony after she had stood screaming and shouting for about five minutes for someone to come help her. Much of the gunfire was random - security guards shooting at nothing," he said.</p>\r\n<p>The US embassy condemned the attack, saying it was "shocked and saddened".</p>\r\n<p>"Attacking civilian workers will not lessen our determination to support the Afghan people and their election process," the embassy said.</p>', '', '', '<p class="first"><strong>Six foreign UN employees have been killed and nine wounded in an attack in Kabul, the deadliest on the UN in Afghanistan since the Taliban''s fall.</strong></p>\r\n<p>Three militants attacked a guesthouse used by the UN. They were later shot dead. Two Afghan security personnel and a civilian also died.</p>\r\n<p>The Taliban said they carried out the attack, which comes 10 days before the second round of presidential elections.</p>\r\n<p>Later, rockets were fired at the city''s five-star Serena Hotel.</p>\r\n<!-- E SF -->\r\n<p>One or two rockets were said to have landed in the grounds of the hotel, which is used by diplomats and other foreigners.</p>\r\n<p>No-one has been reported injured there, but about 100 people inside at the time were taken to secure rooms as smoke filled the lobby.</p>\r\n<p><strong>Taliban warning</strong></p>\r\n<p>The attack at the guesthouse happened just before 0600 (0130 GMT), Afghan police and the UN said.</p>\r\n<!-- S IBOX --> \r\n<table style="width: 231px;" border="0" cellspacing="0" cellpadding="0" align="right">\r\n<tbody>\r\n<tr>\r\n<td width="5"><img src="http://newsimg.bbc.co.uk/shared/img/o.gif" border="0" alt="" hspace="0" vspace="0" width="5" height="1" /></td>\r\n<td class="sibtbg">\r\n<div class="sih">ANALYSIS</div>\r\n<div class="o"><img src="http://newsimg.bbc.co.uk/media/images/46622000/jpg/_46622348_000865616-1.jpg" border="0" alt="Andrew North" hspace="0" vspace="0" width="66" height="66" align="right" /></div>\r\n<div class="mva"><strong>Andrew North, BBC News, Kabul</strong></div>\r\n<div class="mva">\r\n<p>These attacks on two high-profile targets have spread a lot of fear.</p>\r\n<p>Security preparations were getting under way to protect the vote on 7 November. There are thousands of Afghan troops in and around Kabul but determined militants are still able to get through.</p>\r\n<p>The UN guesthouses have to conform to specific rules on security but we don''t know how these militants were able to get through the security.</p>\r\n</div>\r\n</td>\r\n</tr>\r\n</tbody>\r\n</table>\r\n<!-- E IBOX -->\r\n<p>The private Bekhtar Guesthouse is used by the UN and other international organisations.</p>\r\n<p>The US embassy confirmed one of the dead was an American.</p>\r\n<p>Taliban spokesman Zabiullah Mujahid claimed responsibility for the attack in a telephone call to the Associated Press.</p>\r\n<p>He said three Taliban militants with suicide vests, grenades and machine guns had carried out the assault.</p>\r\n<p>UN spokesman Aleem Siddique told the BBC there was gunfire and an explosion outside the building as UN employees tried to flee. Streets were cordoned off by police.</p>\r\n<p>The three gunmen were shot dead and the incident ended at about 0830 local time.</p>\r\n<p>It was not immediately known how many people were inside the guesthouse at the time. The building was gutted by fire.</p>\r\n<!-- S IBOX --> \r\n<table style="width: 231px;" border="0" cellspacing="0" cellpadding="0" align="right">\r\n<tbody>\r\n<tr>\r\n<td width="5"><img src="http://newsimg.bbc.co.uk/shared/img/o.gif" border="0" alt="" hspace="0" vspace="0" width="5" height="1" /></td>\r\n<td class="sibtbg">\r\n<div>\r\n<div class="mva"><img src="http://newsimg.bbc.co.uk/nol/shared/img/v3/start_quote_rb.gif" border="0" alt="" width="24" height="13" /> <strong>Much of the gunfire was random - security guards shooting at nothing</strong> <img src="http://newsimg.bbc.co.uk/nol/shared/img/v3/end_quote_rb.gif" border="0" alt="" vspace="0" width="23" height="13" align="right" /></div>\r\n</div>\r\n<div class="mva">\r\n<div>Kabul eyewitness</div>\r\n</div>\r\n<div class="o"><img src="http://newsimg.bbc.co.uk/nol/shared/img/v3/inline_dashed_line.gif" border="0" alt="" hspace="0" vspace="2" width="226" height="1" /></div>\r\n<div class="miiib"><!-- S ILIN -->\r\n<div class="arr"><a href="http://news.bbc.co.uk/2/hi/middle_east/8329188.stm">In pictures: Kabul UN attacks</a></div>\r\n<!-- E ILIN --> <!-- S ILIN -->\r\n<div class="arr"><a href="http://news.bbc.co.uk/2/hi/south_asia/8329129.stm">US to pay Taliban to switch sides</a></div>\r\n<!-- E ILIN --></div>\r\n</td>\r\n</tr>\r\n</tbody>\r\n</table>\r\n<!-- E IBOX -->\r\n<p>One foreign Kabul resident told the BBC the attack involved multiple grenades and automatic weapons.</p>\r\n<p>"I saw people on the roof [security guards] and one woman climbed down from a second storey balcony after she had stood screaming and shouting for about five minutes for someone to come help her. Much of the gunfire was random - security guards shooting at nothing," he said.</p>\r\n<p>The US embassy condemned the attack, saying it was "shocked and saddened".</p>\r\n<p>"Attacking civilian workers will not lessen our determination to support the Afghan people and their election process," the embassy said.</p>\r\n<p class="first"><strong>Six foreign UN employees have been killed and nine wounded in an attack in Kabul, the deadliest on the UN in Afghanistan since the Taliban''s fall.</strong></p>\r\n<p>Three militants attacked a guesthouse used by the UN. They were later shot dead. Two Afghan security personnel and a civilian also died.</p>\r\n<p>The Taliban said they carried out the attack, which comes 10 days before the second round of presidential elections.</p>\r\n<p>Later, rockets were fired at the city''s five-star Serena Hotel.</p>\r\n<!-- E SF -->\r\n<p>One or two rockets were said to have landed in the grounds of the hotel, which is used by diplomats and other foreigners.</p>\r\n<p>No-one has been reported injured there, but about 100 people inside at the time were taken to secure rooms as smoke filled the lobby.</p>\r\n<p><strong>Taliban warning</strong></p>\r\n<p>The attack at the guesthouse happened just before 0600 (0130 GMT), Afghan police and the UN said.</p>\r\n<!-- S IBOX --> \r\n<table style="width: 231px;" border="0" cellspacing="0" cellpadding="0" align="right">\r\n<tbody>\r\n<tr>\r\n<td width="5"><img src="http://newsimg.bbc.co.uk/shared/img/o.gif" border="0" alt="" hspace="0" vspace="0" width="5" height="1" /></td>\r\n<td class="sibtbg">\r\n<div class="sih">ANALYSIS</div>\r\n<div class="o"><img src="http://newsimg.bbc.co.uk/media/images/46622000/jpg/_46622348_000865616-1.jpg" border="0" alt="Andrew North" hspace="0" vspace="0" width="66" height="66" align="right" /></div>\r\n<div class="mva"><strong>Andrew North, BBC News, Kabul</strong></div>\r\n<div class="mva">\r\n<p>These attacks on two high-profile targets have spread a lot of fear.</p>\r\n<p>Security preparations were getting under way to protect the vote on 7 November. There are thousands of Afghan troops in and around Kabul but determined militants are still able to get through.</p>\r\n<p>The UN guesthouses have to conform to specific rules on security but we don''t know how these militants were able to get through the security.</p>\r\n</div>\r\n</td>\r\n</tr>\r\n</tbody>\r\n</table>\r\n<!-- E IBOX -->\r\n<p>The private Bekhtar Guesthouse is used by the UN and other international organisations.</p>\r\n<p>The US embassy confirmed one of the dead was an American.</p>\r\n<p>Taliban spokesman Zabiullah Mujahid claimed responsibility for the attack in a telephone call to the Associated Press.</p>\r\n<p>He said three Taliban militants with suicide vests, grenades and machine guns had carried out the assault.</p>\r\n<p>UN spokesman Aleem Siddique told the BBC there was gunfire and an explosion outside the building as UN employees tried to flee. Streets were cordoned off by police.</p>\r\n<p>The three gunmen were shot dead and the incident ended at about 0830 local time.</p>\r\n<p>It was not immediately known how many people were inside the guesthouse at the time. The building was gutted by fire.</p>\r\n<!-- S IBOX --> \r\n<table style="width: 231px;" border="0" cellspacing="0" cellpadding="0" align="right">\r\n<tbody>\r\n<tr>\r\n<td width="5"><img src="http://newsimg.bbc.co.uk/shared/img/o.gif" border="0" alt="" hspace="0" vspace="0" width="5" height="1" /></td>\r\n<td class="sibtbg">\r\n<div>\r\n<div class="mva"><img src="http://newsimg.bbc.co.uk/nol/shared/img/v3/start_quote_rb.gif" border="0" alt="" width="24" height="13" /> <strong>Much of the gunfire was random - security guards shooting at nothing</strong> <img src="http://newsimg.bbc.co.uk/nol/shared/img/v3/end_quote_rb.gif" border="0" alt="" vspace="0" width="23" height="13" align="right" /></div>\r\n</div>\r\n<div class="mva">\r\n<div>Kabul eyewitness</div>\r\n</div>\r\n<div class="o"><img src="http://newsimg.bbc.co.uk/nol/shared/img/v3/inline_dashed_line.gif" border="0" alt="" hspace="0" vspace="2" width="226" height="1" /></div>\r\n<div class="miiib"><!-- S ILIN -->\r\n<div class="arr"><a href="http://news.bbc.co.uk/2/hi/middle_east/8329188.stm">In pictures: Kabul UN attacks</a></div>\r\n<!-- E ILIN --> <!-- S ILIN -->\r\n<div class="arr"><a href="http://news.bbc.co.uk/2/hi/south_asia/8329129.stm">US to pay Taliban to switch sides</a></div>\r\n<!-- E ILIN --></div>\r\n</td>\r\n</tr>\r\n</tbody>\r\n</table>\r\n<!-- E IBOX -->\r\n<p>One foreign Kabul resident told the BBC the attack involved multiple grenades and automatic weapons.</p>\r\n<p>"I saw people on the roof [security guards] and one woman climbed down from a second storey balcony after she had stood screaming and shouting for about five minutes for someone to come help her. Much of the gunfire was random - security guards shooting at nothing," he said.</p>\r\n<p>The US embassy condemned the attack, saying it was "shocked and saddened".</p>\r\n<p>"Attacking civilian workers will not lessen our determination to support the Afghan people and their election process," the embassy said.</p>\r\n<p class="first"><strong>Six foreign UN employees have been killed and nine wounded in an attack in Kabul, the deadliest on the UN in Afghanistan since the Taliban''s fall.</strong></p>\r\n<p>Three militants attacked a guesthouse used by the UN. They were later shot dead. Two Afghan security personnel and a civilian also died.</p>\r\n<p>The Taliban said they carried out the attack, which comes 10 days before the second round of presidential elections.</p>\r\n<p>Later, rockets were fired at the city''s five-star Serena Hotel.</p>\r\n<!-- E SF -->\r\n<p>One or two rockets were said to have landed in the grounds of the hotel, which is used by diplomats and other foreigners.</p>\r\n<p>No-one has been reported injured there, but about 100 people inside at the time were taken to secure rooms as smoke filled the lobby.</p>\r\n<p><strong>Taliban warning</strong></p>\r\n<p>The attack at the guesthouse happened just before 0600 (0130 GMT), Afghan police and the UN said.</p>\r\n<!-- S IBOX --> \r\n<table style="width: 231px;" border="0" cellspacing="0" cellpadding="0" align="right">\r\n<tbody>\r\n<tr>\r\n<td width="5"><img src="http://newsimg.bbc.co.uk/shared/img/o.gif" border="0" alt="" hspace="0" vspace="0" width="5" height="1" /></td>\r\n<td class="sibtbg">\r\n<div class="sih">ANALYSIS</div>\r\n<div class="o"><img src="http://newsimg.bbc.co.uk/media/images/46622000/jpg/_46622348_000865616-1.jpg" border="0" alt="Andrew North" hspace="0" vspace="0" width="66" height="66" align="right" /></div>\r\n<div class="mva"><strong>Andrew North, BBC News, Kabul</strong></div>\r\n<div class="mva">\r\n<p>These attacks on two high-profile targets have spread a lot of fear.</p>\r\n<p>Security preparations were getting under way to protect the vote on 7 November. There are thousands of Afghan troops in and around Kabul but determined militants are still able to get through.</p>\r\n<p>The UN guesthouses have to conform to specific rules on security but we don''t know how these militants were able to get through the security.</p>\r\n</div>\r\n</td>\r\n</tr>\r\n</tbody>\r\n</table>\r\n<!-- E IBOX -->\r\n<p>The private Bekhtar Guesthouse is used by the UN and other international organisations.</p>\r\n<p>The US embassy confirmed one of the dead was an American.</p>\r\n<p>Taliban spokesman Zabiullah Mujahid claimed responsibility for the attack in a telephone call to the Associated Press.</p>\r\n<p>He said three Taliban militants with suicide vests, grenades and machine guns had carried out the assault.</p>\r\n<p>UN spokesman Aleem Siddique told the BBC there was gunfire and an explosion outside the building as UN employees tried to flee. Streets were cordoned off by police.</p>\r\n<p>The three gunmen were shot dead and the incident ended at about 0830 local time.</p>\r\n<p>It was not immediately known how many people were inside the guesthouse at the time. The building was gutted by fire.</p>\r\n<!-- S IBOX --> \r\n<table style="width: 231px;" border="0" cellspacing="0" cellpadding="0" align="right">\r\n<tbody>\r\n<tr>\r\n<td width="5"><img src="http://newsimg.bbc.co.uk/shared/img/o.gif" border="0" alt="" hspace="0" vspace="0" width="5" height="1" /></td>\r\n<td class="sibtbg">\r\n<div>\r\n<div class="mva"><img src="http://newsimg.bbc.co.uk/nol/shared/img/v3/start_quote_rb.gif" border="0" alt="" width="24" height="13" /> <strong>Much of the gunfire was random - security guards shooting at nothing</strong> <img src="http://newsimg.bbc.co.uk/nol/shared/img/v3/end_quote_rb.gif" border="0" alt="" vspace="0" width="23" height="13" align="right" /></div>\r\n</div>\r\n<div class="mva">\r\n<div>Kabul eyewitness</div>\r\n</div>\r\n<div class="o"><img src="http://newsimg.bbc.co.uk/nol/shared/img/v3/inline_dashed_line.gif" border="0" alt="" hspace="0" vspace="2" width="226" height="1" /></div>\r\n<div class="miiib"><!-- S ILIN -->\r\n<div class="arr"><a href="http://news.bbc.co.uk/2/hi/middle_east/8329188.stm">In pictures: Kabul UN attacks</a></div>\r\n<!-- E ILIN --> <!-- S ILIN -->\r\n<div class="arr"><a href="http://news.bbc.co.uk/2/hi/south_asia/8329129.stm">US to pay Taliban to switch sides</a></div>\r\n<!-- E ILIN --></div>\r\n</td>\r\n</tr>\r\n</tbody>\r\n</table>\r\n<!-- E IBOX -->\r\n<p>One foreign Kabul resident told the BBC the attack involved multiple grenades and automatic weapons.</p>\r\n<p>"I saw people on the roof [security guards] and one woman climbed down from a second storey balcony after she had stood screaming and shouting for about five minutes for someone to come help her. Much of the gunfire was random - security guards shooting at nothing," he said.</p>\r\n<p>The US embassy condemned the attack, saying it was "shocked and saddened".</p>\r\n<p>"Attacking civilian workers will not lessen our determination to support the Afghan people and their election process," the embassy said.</p>\r\n<p class="first"><strong>Six foreign UN employees have been killed and nine wounded in an attack in Kabul, the deadliest on the UN in Afghanistan since the Taliban''s fall.</strong></p>\r\n<p>Three militants attacked a guesthouse used by the UN. They were later shot dead. Two Afghan security personnel and a civilian also died.</p>\r\n<p>The Taliban said they carried out the attack, which comes 10 days before the second round of presidential elections.</p>\r\n<p>Later, rockets were fired at the city''s five-star Serena Hotel.</p>\r\n<!-- E SF -->\r\n<p>One or two rockets were said to have landed in the grounds of the hotel, which is used by diplomats and other foreigners.</p>\r\n<p>No-one has been reported injured there, but about 100 people inside at the time were taken to secure rooms as smoke filled the lobby.</p>\r\n<p><strong>Taliban warning</strong></p>\r\n<p>The attack at the guesthouse happened just before 0600 (0130 GMT), Afghan police and the UN said.</p>\r\n<!-- S IBOX --> \r\n<table style="width: 231px;" border="0" cellspacing="0" cellpadding="0" align="right">\r\n<tbody>\r\n<tr>\r\n<td width="5"><img src="http://newsimg.bbc.co.uk/shared/img/o.gif" border="0" alt="" hspace="0" vspace="0" width="5" height="1" /></td>\r\n<td class="sibtbg">\r\n<div class="sih">ANALYSIS</div>\r\n<div class="o"><img src="http://newsimg.bbc.co.uk/media/images/46622000/jpg/_46622348_000865616-1.jpg" border="0" alt="Andrew North" hspace="0" vspace="0" width="66" height="66" align="right" /></div>\r\n<div class="mva"><strong>Andrew North, BBC News, Kabul</strong></div>\r\n<div class="mva">\r\n<p>These attacks on two high-profile targets have spread a lot of fear.</p>\r\n<p>Security preparations were getting under way to protect the vote on 7 November. There are thousands of Afghan troops in and around Kabul but determined militants are still able to get through.</p>\r\n<p>The UN guesthouses have to conform to specific rules on security but we don''t know how these militants were able to get through the security.</p>\r\n</div>\r\n</td>\r\n</tr>\r\n</tbody>\r\n</table>\r\n<!-- E IBOX -->\r\n<p>The private Bekhtar Guesthouse is used by the UN and other international organisations.</p>\r\n<p>The US embassy confirmed one of the dead was an American.</p>\r\n<p>Taliban spokesman Zabiullah Mujahid claimed responsibility for the attack in a telephone call to the Associated Press.</p>\r\n<p>He said three Taliban militants with suicide vests, grenades and machine guns had carried out the assault.</p>\r\n<p>UN spokesman Aleem Siddique told the BBC there was gunfire and an explosion outside the building as UN employees tried to flee. Streets were cordoned off by police.</p>\r\n<p>The three gunmen were shot dead and the incident ended at about 0830 local time.</p>\r\n<p>It was not immediately known how many people were inside the guesthouse at the time. The building was gutted by fire.</p>\r\n<!-- S IBOX --> \r\n<table style="width: 231px;" border="0" cellspacing="0" cellpadding="0" align="right">\r\n<tbody>\r\n<tr>\r\n<td width="5"><img src="http://newsimg.bbc.co.uk/shared/img/o.gif" border="0" alt="" hspace="0" vspace="0" width="5" height="1" /></td>\r\n<td class="sibtbg">\r\n<div>\r\n<div class="mva"><img src="http://newsimg.bbc.co.uk/nol/shared/img/v3/start_quote_rb.gif" border="0" alt="" width="24" height="13" /> <strong>Much of the gunfire was random - security guards shooting at nothing</strong> <img src="http://newsimg.bbc.co.uk/nol/shared/img/v3/end_quote_rb.gif" border="0" alt="" vspace="0" width="23" height="13" align="right" /></div>\r\n</div>\r\n<div class="mva">\r\n<div>Kabul eyewitness</div>\r\n</div>\r\n<div class="o"><img src="http://newsimg.bbc.co.uk/nol/shared/img/v3/inline_dashed_line.gif" border="0" alt="" hspace="0" vspace="2" width="226" height="1" /></div>\r\n<div class="miiib"><!-- S ILIN -->\r\n<div class="arr"><a href="http://news.bbc.co.uk/2/hi/middle_east/8329188.stm">In pictures: Kabul UN attacks</a></div>\r\n<!-- E ILIN --> <!-- S ILIN -->\r\n<div class="arr"><a href="http://news.bbc.co.uk/2/hi/south_asia/8329129.stm">US to pay Taliban to switch sides</a></div>\r\n<!-- E ILIN --></div>\r\n</td>\r\n</tr>\r\n</tbody>\r\n</table>\r\n<!-- E IBOX -->\r\n<p>One foreign Kabul resident told the BBC the attack involved multiple grenades and automatic weapons.</p>\r\n<p>"I saw people on the roof [security guards] and one woman climbed down from a second storey balcony after she had stood screaming and shouting for about five minutes for someone to come help her. Much of the gunfire was random - security guards shooting at nothing," he said.</p>\r\n<p>The US embassy condemned the attack, saying it was "shocked and saddened".</p>\r\n<p>"Attacking civilian workers will not lessen our determination to support the Afghan people and their election process," the embassy said.</p>\r\n<p class="first"><strong>Six foreign UN employees have been killed and nine wounded in an attack in Kabul, the deadliest on the UN in Afghanistan since the Taliban''s fall.</strong></p>\r\n<p>Three militants attacked a guesthouse used by the UN. They were later shot dead. Two Afghan security personnel and a civilian also died.</p>\r\n<p>The Taliban said they carried out the attack, which comes 10 days before the second round of presidential elections.</p>\r\n<p>Later, rockets were fired at the city''s five-star Serena Hotel.</p>\r\n<!-- E SF -->\r\n<p>One or two rockets were said to have landed in the grounds of the hotel, which is used by diplomats and other foreigners.</p>\r\n<p>No-one has been reported injured there, but about 100 people inside at the time were taken to secure rooms as smoke filled the lobby.</p>\r\n<p><strong>Taliban warning</strong></p>\r\n<p>The attack at the guesthouse happened just before 0600 (0130 GMT), Afghan police and the UN said.</p>\r\n<!-- S IBOX --> \r\n<table style="width: 231px;" border="0" cellspacing="0" cellpadding="0" align="right">\r\n<tbody>\r\n<tr>\r\n<td width="5"><img src="http://newsimg.bbc.co.uk/shared/img/o.gif" border="0" alt="" hspace="0" vspace="0" width="5" height="1" /></td>\r\n<td class="sibtbg">\r\n<div class="sih">ANALYSIS</div>\r\n<div class="o"><img src="http://newsimg.bbc.co.uk/media/images/46622000/jpg/_46622348_000865616-1.jpg" border="0" alt="Andrew North" hspace="0" vspace="0" width="66" height="66" align="right" /></div>\r\n<div class="mva"><strong>Andrew North, BBC News, Kabul</strong></div>\r\n<div class="mva">\r\n<p>These attacks on two high-profile targets have spread a lot of fear.</p>\r\n<p>Security preparations were getting under way to protect the vote on 7 November. There are thousands of Afghan troops in and around Kabul but determined militants are still able to get through.</p>\r\n<p>The UN guesthouses have to conform to specific rules on security but we don''t know how these militants were able to get through the security.</p>\r\n</div>\r\n</td>\r\n</tr>\r\n</tbody>\r\n</table>\r\n<!-- E IBOX -->\r\n<p>The private Bekhtar Guesthouse is used by the UN and other international organisations.</p>\r\n<p>The US embassy confirmed one of the dead was an American.</p>\r\n<p>Taliban spokesman Zabiullah Mujahid claimed responsibility for the attack in a telephone call to the Associated Press.</p>\r\n<p>He said three Taliban militants with suicide vests, grenades and machine guns had carried out the assault.</p>\r\n<p>UN spokesman Aleem Siddique told the BBC there was gunfire and an explosion outside the building as UN employees tried to flee. Streets were cordoned off by police.</p>\r\n<p>The three gunmen were shot dead and the incident ended at about 0830 local time.</p>\r\n<p>It was not immediately known how many people were inside the guesthouse at the time. The building was gutted by fire.</p>\r\n<!-- S IBOX --> \r\n<table style="width: 231px;" border="0" cellspacing="0" cellpadding="0" align="right">\r\n<tbody>\r\n<tr>\r\n<td width="5"><img src="http://newsimg.bbc.co.uk/shared/img/o.gif" border="0" alt="" hspace="0" vspace="0" width="5" height="1" /></td>\r\n<td class="sibtbg">\r\n<div>\r\n<div class="mva"><img src="http://newsimg.bbc.co.uk/nol/shared/img/v3/start_quote_rb.gif" border="0" alt="" width="24" height="13" /> <strong>Much of the gunfire was random - security guards shooting at nothing</strong> <img src="http://newsimg.bbc.co.uk/nol/shared/img/v3/end_quote_rb.gif" border="0" alt="" vspace="0" width="23" height="13" align="right" /></div>\r\n</div>\r\n<div class="mva">\r\n<div>Kabul eyewitness</div>\r\n</div>\r\n<div class="o"><img src="http://newsimg.bbc.co.uk/nol/shared/img/v3/inline_dashed_line.gif" border="0" alt="" hspace="0" vspace="2" width="226" height="1" /></div>\r\n<div class="miiib"><!-- S ILIN -->\r\n<div class="arr"><a href="http://news.bbc.co.uk/2/hi/middle_east/8329188.stm">In pictures: Kabul UN attacks</a></div>\r\n<!-- E ILIN --> <!-- S ILIN -->\r\n<div class="arr"><a href="http://news.bbc.co.uk/2/hi/south_asia/8329129.stm">US to pay Taliban to switch sides</a></div>\r\n<!-- E ILIN --></div>\r\n</td>\r\n</tr>\r\n</tbody>\r\n</table>\r\n<!-- E IBOX -->\r\n<p>One foreign Kabul resident told the BBC the attack involved multiple grenades and automatic weapons.</p>\r\n<p>"I saw people on the roof [security guards] and one woman climbed down from a second storey balcony after she had stood screaming and shouting for about five minutes for someone to come help her. Much of the gunfire was random - security guards shooting at nothing," he said.</p>\r\n<p>The US embassy condemned the attack, saying it was "shocked and saddened".</p>\r\n<p>"Attacking civilian workers will not lessen our determination to support the Afghan people and their election process," the embassy said.</p>\r\n<p class="first"><strong>Six foreign UN employees have been killed and nine wounded in an attack in Kabul, the deadliest on the UN in Afghanistan since the Taliban''s fall.</strong></p>\r\n<p>Three militants attacked a guesthouse used by the UN. They were later shot dead. Two Afghan security personnel and a civilian also died.</p>\r\n<p>The Taliban said they carried out the attack, which comes 10 days before the second round of presidential elections.</p>\r\n<p>Later, rockets were fired at the city''s five-star Serena Hotel.</p>\r\n<!-- E SF -->\r\n<p>One or two rockets were said to have landed in the grounds of the hotel, which is used by diplomats and other foreigners.</p>\r\n<p>No-one has been reported injured there, but about 100 people inside at the time were taken to secure rooms as smoke filled the lobby.</p>\r\n<p><strong>Taliban warning</strong></p>\r\n<p>The attack at the guesthouse happened just before 0600 (0130 GMT), Afghan police and the UN said.</p>\r\n<!-- S IBOX --> \r\n<table style="width: 231px;" border="0" cellspacing="0" cellpadding="0" align="right">\r\n<tbody>\r\n<tr>\r\n<td width="5"><img src="http://newsimg.bbc.co.uk/shared/img/o.gif" border="0" alt="" hspace="0" vspace="0" width="5" height="1" /></td>\r\n<td class="sibtbg">\r\n<div class="sih">ANALYSIS</div>\r\n<div class="o"><img src="http://newsimg.bbc.co.uk/media/images/46622000/jpg/_46622348_000865616-1.jpg" border="0" alt="Andrew North" hspace="0" vspace="0" width="66" height="66" align="right" /></div>\r\n<div class="mva"><strong>Andrew North, BBC News, Kabul</strong></div>\r\n<div class="mva">\r\n<p>These attacks on two high-profile targets have spread a lot of fear.</p>\r\n<p>Security preparations were getting under way to protect the vote on 7 November. There are thousands of Afghan troops in and around Kabul but determined militants are still able to get through.</p>\r\n<p>The UN guesthouses have to conform to specific rules on security but we don''t know how these militants were able to get through the security.</p>\r\n</div>\r\n</td>\r\n</tr>\r\n</tbody>\r\n</table>\r\n<!-- E IBOX -->\r\n<p>The private Bekhtar Guesthouse is used by the UN and other international organisations.</p>\r\n<p>The US embassy confirmed one of the dead was an American.</p>\r\n<p>Taliban spokesman Zabiullah Mujahid claimed responsibility for the attack in a telephone call to the Associated Press.</p>\r\n<p>He said three Taliban militants with suicide vests, grenades and machine guns had carried out the assault.</p>\r\n<p>UN spokesman Aleem Siddique told the BBC there was gunfire and an explosion outside the building as UN employees tried to flee. Streets were cordoned off by police.</p>\r\n<p>The three gunmen were shot dead and the incident ended at about 0830 local time.</p>\r\n<p>It was not immediately known how many people were inside the guesthouse at the time. The building was gutted by fire.</p>\r\n<!-- S IBOX --> \r\n<table style="width: 231px;" border="0" cellspacing="0" cellpadding="0" align="right">\r\n<tbody>\r\n<tr>\r\n<td width="5"><img src="http://newsimg.bbc.co.uk/shared/img/o.gif" border="0" alt="" hspace="0" vspace="0" width="5" height="1" /></td>\r\n<td class="sibtbg">\r\n<div>\r\n<div class="mva"><img src="http://newsimg.bbc.co.uk/nol/shared/img/v3/start_quote_rb.gif" border="0" alt="" width="24" height="13" /> <strong>Much of the gunfire was random - security guards shooting at nothing</strong> <img src="http://newsimg.bbc.co.uk/nol/shared/img/v3/end_quote_rb.gif" border="0" alt="" vspace="0" width="23" height="13" align="right" /></div>\r\n</div>\r\n<div class="mva">\r\n<div>Kabul eyewitness</div>\r\n</div>\r\n<div class="o"><img src="http://newsimg.bbc.co.uk/nol/shared/img/v3/inline_dashed_line.gif" border="0" alt="" hspace="0" vspace="2" width="226" height="1" /></div>\r\n<div class="miiib"><!-- S ILIN -->\r\n<div class="arr"><a href="http://news.bbc.co.uk/2/hi/middle_east/8329188.stm">In pictures: Kabul UN attacks</a></div>\r\n<!-- E ILIN --> <!-- S ILIN -->\r\n<div class="arr"><a href="http://news.bbc.co.uk/2/hi/south_asia/8329129.stm">US to pay Taliban to switch sides</a></div>\r\n<!-- E ILIN --></div>\r\n</td>\r\n</tr>\r\n</tbody>\r\n</table>\r\n<!-- E IBOX -->\r\n<p>One foreign Kabul resident told the BBC the attack involved multiple grenades and automatic weapons.</p>\r\n<p>"I saw people on the roof [security guards] and one woman climbed down from a second storey balcony after she had stood screaming and shouting for about five minutes for someone to come help her. Much of the gunfire was random - security guards shooting at nothing," he said.</p>\r\n<p>The US embassy condemned the attack, saying it was "shocked and saddened".</p>\r\n<p>"Attacking civilian workers will not lessen our determination to support the Afghan people and their election process," the embassy said.</p>', '', 1);
INSERT INTO `vypecky_articles` (`id_article`, `id_cat`, `id_user`, `add_time`, `edit_time`, `is_user_last_edit`, `viewed`, `name_cs`, `text_cs`, `urlkey_cs`, `name_en`, `text_en`, `urlkey_en`, `name_de`, `text_de`, `urlkey_de`, `public`) VALUES
(32, 66, 1, '2009-12-08 00:00:00', '2010-01-11 00:41:09', 1, 50, 'čeština je důležitá jako řepička', '<p>PageRank je číslo, které si <a rel="nofollow" href="http://www.google.com">Google</a> přiřazuje ke každé stránce (přesněji řečeno ke každému URL). Vyjadřuje něco jako věrohodnost nebo důležitost stránky. Někdy se píše zvlášť jako "Page Rank" a zkracuje se do zkratky PR.</p>\r\n<p><a href="#vzorec">Vzorec PageRanku</a> - <a href="#cesky">A teď česky</a> - <a href="#toolbar">Jak zjistit PageRank své stránky</a> - <a href="#zvysit">Jak zvýším svým stránkám PR</a> - <a href="#faq">PageRank FAQ</a> - <a href="#znamena">Co to znamená PageRank</a></p>\r\n<h2>Vzorec PageRanku</h2>\r\n<p>Pagerank v klasickém pojetí dosahuje hodnot od nuly do jedné. Google si Page Rank počítá (zjednodušeně řečeno) podle toho, kolik a jak důležitých stránek na tu počítanou stránku odkazuje. Existuje na to vzoreček. Je to trochu matiky, tak to případně přeskočte, není nutné to chápat detailně.</p>\r\n<p>PageRank stránky A označím jako PR(A). Vypočítá se z PageRanků stránek, které na ni odkazují. To jsou stránky T<sub>1</sub> až T<sub>n</sub>.</p>\r\n<p>PR(A) = (1-d)/m + d * ( PR(T<sub>1</sub>)/C(T<sub>1</sub>) + ... + PR(T<sub>n</sub>)/C(T<sub>n</sub>) )</p>\r\n<p>kde d je dampening faktor (nastavený pravděpodobně na 0,85), <br />m je celkový počet zaindexovaných stránek. <br />C(T) je počet odkazů vedoucích ze stránky T.</p>\r\n<p>Jako vstupní hodnoty PR(T<sub>i</sub>) se berou hodnoty PageRanku stránek z minulé iterace výpočtu. Vzoreček po několika iteracích dobře konverguje (tím lépe, čím je nižší d). Hodnoty PageRanku všech stránek se pohybují těsně nad nulou.</p>\r\n<p><a rel="nofollow" href="http://www-db.stanford.edu/~backrub/google.html">Originální dokumentace</a> uvádí vzoreček trochu chybný:<br />PR(A) = (1-d) + d * (PR(T<sub>1</sub>)/C(T<sub>1</sub>) + ... + PR(T<sub>n</sub>)/C(T<sub>n</sub>)) je to špatně, chybí tam to m.</p>\r\n<p>Pro zasvěcené zdůrazňuji, že PageRank je veličina skalární, tedy pro každou stránku (URL, dokument) jde o jediné číslo. (V rámci některých pojetí se o PageRanku mluví jako o vektoru v n-rozměrném prostoru, kde n je počet dokumentů. To je pouze složitější pohled na jednoduchá čísla.)</p>\r\n<h2>A teď česky</h2>\r\n<p>Vzorec se dá zjednodušeně přetlumočit tak, že stránka předává část svého PageRanku stránkám, na které odkazuje. Čím víc obsahuje odkazů (hodnota C), tím méně každé stránce předá.</p>\r\n<p>Tím, že stránka obsahuje odkazy, o svůj PR nepřichází. Spíše než o "předávání" bych měl mluvit o "kopírování" nebo "přeposílání" PageRanku. Čím méně má stránka odkazů, tím víc Page Ranku se každým\r\n<script src="jscripts/tinymce/themes/advanced/langs/cs.js" type="text/javascript"></script>\r\nodkazem přeposílá.</p>\r\n<p>PageRank nijak nezávisí na hledaném slově (je to veličina skalární). Page Rank má každá jednotlivá stránka (URL), nikoliv celý web dohromady (site, doména).</p>\r\n<p>Čím má stránka vyšší PageRank, tím bude pravděpodobně výše ve výsledcích.  Pozor! Page Rank zdaleka není jediné kritérium pro nalezení stránky v Google. Poslední dobou kolem Page Ranku vypukla na webu doslova hysterie. Page Rank je jistě velmi důležitý, ale jeho význam je podle mého názoru přeceňován.</p>\r\n<p>Moje výzkumy jednoznačně svědčí o tom, že Google používá PageRank zejména pro řízení robota (crawlera). Stránky s nízkým rankem navštěvuje zřídka. Některá nová URL ani nenavštíví, dokud jejich PR nedosáhne určité hodnoty (PR se dá počítat i pro ještě nenavštívené stránky).</p>\r\n<h2>Jak zjistit Page Rank své stránky</h2>\r\n<p>Jde to pouze přibližně. Nainstalujte si <a rel="nofollow" href="http://toolbar.google.com">Google Toolbar</a>, malý prográmek dostupný zdarma na Google.Google Toolbar má velmi dobrou nápovědu, ze které se dozvíte podrobnosti. Kromě jednodušší práce s hledáním se pomocí Google Toolbar přibližně dozvíte, jak velký PR má právě prohlížená stránka.</p>\r\n<p>Na toolbaru se objevuje zelené měřítko Page Ranku od 0 do 10.</p>\r\n<ul>\r\n<li>Tento PR zobrazovaný na toolbaru udávejte, až se vás někdo zeptá, jaký máte PageRank. PageRanku ve škále od 0 do 10 se říká Google Toolbar PageRank, zkracuje se do tvaru <strong>GTPR</strong>.</li>\r\n<li>PageRank zobrazený na Toolbaru není skutečný PageRank, ale nějaká jeho odvozenina (patrně logaritmická). (GTPR šest může znamenat třeba skutečný PR=0,00000008.)</li>\r\n<li>Pokud se ukazuje PR 0, může to znamenat dvě věci. Buďto Google stránku ještě nezná (neindexoval ji), nebo je stránka natolik nevýznamná, že má skutečně PR = 0</li>\r\n<li>Pokud se neukazuje nic, stránka není v Google indexu nebo má toolbar na chvilku výpadek. Je potřeba to zkusit po nějakém čase znovu.</li>\r\n</ul>\r\n<p>Vyčerpávající článek <a rel="nofollow" href="http://www.lupa.cz/clanek.php3?show=3916">o Google Toolbar PageRanku</a> jsem napsal pro Lupu. V rychlosti jenom nejdůležitější věci:</p>\r\n<ul>\r\n<li>Hodnoty GTPR se aktualizují najednou přibližně každé tři nebo čtyři měsíce. Mladé stránky tedy mají dlouho nulu.</li>\r\n<li>Při vyhodnocování GTPR Google z URL stránky usekne všechno, co je za otazníkem. Tomu říkám otazníkový omyl, který vede k chybnému pocitu o kvalitě dynamické stránky.</li>\r\n<li>Máte-li v adresy dynamické (s otazníkem), skutečný GTPR takové stránky se nedozvíte (leda pomocí <a href="../aplikace/gtpr">triků s XML</a>, které ovšem někdy nefungují).</li>\r\n</ul>\r\n<p>Na zobrazování ikonky aktuálního pageranku provozuju malý webík<a href="http://pagerank.yuhu.cz">http://pagerank.yuhu.cz</a>. Do své stránky si z něj můžete vložit ikonu. Stačí vyměnit tu červeně vyznačenou adresu za adresu své stránky:</p>\r\n<p>CSS vlastnost background určuje případně <strong>všechny vlastnosti pozadí najednou</strong>.</p>\r\n<table border="1" cellspacing="0" cellpadding="0">\r\n<tbody>\r\n<tr>\r\n<th>hodnoty</th><th>chování pozadí</th>\r\n</tr>\r\n<tr>\r\n<td>\r\n<p><a href="background-color.html">barva</a> <a href="background-image.html">obrázek</a> <a href="background-position.html">pozice</a> <a href="background-repeat.html">opakování</a> <a href="background-attachment.html">přibitost</a></p>\r\n</td>\r\n<td>všechny vlastnosti v tomto pořadí</td>\r\n</tr>\r\n</tbody>\r\n</table>\r\n<p>Jsou to vlastnosti: <a href="background-color.html">Background-color</a>, <a href="background-image.html">Background-image</a>, <a href="background-position.html">Background-position</a>,<a href="background-repeat.html">Background-repeat</a><a href="background-attachment.html">, Background-attachment</a>. Pozice musí být vypsána dvěma hodnotami (y a x souřadnice).</p>\r\n<h2>Podpora</h2>\r\n<p>Internet Explorer, v Internet Exploreru od verze 3 funguje barva a obrázek.</p>\r\n<p>Mám za to, že aby to fungovalo, musejí se hodnoty zapsat v pořadí color image repeat attachment position. Nejsem si jistý.</p>\r\n<table border="1" cellspacing="0" cellpadding="0">\r\n<tbody>\r\n<tr>\r\n<th>Prohlížeč</th><th>Podpora ve verzích</th><th>Poznámka</th>\r\n</tr>\r\n<tr>\r\n<td>\r\n<p><a href="prohlizece.html#ie">Internet Explorer</a></p>\r\n</td>\r\n<td>4, 5, 5.5, 6</td>\r\n<td>v IE3 pouze barva a URL</td>\r\n</tr>\r\n<tr>\r\n<td><a href="prohlizece.html#mozilla">Mozilla</a> (Firefox, Netscape 6+ atd.)</td>\r\n<td>všechny verze</td>\r\n<td>nezvládá kombinaci slova a čísla místo<a href="background-position.html">background-position</a></td>\r\n</tr>\r\n<tr>\r\n<td><a href="prohlizece.html#opera">Opera</a></td>\r\n<td>4, 5, 6, 7</td>\r\n<td>nezvládá kombinaci slova a čísla místo<a href="background-position.html">background-position</a></td>\r\n</tr>\r\n<tr>\r\n<td><a href="prohlizece.html#konqueror">Konqueror</a></td>\r\n<td>všechny verze</td>\r\n<td></td>\r\n</tr>\r\n<tr>\r\n<td><a href="prohlizece.html#iemac">IE 5 / Mac</a></td>\r\n<td>ano</td>\r\n<td></td>\r\n</tr>\r\n<tr>\r\n<td><a href="prohlizece.html#nn4">Netscape Navigator 4</a></td>\r\n<td>ano</td>\r\n<td>v přesném pořadí, neumí změnit pozici</td>\r\n</tr>\r\n</tbody>\r\n</table>\r\n<h2>Příklad ekvivalentního zápisu</h2>\r\n<p class="code">body {background: yellow url("pozadi.jpg") fixed}</p>\r\n<p>je totéž jako</p>\r\n<p class="code">body {background-color: yellow; background-image: url("pozadi.jpg"); background-attachment: fixed}</p>\r\n<p class="code"> </p>', 'cestina-je-dulezita-jako-repicka', '', '', '', NULL, NULL, NULL, 1),
(22, 66, 1, '2009-12-06 00:00:00', '2010-01-06 13:48:25', 1, 42, 'Images on a Subdomain (?)', '<p>I can&rsquo;t remember where, but a while ago I read something about using subdomains to serve up a sites resources as a way to potentially speed up loading. The theory was that the protocol that browsers use to communicate with servers only allows some limited number of things to be download concurrently from a single domain (like 2 or 4?). But a site fairly commonly has dozens of resources. So if you were to create a subdomain (e.g. images.css-tricks.com) and use that to serve up images, that would be treated as a different domain and you would double the number of concurrent downloads possible.</p>\r\n<p>&nbsp;</p>\r\n<p>In trying to research it, I haven&rsquo;t been able to turn up a lot of quality information. Some forum threads are condemning it saying that multiple DNS lookups would then be required slowing things down more than speeding things up. Others going to far as to say that Google may penalize for this (which seems relatively absurd).</p>\r\n<p>I&rsquo;m always trying to improve the efficiency and speed of my sites where I can. This past weekend I was trying to improve my CSS Sprites use on this site. This was <a href=\\"http://images.css-tricks.com/theme-4/css-tricks.png\\">the result</a>. It is fairly trivial to create a subdomain, so I tossed it up on there. This is just one image so it doubt it will make any big difference, but I&rsquo;ll definitely look into moving all of the images from the theme onto a subdomain if there is any conclusive evidence this is a smart idea.</p>\r\n<p>Anyone have any good information on this?</p>', 'images-on-a-subdomain-', '', '', '', NULL, NULL, NULL, 0),
(23, 66, 1, '2009-12-04 00:00:00', '2010-01-06 13:48:25', 1, 25, 'A jQuery plugin for rendering rich, fast-performing photo galleries', '<p>Galleriffic is ''a jQuery plugin that provides a rich, post-back free experience optimized to handle high volumes of photos while conserving bandwidth. I am not so great at spelling, and it was much later that I realized that the more appropriate spellings would be Galle<em>rif</em>ic or Galle<em>rrif</em>ic, but is too late now for a name change, so Galleriffic remains.</p>\r\n<h3>Features</h3>\r\n<ul>\r\n<li>Smart image preloading <strong>after</strong> the page is loaded</li>\r\n<li>Thumbnail navigation (with pagination)</li>\r\n<li>jQuery.history plugin integration to support bookmark-friendly URLs per-image</li>\r\n<li>Slideshow (with optional auto-updating url bookmarks)</li>\r\n<li>Keyboard navigation</li>\r\n<li>Events that allow for adding your own custom transition effects</li>\r\n<li>API for controlling the gallery with custom controls</li>\r\n<li>Support for image captions</li>\r\n<li>Flexible configuration</li>\r\n<li>Graceful degradation when javascript is not available</li>\r\n<li>Support for multiple galleries per page</li>\r\n</ul>\r\n<h3>Examples</h3>\r\n<ul>\r\n<li><a href="\\">Minimal implementation</a></li>\r\n<li><a href="\\">Thumbnail rollover effects and slideshow crossfades</a></li>\r\n<li><a href="\\">Integration with history plugin</a></li>\r\n<li><a href="\\">Insert and remove images after initialization</a></li>\r\n<li><a href="\\">Alternate layout using custom previous/next page controls</a></li>\r\n</ul>', 'A-jQuery-plugin-for-rendering-rich-fast-performing-photo-galleries', '', '', '', NULL, NULL, NULL, 0),
(27, 81, 1, '2009-12-03 00:00:00', '2010-01-10 10:35:36', 1, 86, 'Škoda 105 RS vs. Bagr', '<p>I spent a while replacing all my ereg() calls to preg_match(), since ereg() is now deprecated and will not be supported as of v 6.0.&nbsp;<br /><br />Just a warning regarding the conversion, the two functions behave very similarly, but not exactly alike. Obviously, you will need to delimit your pattern with \\\\\\\\\\\\\\\\\\\\\\\\\\\\\\\\ \\\\\\\\\\\\\\\\\\\\\\\\\\\\\\\\ characters.&nbsp;<br /><br />The difference that stumped me was that preg_replace overwrites the $matches array regardless if a match was found. If no match was found, $matches is simply empty.&nbsp;</p>', 'Skoda-105-RS-vs-Bagr', '', '', '', NULL, NULL, NULL, 1),
(29, 81, 1, '2009-12-02 00:00:00', '2010-01-06 13:48:25', 1, 10, 'Povodně', 'If your regular expression does not match with long input text when you think it should, you might have hit the PCRE backtrack default limit of 100000. See&nbsp;<a rel=\\"\\\\&quot;\\\\\\\\&quot;nofollow\\\\\\\\&quot;\\\\&quot;\\" href=\\"\\\\\\" target=\\"\\\\&quot;\\\\\\\\&quot;_blank\\\\\\\\&quot;\\\\&quot;\\">http://php.net/pcre.backtrack-limit.</a>', 'Povodne', '', '', '', NULL, NULL, NULL, 1),
(31, 81, 1, '2009-12-01 00:00:00', '2010-01-10 10:37:09', 1, 16, 'škoda bum', 'ef jkwehfkjew fkr ghfker ghkrehs gkersgh ekjrsglhj ghkfhdg kerhjg ehrj e hr ferk', 'skoda-bum', '', '', '', NULL, NULL, NULL, 1),
(33, 83, 1, '2010-01-06 14:34:37', '2010-01-06 19:05:56', NULL, 8, 'První novinka v novém enginu', '<p style="outline-width: 0px; outline-style: initial; outline-color: initial; font-size: 10pt; background-image: initial; background-attachment: initial; background-origin: initial; background-clip: initial; background-color: transparent; background-position: initial initial; background-repeat: initial initial; padding: 0px; margin: 0px; border: 0px initial initial;">PageRank je číslo, které si <a style="outline-width: 0px; outline-style: initial; outline-color: initial; font-size: 10pt; background-image: initial; background-attachment: initial; background-origin: initial; background-clip: initial; background-color: transparent; text-decoration: none; color: #007070; display: inline; background-position: initial initial; background-repeat: initial initial; padding: 0px; margin: 0px; border: initial none initial;" rel="nofollow" href="http://www.google.com">Google</a> přiřazuje ke každé stránce (přesněji řečeno ke každému URL). Vyjadřuje něco jako věrohodnost nebo důležitost stránky. Někdy se píše zvlášť jako "Page Rank" a zkracuje se do zkratky PR.</p>', 'Prvni-novinka-v-novem-enginu', NULL, NULL, NULL, NULL, NULL, NULL, 1),
(34, 83, 1, '2010-01-06 19:26:20', '2010-01-06 19:27:41', 1, 7, 'Další novinka :-)', 'Další poučení z krize našel ekonom v chování centrálních bank. "Přehnané soustředění na inflaci způsobilo, že centrální banky některých zemí ignorovaly situaci na trhu. Následky mírné inflace jsou nepatrné ve srovnání s tím, co napáchají majetkové bubliny, když je centrální banky nechají nekontrolovaně růst," dodal.<br /><br />V posledním bodě Stiglitz naráží na to, že firmy neinvestují své prostředky do inovací správně. Finanční inženýrství se podle něj soustředilo na zdokonalování způsobů vykořisťování méně vzdělaných a překračování norem, které mají trhy bránit a zefektivnit. Finanční řízení naopak podle něj nepomohlo vytvořit takové produkty, které by milionům vlastníků domů umožnily řídit jednoduchá rizika a předejít tomu, aby o své bydlení přišli.', 'Dalsi-novinka-', '', '', '', NULL, NULL, NULL, 1),
(35, 66, 1, '2010-01-11 00:57:43', '2010-01-11 10:41:33', NULL, 2, 'Mrazivé počasí vydrží ještě týden, rtuť teploměru spadne až k minus 16', '<p>Podle odborníků si v příštím týdnu prožijeme pěknou studenou zimu.</p>\r\n<p>Podle ČHMÚ bude v noci <a class="vvword" href="http://wwwparfikycz-parfemy-levne.takeit.cz/romance-for-women-od-ralph-lauren-6287472?370867&amp;rtype=V&amp;rmain=152918&amp;ritem=6287472&amp;rclanek=5060770&amp;rslovo=458196&amp;showdirect=1" target="_blank">na</a><strong> pondělí</strong> oblačno. Přes den bude zpočátku na většině území sněžit, později bude sněžení slábnout. <a class="vvword" href="http://us-rest-and-shop-llc-organizac.takeit.cz/grab-vernostni-program-6327982-6327982?372715&amp;rtype=V&amp;rmain=151514&amp;ritem=6327982&amp;rclanek=5060770&amp;rslovo=424328&amp;showdirect=1" target="_blank">Lidé</a> by měli počítat i s <a class="vvword" href="http://wwwdvd-citycz.takeit.cz/vhs-ja-robot-5690313?201990&amp;rtype=V&amp;rmain=151515&amp;ritem=5690313&amp;rclanek=5060770&amp;rslovo=450467&amp;showdirect=1" target="_blank">tím</a>, že se při vyjasnění mohou objevit mrznoucí mlhy.</p>\r\n<p>V<strong> úterý</strong> teploměr ukáže až minus 16 stupňů. Ani ve dne se teploty nepřehoupnou nad bod mrazu, budou se pohybovat mezi třemi až sedmi stupni pod nulou.</p>\r\n<p>Ve <strong>středu</strong> bude stejně jako v úterý oblačno, teploty se budou pohybovat na stejné úrovni.</p>\r\n<p><strong>Čtvrteční</strong> počasí přinese změnu jen v nejnižších teplotách. Ty v noci neklesnou pod dvanáct stupňů pod bod mrazu.</p>\r\n<p>O <strong>víkendu </strong>nebude zrovna ideální počasí pro zimní výlet. K oblačnému podnebí se přidá i slabé sněžení, objeví se i mrznoucí mlhy. Při nízké oblačnosti spadnou teploty až k minus 15 stupínkům pod nulu.</p>\r\n<h3 class="not4bbtext tit">Mráz bude až minus 15 stupňů</h3>\r\n<p>Toto počasí vydrží prakticky až <strong>20. ledna.</strong> Nejnižší noční teploty spadnou podle meteorologů od minus čtyř do minus sedmi stupňů, přičemž při zmenšené oblačnosti může být až minus 15 stupňů Celsia. Přes den bude maximálně minus sedm. Celý <strong>leden</strong> bude patřit teplotně i srážkově průměrným měsícům.</p>\r\n<p>Pro <strong>poslední lednovou dekádu</strong> bude příznačné oteplení a velká oblačnost s občasnými srážkami, které budou v nižších polohách dešťové nebo smíšené, na horách sněhové. V noci ukáže teploměr až minus čtyři stupně, přes den maximálně sedm nad bodem mrazu.</p>\r\n<p>Oblačno až zataženo s mírným sněžením očekávají meteorologů i <strong>deset prvních únorových dnů</strong>. "Během tohoto období bude ale srážek ubývat a přibývat mlh," uvedl Stanislav Racko z ČHMÚ.</p>\r\n<p>V noci by rtuť teploměru mohla klesnout až pod minus deset stupňů Celsia. Přes den bude na začátku měsíce až sedm stupňů, ke konci období od minus tří do plus tří stupňů Celsia.</p>\r\n<h3 class="not4bbtext tit">Studenou zimu předpovídá i pranostika</h3>\r\n<p>Podle lidové meteorologie se v příštím týdnu dostáváme do období takzvané hyginské zimy (začíná 11. ledna na Svatého Hygina), která v dlouhodobém průměru nastává ve dnech kolem prvé lednové dekády a odeznívá ve dnech druhé lednové dekády.</p>\r\n<p>K tomuto období se podle hydrometeorolog Jaroslav Rosa váže i několik významných lidových pranostik, které vystihují pravé nefalšované mrazivé zimní počasí, jako například: " Na svatého Hygina, pravá zima začíná" nebo "Na svatého Hygina a jméno Ježíš, je zima nejblíž."</p>', 'Mrazive-pocasi-vydrzi-jeste-tyden-rtut-teplomeru-spadne-az-k-minus-16', NULL, NULL, NULL, NULL, NULL, NULL, 1);

-- --------------------------------------------------------

--
-- Struktura tabulky `vypecky_categories`
--

DROP TABLE IF EXISTS `vypecky_categories`;
CREATE TABLE IF NOT EXISTS `vypecky_categories` (
  `id_category` smallint(3) NOT NULL AUTO_INCREMENT,
  `module` varchar(20) DEFAULT NULL,
  `urlkey_cs` varchar(100) CHARACTER SET utf8 COLLATE utf8_czech_ci NOT NULL,
  `label_cs` varchar(50) CHARACTER SET utf8 COLLATE utf8_czech_ci DEFAULT NULL,
  `alt_cs` varchar(200) CHARACTER SET utf8 COLLATE utf8_czech_ci DEFAULT NULL,
  `urlkey_en` varchar(100) DEFAULT NULL,
  `label_en` varchar(50) DEFAULT NULL,
  `alt_en` varchar(200) DEFAULT NULL,
  `urlkey_de` varchar(100) DEFAULT NULL,
  `label_de` varchar(50) DEFAULT NULL,
  `alt_de` varchar(200) DEFAULT NULL,
  `keywords_cs` varchar(200) CHARACTER SET utf8 COLLATE utf8_czech_ci DEFAULT NULL,
  `description_cs` varchar(500) CHARACTER SET utf8 COLLATE utf8_czech_ci DEFAULT NULL,
  `keywords_en` varchar(200) DEFAULT NULL,
  `description_en` varchar(500) DEFAULT NULL,
  `keywords_de` varchar(200) DEFAULT NULL,
  `description_de` varchar(500) DEFAULT NULL,
  `params` varchar(200) DEFAULT NULL,
  `protected` tinyint(1) NOT NULL DEFAULT '0',
  `priority` smallint(2) NOT NULL DEFAULT '0',
  `active` tinyint(1) NOT NULL DEFAULT '1' COMMENT 'je-li kategorie aktivní',
  `individual_panels` tinyint(1) NOT NULL DEFAULT '0' COMMENT 'Jesltli jsou panely pro kategorii individuální',
  `sitemap_changefreq` enum('always','hourly','daily','weekly','monthly','yearly','never') NOT NULL DEFAULT 'yearly',
  `sitemap_priority` float NOT NULL DEFAULT '0.1',
  `show_in_menu` tinyint(1) NOT NULL DEFAULT '1' COMMENT 'Má li se položka zobrazit v menu',
  `show_when_login_only` tinyint(1) NOT NULL DEFAULT '0' COMMENT 'Jstli má bát položka zobrazena po přihlášení',
  `changed` timestamp NOT NULL DEFAULT CURRENT_TIMESTAMP ON UPDATE CURRENT_TIMESTAMP,
  `default_right` enum('---','r--','-w-','--c','rw-','-wc','r-c','rwc') NOT NULL DEFAULT 'r--',
  `feeds` tinyint(1) NOT NULL DEFAULT '0',
  PRIMARY KEY (`id_category`)
) ENGINE=InnoDB  DEFAULT CHARSET=utf8 AUTO_INCREMENT=85 ;

--
-- Vypisuji data pro tabulku `vypecky_categories`
--

INSERT INTO `vypecky_categories` (`id_category`, `module`, `urlkey_cs`, `label_cs`, `alt_cs`, `urlkey_en`, `label_en`, `alt_en`, `urlkey_de`, `label_de`, `alt_de`, `keywords_cs`, `description_cs`, `keywords_en`, `description_en`, `keywords_de`, `description_de`, `params`, `protected`, `priority`, `active`, `individual_panels`, `sitemap_changefreq`, `sitemap_priority`, `show_in_menu`, `show_when_login_only`, `changed`, `default_right`, `feeds`) VALUES
(1, 'text', 'textove/textove-pole', 'Textové pole', NULL, 'about-as', 'About as', '', '', '', '', '', '', '', '', '', '', '', 0, -10, 1, 0, 'monthly', 0.8, 1, 0, '2010-01-09 18:06:50', 'r--', 0),
(14, 'categories', 'administrace/kategorie', 'Kategorie', NULL, 'administration/categories', 'Categories', '', '', '', '', '', '', '', '', '', '', '', 1, 0, 1, 0, 'never', 0.1, 0, 0, '2010-01-09 18:06:50', '---', 0),
(50, 'text', 'administrace', 'Administrace', NULL, 'administration', 'Administration', '', '', '', '', '', '', '', '', '', '', '', 0, 0, 1, 0, 'yearly', 0, 1, 0, '2010-01-09 18:06:50', '---', 0),
(51, 'configuration', 'administrace/konf-volby', 'Konfigurační volby', NULL, 'administration/config-options', 'Configuration options', '', '', '', '', '', '', '', '', '', '', '', 0, 0, 1, 0, 'never', 0, 1, 0, '2010-01-09 18:06:50', '---', 0),
(52, 'login', 'ucet', 'Účet', '', 'account', 'Account', '', '', '', '', '', '', '', '', '', '', '', 0, 0, 1, 0, 'always', 0, 1, 0, '2010-01-09 18:06:50', 'r--', 0),
(60, 'panels', 'administrace/panely', 'Panely', 'Nastavení panelů', NULL, '', '', '', '', '', '', '', '', '', '', '', '', 0, 0, 1, 0, 'never', 0, 0, 0, '2010-01-09 18:06:50', '---', 0),
(65, 'photogalery', 'galerie/jednoducha-galerie', 'Jednoduchá galerie', NULL, '', '', '', NULL, NULL, NULL, '', '', '', '', NULL, NULL, '', 0, 0, 1, 0, 'always', 0, 0, 0, '2010-01-09 18:06:50', 'r--', 0),
(66, 'articles', 'textove/blogy', 'Blogy', '', '', '', '', NULL, NULL, NULL, '', '', '', '', NULL, NULL, 'scroll=2', 0, 0, 1, 0, 'weekly', 5, 0, 0, '2010-01-11 11:54:37', 'r--', 1),
(67, 'navigationmenu', 'specialni/navigacni-panel', 'Navigační panel', NULL, '', '', '', NULL, NULL, NULL, '', '', '', '', NULL, NULL, '', 0, 0, 1, 0, 'monthly', 0, 1, 0, '2010-01-09 18:06:50', 'r--', 0),
(68, 'users', 'administrace/uzivatele', 'Uživatelé', NULL, '', '', '', NULL, NULL, NULL, '', '', '', '', NULL, NULL, '', 0, 0, 1, 0, 'never', 0, 1, 1, '2010-01-09 18:06:50', '---', 0),
(69, 'phpinfo', 'administrace/php-info', 'PHP info', NULL, '', NULL, NULL, NULL, NULL, NULL, NULL, NULL, NULL, NULL, NULL, NULL, NULL, 0, 0, 1, 0, 'never', 0, 1, 0, '2010-01-09 18:06:50', '---', 0),
(70, 'text', 'testy', 'Testy', '', NULL, NULL, NULL, NULL, NULL, NULL, NULL, NULL, NULL, NULL, NULL, NULL, NULL, 0, 0, 1, 0, 'always', 0, 1, 0, '2010-01-09 18:06:50', 'r--', 0),
(74, 'cinemaprogram', 'specialni/program-kina', 'Program kina', NULL, '', '', '', NULL, NULL, NULL, '', '', '', '', NULL, NULL, '', 0, 0, 1, 0, 'always', 0, 1, 0, '2010-01-09 18:06:50', 'r--', 0),
(75, 'pokus', 'testovaci-kategorie', 'Testovací kategorie', NULL, '', '', '', NULL, NULL, NULL, '', '', '', '', NULL, NULL, '', 0, 0, 1, 0, 'always', 0, 1, 0, '2010-01-09 18:06:50', 'r--', 0),
(76, 'text', 'testy/test-08', 'test 08', NULL, '', '', '', NULL, NULL, NULL, '', '', '', '', NULL, NULL, '', 0, 0, 1, 0, 'always', 0, 1, 0, '2010-01-09 18:06:50', 'r--', 0),
(77, 'actions', 'specialni/akce', 'Akce', '', '', '', '', NULL, NULL, NULL, '', '', '', '', NULL, NULL, '', 0, 0, 1, 0, 'always', 0, 1, 0, '2010-01-09 18:06:50', 'r--', 0),
(78, 'text', 'galerie', 'Galerie', '', '', '', '', NULL, NULL, NULL, '', '', '', '', NULL, NULL, '', 0, 0, 1, 0, 'always', 0, 1, 0, '2010-01-09 18:06:50', 'r--', 0),
(79, 'text', 'textove', 'Textové', '', '', '', '', NULL, NULL, NULL, '', '', '', '', NULL, NULL, '', 0, 0, 1, 0, 'never', 0, 1, 0, '2010-01-11 11:54:02', 'r--', 0),
(80, 'text', 'specialni', 'Speciální', '', '', '', '', NULL, NULL, NULL, '', '', '', '', NULL, NULL, '', 0, 0, 1, 0, 'always', 0, 1, 0, '2010-01-09 18:06:50', 'r--', 0),
(81, 'photogalerymed', 'galerie/stredni-galerie', 'Střední galerie', NULL, '', '', '', NULL, NULL, NULL, '', '', '', '', NULL, NULL, 'imagesinlist=4', 0, 0, 1, 0, 'always', 0, 1, 0, '2010-01-09 18:06:50', 'r--', 0),
(82, 'actionswgal', 'specialni/akce-s-galerii', 'Akce s galerií', '', NULL, NULL, NULL, NULL, NULL, NULL, NULL, NULL, NULL, NULL, NULL, NULL, NULL, 0, 0, 1, 0, 'always', 0, 1, 0, '2010-01-09 18:06:50', 'r--', 0),
(83, 'news', 'textove/novinky', 'Novinky', '', '', '', '', NULL, NULL, NULL, '', '', '', '', NULL, NULL, '', 0, 0, 1, 0, 'weekly', 0.4, 1, 0, '2010-01-06 20:16:10', 'r--', 1),
(84, 'search', 'hledat', 'hledat', NULL, NULL, NULL, NULL, NULL, NULL, NULL, NULL, NULL, NULL, NULL, NULL, NULL, NULL, 0, 0, 1, 0, 'never', 0, 1, 0, '2010-01-09 18:06:51', 'r--', 0);

-- --------------------------------------------------------

--
-- Struktura tabulky `vypecky_cinemaprogram_movies`
--

DROP TABLE IF EXISTS `vypecky_cinemaprogram_movies`;
CREATE TABLE IF NOT EXISTS `vypecky_cinemaprogram_movies` (
  `id_movie` smallint(5) unsigned NOT NULL AUTO_INCREMENT,
  `id_category` smallint(5) unsigned NOT NULL,
  `name` varchar(50) NOT NULL,
  `name_orig` varchar(50) DEFAULT NULL,
  `label` varchar(1000) DEFAULT NULL,
  `length` int(10) unsigned NOT NULL DEFAULT '0',
  `version` varchar(20) DEFAULT NULL,
  `image` varchar(50) DEFAULT NULL,
  `imdbid` int(10) unsigned DEFAULT NULL,
  `csfdid` int(10) unsigned DEFAULT NULL,
  `price` smallint(5) unsigned NOT NULL,
  `accessibility` smallint(5) unsigned NOT NULL DEFAULT '0',
  `film_club` tinyint(1) NOT NULL DEFAULT '0',
  `changed` timestamp NOT NULL DEFAULT CURRENT_TIMESTAMP ON UPDATE CURRENT_TIMESTAMP,
  PRIMARY KEY (`id_movie`)
) ENGINE=MyISAM  DEFAULT CHARSET=utf8 AUTO_INCREMENT=26 ;

--
-- Vypisuji data pro tabulku `vypecky_cinemaprogram_movies`
--

INSERT INTO `vypecky_cinemaprogram_movies` (`id_movie`, `id_category`, `name`, `name_orig`, `label`, `length`, `version`, `image`, `imdbid`, `csfdid`, `price`, `accessibility`, `film_club`, `changed`) VALUES
(4, 74, 'Zoufalci', '', 'Česká širokoúhlá komedie. <br />Realistická komedie o šestici bilancujících třicátníků. Kdysi spolu studovali a postupně se všichni přestěhovali z Jablonce do Prahy. Po společném setkání na večírku ve svém rodném městě je jim jedno jasné - vědí, co v životě nechtějí, ale zároveň ještě nepřišli na to, co by chtěli.  <br /><br />Režie: Jitka Rudolfová<br />Hrají: Simona Babčáková, Jakub Žáček, Zuzana Onufráková, Václav Neužil, Pavlína Štorková, Dagmar Bláhová, Jaroslava Obermaierová a další.', 110, 'czech', 'zoufalci1.jpg', 0, 0, 70, 12, 0, '2010-01-05 22:47:43'),
(5, 74, 'Panika v městečku', 'Panic in city', 'popis', 120, 'czech', NULL, 0, 0, 80, 0, 0, '2010-01-04 13:03:46'),
(6, 74, 'Mikulášovy patálie', 'Le petit Nicolas', 'Francouzská rodinná komedie. <br />Mikuláš, Vendelín, Celestýn, Kryšpín, Albín, Viktorín a další hrdinové senzačních příběhů dětských knížek o Mikulášovi. Za 50 let od vydání první knihy si Mikuláše a jeho zběsilé spolužáky oblíbily generace dětí po celém světě i u nás. <br /><br />Režie: Laurent Tirard<br />Hrají: Valérie Lemercier, Kad Merad, Sandrine Kiberlain, Michel Galabru a další.', 91, 'dabbing', 'Mikulasovypatalie.jpg', 0, 0, 70, 0, 0, '2010-01-05 22:47:06'),
(7, 74, 'Ctihodný občan', 'Law Abiding Citizen', 'Americký širokoúhlý thriller. <br />Dramatický příběh o muži, který se bez slitování rozhodne pomstít tomu, kdo nechal z vězení propustit vraha jeho rodiny. A nejen jemu, všem.<br /><br />Režie: F. Gary Gray<br />Hrají: Jamie Foxx, Gerald Butler, Michael Gambon a další.', 108, 'origwsubtitles', 'ctihodnyobcan.jpg', 0, 0, 70, 12, 0, '2010-01-05 22:48:06'),
(8, 74, 'Twilight sága: Nový měsíc', 'The Twilight Saga: New Moon', 'Americký širokoúhlý romantický thriller. <br />Pokračování upírské romance Stmívání začíná tam, kde první díl skončil.<br /><br />Režie: Chris Weitz. <br />Hrají: Kristen Stewart, Robert Pattinson, Taylor Lautner, Ashley Greene, Peter Facinelli, Billy Burke, Dakota Fanning a další.', 130, 'origwsubtitles', 'twilightsaga.jpg', 0, 0, 70, 12, 0, '2010-01-05 22:46:28'),
(9, 74, 'Zombieland', '', 'Americká širokoúhlá hororová komedie. <br />Příběh dvou mužů, kteří se snaží přežít ve světě, ovládaném zombies. <br /><br />Režie: Ruben Fleischer<br />Hrají: Jesse Eisenberg, Woody Harrelson, Emma Stone, Abigail Breslin a další.', 88, 'origwsubtitles', 'zombieland1.jpg', 12845678, 12845678, 75, 15, 0, '2010-01-05 22:48:50'),
(10, 74, 'Arthur a Maltazardova pomsta', 'Arthur et la vengeance de Maltazard', 'Francouzský širokoúhlý animovaný rodinný film. <br />Podívaná pro velké i malé. Arthur je natěšený, protože se naposledy může vrátit do říše Minimojů a setkat se tak s princeznou Selénií. <br /><br />Režie: Luc Besson<br />V českém znění: Zlata Adamovská, Zuzana Norisová, Matyáš Valenta, Sámer Issa, Miroslav Táborský a další.', 93, 'dabbing', 'Arthuramaltazardova.jpg', 12845678, 12845678, 75, 0, 0, '2010-01-05 22:49:26'),
(11, 74, 'Můj život v ruinách', 'My Life in Ruins', 'Americká romantická komedie. <br />Turistická průvodkyně najde v Řecku sama sebe i opravdovou lásku právě ve chvíli, kdy to nejmíň čeká. <br /><br />Režie: Donald Petrie<br />Hrají: Nia Vardalos, Richard Dreyfuss, Alexis Georgoulis, Alistair McGowan, Rachel Dratch a další.', 96, 'origwsubtitles', 'mujzivotvruinach1.jpg', 12845678, 12845678, 70, 0, 0, '2010-01-05 22:50:02'),
(12, 74, 'Stínu neutečeš', '', 'České širokoúhlé drama. <br />Pátrání po rodinném tajemství, které je ukryto v minulosti. <br /><br />Režie: Lenka Kny<br />Hrají: Jaroslava Adamová, Pavel Landovský, Helena Dvořáková, František Němec, Anna Polívková, Alois Švehlík, Matěj Hádek a další.', 106, 'czech', 'stinuneuteces.jpg', 12845678, 12845678, 70, 0, 1, '2010-01-05 22:50:54'),
(13, 74, 'Avatar', '', 'Americké širokoúhlé akční sci-fi. <br />Vítejte v novém světě za hranicí vaší fantazie. Nejnovější film Jamese Camerona nás zavádí na mírumilovnou planetu Pandoru, jejíž obyvatelé žijí v naprostém souladu s její divukrásnou vegetací. Posádka vyslaná ze Země, která zde objevila obrovské přírodní bohatství, se tady snaží získat prostor pro diplomatickou misi. Pandořané se ale rozhodně nehodlají nechat kolonizovat. <br /><br />Režie: James Cameron<br />Hrají: Sam Worthington, Zoe Saldana, Sigourney Weaver, Michelle Rodriguez, Stephen Lang a další.', 161, 'czech', 'avatar1.jpg', 499549, 228329, 75, 0, 0, '2010-01-07 17:41:43'),
(14, 74, 'Nezvaný host', 'The Visitor', 'USA – 2007. Romantické kriminální drama. <br />Přátelství někdy vzniká nečekanou cestou a mezi lidmi, u kterých byste to nepředpokládali. <br /><br />Režie: Tom McCarthy<br />Hrají: Richard Jenkins, Haaz Sleiman, Danai Gurira, Hiam Abbass a další. <br /><br />Nominace na Oscara za nejlepší herecký výkon v hlavní roli.', 102, 'origwsubtitles', 'nezvanyhost.jpg', 0, 0, 70, 0, 1, '2010-01-05 22:55:21'),
(15, 74, 'Vyfič!', 'Whip It!', '<p>﻿﻿Americká širokoúhlá komedie. Režie: Drew Barrymore. Jak může mladá holka uniknout z nudy maloměsta v Texasu? P<span>roblémy doma, problémy s dospíváním, problémy s vlastní osobností. Náhle se objeví dokonalé řešení: bude jezdit na kolečkových bruslích v jakési pochybné lize ještě pochybnějšího sportu. <br /></span> <br />Hrají: Ellen Page, Drew Barrymore, Juliette Lewis, Alia Shawkat a další.</p>', 111, 'origwsubtitles', 'vyfic.jpg', 0, 0, 70, 12, 0, '2010-01-05 22:41:25'),
(16, 74, 'Oko ve zdi', '', 'ČR/SR. Širokoúhlý thriller. Režie: Miloš J. Kohout. Příběh bez hranic, který měl točit Alfred Hitchcock! Může minulost zabíjet ? Thriller natočený podle předlohy spisovatelky Ivy Hercíkové s mezinárodním hereckým obsazením. Milenecká dvojice tráví své první rande na odlehlém místě v opuštěném domku. Brzy si ale uvědomí, že je škvírou ve zdi pozoruje čísi oko. <br /><br />Hrají: Karel Roden, Jürgen Prochnow, Catherine Flemming, Soňa Valentová a další.', 80, 'czech', 'okovezdi.jpg', 0, 0, 75, 12, 0, '2010-01-05 22:44:56'),
(17, 74, 'Zataženo,občas trakaře', 'Cloudy with a Chance of Meatballs', 'Americký širokoúhlý animovaný rodinný film. Režie: Phil Lord, Christopher Miller. Připravte si talíře. Připravte si talíře ! Hlavní postavou příběhu, natočeného podle populární dětské knížky Judi Barret, je malý vynálezce Flint, který svým nejnovějším vynálezem způsobil kolaps, při němž z nebe padají gigantické potraviny.', 90, 'dabbing', 'zatazenoobcastrakare.jpg', 0, 0, 70, 0, 0, '2010-01-05 22:33:32'),
(18, 74, 'Love and Dance', 'Kochaj i tancz', 'Polský širokoúhlý taneční film. <br />Touha tančit. Touha milovat. U zrodu celého příběhu stojí tanec, jenž nenávratně změní osudy všech hrdinů. Hudba, vášeň a exploze energie v hudebním tanečním filmu vynikajícího polského choreografa Jareka Staniaka. Nadčasový film, který se odehrává v současné Varšavě, zobrazuje téma lásky, přátelství a odpouštění, a to ve světě, kde rytmus, pohled a pohyb znamenají víc než slova.<br /><br />Režie: Bruce Parramore<br />Hrají: Iza Miko, Mateusz Damiecki, Katarzyna Figura, Jacek Koman, Anna Bosak a další.', 123, 'origwsubtitles', 'loveanddance.jpg', 0, 0, 70, 12, 0, '2010-01-05 23:15:07'),
(19, 74, 'Zakletý v čase', 'Time Traverel´s Wife', 'Americký širokoúhlý romantický film. Režie: Robert Schwentke. O lásce, která přesahuje hranice času. Velký milostný příběh, jehož hlavní mužský hrdina disponuje genetickou anomálií, která mu umožňuje cestovat časem. Jenže se tak děje nezávisle na jeho vůli, a tak nikdy neví, kdy a na jak dlouho zmizí. To je samozřejmě největší problém v jeho vztahu s Clare, která navzdory času o svou životní lásku nepřestává usilovat. Velká porce romantiky plná citu a nádherných milostných scén ve sladkém příběhu natočeném podle stejnojmenného knižního bestselleru. <br /><br />Hrají: Rachel McAdams, Eric Bana, Arliss Howard, Ron Livingston a Stephen Tobolowsky a další.', 108, 'origwsubtitles', 'zakletyvcase.jpg', 0, 0, 75, 12, 0, '2010-01-05 22:36:14'),
(20, 74, 'Trable v ráji', '', 'Trable v ráji', 123, 'czech', NULL, 0, 0, 100, 0, 0, '2010-01-04 11:19:38'),
(21, 74, 'Vánoční koleda 3D', '', 'Vánoční koleda 3D', 123, 'czech', NULL, 0, 0, 100, 0, 0, '2010-01-04 11:20:17'),
(23, 74, 'test', '', 'f gdzsv gsjvg hjsdjks dvsd', 123, 'origwsubtitles', 'avatar1.jpg', 0, 0, 100, 0, 0, '2010-01-05 22:22:32'),
(24, 74, 'Batman', '', 'test tc dcd cjsdhc', 120, 'czech', NULL, 0, 0, 22, 0, 0, '2010-01-05 22:23:18'),
(25, 74, 'Film 4', '', 'f n,dnf,vndf,', 123, 'czech', NULL, 0, 0, 100, 0, 0, '2010-01-05 22:25:32');

-- --------------------------------------------------------

--
-- Struktura tabulky `vypecky_cinemaprogram_time`
--

DROP TABLE IF EXISTS `vypecky_cinemaprogram_time`;
CREATE TABLE IF NOT EXISTS `vypecky_cinemaprogram_time` (
  `id_time` smallint(5) unsigned NOT NULL AUTO_INCREMENT,
  `id_movie` smallint(5) unsigned NOT NULL,
  `date` date NOT NULL,
  `time` time NOT NULL,
  PRIMARY KEY (`id_time`),
  KEY `id_movie` (`id_movie`)
) ENGINE=MyISAM  DEFAULT CHARSET=utf8 AUTO_INCREMENT=75 ;

--
-- Vypisuji data pro tabulku `vypecky_cinemaprogram_time`
--

INSERT INTO `vypecky_cinemaprogram_time` (`id_time`, `id_movie`, `date`, `time`) VALUES
(2, 4, '2010-01-04', '17:30:00'),
(3, 4, '2010-01-05', '17:30:00'),
(4, 4, '2010-01-06', '17:30:00'),
(5, 5, '2010-01-03', '19:30:00'),
(6, 6, '2010-01-04', '15:30:00'),
(7, 6, '2010-01-05', '15:30:00'),
(8, 6, '2010-01-06', '15:30:00'),
(9, 7, '2010-01-04', '19:30:00'),
(10, 7, '2010-01-05', '19:30:00'),
(11, 7, '2010-01-06', '19:30:00'),
(12, 8, '2010-01-07', '17:30:00'),
(13, 8, '2010-01-08', '17:30:00'),
(14, 8, '2010-01-09', '17:30:00'),
(15, 8, '2010-01-10', '17:30:00'),
(16, 9, '2010-01-07', '20:00:00'),
(17, 9, '2010-01-08', '20:00:00'),
(18, 9, '2010-01-09', '20:00:00'),
(19, 9, '2010-01-10', '20:00:00'),
(21, 10, '2010-01-10', '15:30:00'),
(22, 10, '2010-01-08', '15:30:00'),
(23, 11, '2010-01-11', '17:30:00'),
(24, 11, '2010-01-12', '17:30:00'),
(25, 11, '2010-01-13', '17:30:00'),
(26, 12, '2010-01-11', '19:30:00'),
(27, 12, '2010-01-12', '19:30:00'),
(28, 12, '2010-01-13', '19:30:00'),
(29, 13, '2010-01-14', '16:30:00'),
(30, 13, '2010-01-14', '19:30:00'),
(31, 13, '2010-01-15', '16:30:00'),
(32, 13, '2010-01-15', '19:30:00'),
(33, 13, '2010-01-16', '16:30:00'),
(34, 13, '2010-01-16', '19:30:00'),
(35, 13, '2010-01-17', '16:30:00'),
(36, 13, '2010-01-17', '19:30:00'),
(37, 13, '2010-01-18', '16:30:00'),
(38, 13, '2010-01-19', '16:30:00'),
(39, 13, '2010-01-19', '19:30:00'),
(40, 13, '2010-01-20', '16:30:00'),
(41, 13, '2010-01-20', '19:30:00'),
(42, 14, '2010-01-18', '19:30:00'),
(43, 15, '2010-01-21', '17:00:00'),
(44, 15, '2010-01-22', '17:00:00'),
(45, 15, '2010-01-23', '17:30:00'),
(46, 15, '2010-01-24', '17:30:00'),
(47, 16, '2010-01-21', '19:30:00'),
(48, 16, '2010-01-22', '19:30:00'),
(49, 16, '2010-01-23', '19:30:00'),
(50, 16, '2010-01-24', '19:30:00'),
(51, 17, '2010-01-23', '15:30:00'),
(52, 17, '2010-01-24', '15:30:00'),
(53, 18, '2010-01-25', '17:00:00'),
(54, 18, '2010-01-26', '17:00:00'),
(55, 18, '2010-01-27', '17:00:00'),
(56, 19, '2010-01-25', '19:30:00'),
(57, 19, '2010-01-26', '19:30:00'),
(58, 19, '2010-01-27', '19:30:00'),
(59, 20, '2010-01-28', '17:00:00'),
(60, 20, '2010-01-29', '17:00:00'),
(61, 20, '2010-01-30', '17:00:00'),
(62, 20, '2010-01-31', '17:00:00'),
(63, 21, '2010-01-30', '15:30:00'),
(64, 21, '2010-01-31', '15:30:00'),
(72, 23, '2009-12-04', '17:30:00'),
(71, 23, '2009-12-03', '17:30:00'),
(70, 23, '2009-12-02', '17:30:00'),
(73, 24, '2009-12-10', '19:30:00'),
(74, 25, '2009-12-07', '12:00:00');

-- --------------------------------------------------------

--
-- Struktura tabulky `vypecky_config`
--

DROP TABLE IF EXISTS `vypecky_config`;
CREATE TABLE IF NOT EXISTS `vypecky_config` (
  `id_config` smallint(5) unsigned NOT NULL AUTO_INCREMENT,
  `key` varchar(50) NOT NULL,
  `label` varchar(1000) DEFAULT NULL,
  `value` text,
  `values` varchar(200) DEFAULT NULL,
  `protected` tinyint(1) NOT NULL DEFAULT '0',
  `type` enum('string','number','bool','list','listmulti','ser_object') NOT NULL DEFAULT 'string',
  PRIMARY KEY (`id_config`),
  UNIQUE KEY `key` (`key`)
) ENGINE=MyISAM  DEFAULT CHARSET=utf8 AUTO_INCREMENT=56 ;

--
-- Vypisuji data pro tabulku `vypecky_config`
--

INSERT INTO `vypecky_config` (`id_config`, `key`, `label`, `value`, `values`, `protected`, `type`) VALUES
(1, 'DEFAULT_ID_GROUP', NULL, '2', NULL, 0, 'number'),
(2, 'DEFAULT_GROUP_NAME', NULL, 'guest', NULL, 0, 'string'),
(3, 'DEFAULT_USER_NAME', NULL, 'anonym', NULL, 0, 'string'),
(4, 'APP_LANGS', NULL, 'cs;en', 'cs;en;de;ru;sk', 0, 'listmulti'),
(5, 'DEFAULT_APP_LANG', NULL, 'cs', 'cs;en;de;ru;sk', 0, 'list'),
(6, 'IMAGES_DIR', NULL, 'images', NULL, 0, 'string'),
(7, 'IMAGES_LANGS_DIR', NULL, 'langs', NULL, 0, 'string'),
(8, 'DEBUG_LEVEL', NULL, '2', NULL, 0, 'number'),
(9, 'TEMPLATE_FACE', NULL, 'default', NULL, 0, 'string'),
(10, 'SITEMAP_PERIODE', NULL, 'weekly', NULL, 0, 'string'),
(11, 'SEARCH_RESULT_LENGHT', NULL, '300', NULL, 0, 'number'),
(12, 'SEARCH_HIGHLIGHT_TAG', NULL, 'strong', NULL, 0, 'string'),
(13, 'SESSION_NAME', NULL, 'vypecky_cookie', NULL, 0, 'string'),
(14, 'WEB_NAME', NULL, 'Vepřové Výpečky', NULL, 0, 'string'),
(15, 'CATEGORIES_STRUCTURE', NULL, 'O:18:"Category_Structure":6:{s:25:"\0Category_Structure\0level";i:0;s:22:"\0Category_Structure\0id";i:0;s:28:"\0Category_Structure\0idParent";N;s:26:"\0Category_Structure\0catObj";N;s:29:"\0Category_Structure\0childrens";a:8:{i:7;O:18:"Category_Structure":5:{s:25:"\0Category_Structure\0level";i:1;s:22:"\0Category_Structure\0id";s:2:"78";s:28:"\0Category_Structure\0idParent";i:0;s:26:"\0Category_Structure\0catObj";N;s:29:"\0Category_Structure\0childrens";a:2:{i:0;O:18:"Category_Structure":5:{s:25:"\0Category_Structure\0level";i:2;s:22:"\0Category_Structure\0id";s:2:"65";s:28:"\0Category_Structure\0idParent";s:2:"78";s:26:"\0Category_Structure\0catObj";N;s:29:"\0Category_Structure\0childrens";a:0:{}}i:1;O:18:"Category_Structure":5:{s:25:"\0Category_Structure\0level";i:2;s:22:"\0Category_Structure\0id";s:2:"81";s:28:"\0Category_Structure\0idParent";s:2:"78";s:26:"\0Category_Structure\0catObj";N;s:29:"\0Category_Structure\0childrens";a:0:{}}}}i:8;O:18:"Category_Structure":5:{s:25:"\0Category_Structure\0level";i:1;s:22:"\0Category_Structure\0id";s:2:"79";s:28:"\0Category_Structure\0idParent";i:0;s:26:"\0Category_Structure\0catObj";N;s:29:"\0Category_Structure\0childrens";a:3:{i:0;O:18:"Category_Structure":5:{s:25:"\0Category_Structure\0level";i:2;s:22:"\0Category_Structure\0id";s:2:"66";s:28:"\0Category_Structure\0idParent";s:2:"79";s:26:"\0Category_Structure\0catObj";N;s:29:"\0Category_Structure\0childrens";a:0:{}}i:1;O:18:"Category_Structure":6:{s:25:"\0Category_Structure\0level";i:2;s:22:"\0Category_Structure\0id";i:1;s:28:"\0Category_Structure\0idParent";s:2:"79";s:26:"\0Category_Structure\0catObj";N;s:29:"\0Category_Structure\0childrens";a:0:{}s:35:"\0Category_Structure\0currentChildKey";N;}i:2;O:18:"Category_Structure":5:{s:25:"\0Category_Structure\0level";i:2;s:22:"\0Category_Structure\0id";s:2:"83";s:28:"\0Category_Structure\0idParent";s:2:"79";s:26:"\0Category_Structure\0catObj";N;s:29:"\0Category_Structure\0childrens";a:0:{}}}}i:9;O:18:"Category_Structure":5:{s:25:"\0Category_Structure\0level";i:1;s:22:"\0Category_Structure\0id";s:2:"80";s:28:"\0Category_Structure\0idParent";i:0;s:26:"\0Category_Structure\0catObj";N;s:29:"\0Category_Structure\0childrens";a:4:{i:0;O:18:"Category_Structure":5:{s:25:"\0Category_Structure\0level";i:2;s:22:"\0Category_Structure\0id";s:2:"77";s:28:"\0Category_Structure\0idParent";s:2:"80";s:26:"\0Category_Structure\0catObj";N;s:29:"\0Category_Structure\0childrens";a:0:{}}i:1;O:18:"Category_Structure":5:{s:25:"\0Category_Structure\0level";i:2;s:22:"\0Category_Structure\0id";s:2:"67";s:28:"\0Category_Structure\0idParent";s:2:"80";s:26:"\0Category_Structure\0catObj";N;s:29:"\0Category_Structure\0childrens";a:0:{}}i:2;O:18:"Category_Structure":5:{s:25:"\0Category_Structure\0level";i:2;s:22:"\0Category_Structure\0id";s:2:"74";s:28:"\0Category_Structure\0idParent";s:2:"80";s:26:"\0Category_Structure\0catObj";N;s:29:"\0Category_Structure\0childrens";a:0:{}}i:3;O:18:"Category_Structure":5:{s:25:"\0Category_Structure\0level";i:2;s:22:"\0Category_Structure\0id";s:2:"82";s:28:"\0Category_Structure\0idParent";s:2:"80";s:26:"\0Category_Structure\0catObj";N;s:29:"\0Category_Structure\0childrens";a:0:{}}}}i:10;O:18:"Category_Structure":5:{s:25:"\0Category_Structure\0level";i:1;s:22:"\0Category_Structure\0id";s:2:"84";s:28:"\0Category_Structure\0idParent";i:0;s:26:"\0Category_Structure\0catObj";N;s:29:"\0Category_Structure\0childrens";a:0:{}}i:13;O:18:"Category_Structure":5:{s:25:"\0Category_Structure\0level";i:1;s:22:"\0Category_Structure\0id";s:2:"70";s:28:"\0Category_Structure\0idParent";i:0;s:26:"\0Category_Structure\0catObj";N;s:29:"\0Category_Structure\0childrens";a:2:{i:1;O:18:"Category_Structure":5:{s:25:"\0Category_Structure\0level";i:2;s:22:"\0Category_Structure\0id";s:2:"75";s:28:"\0Category_Structure\0idParent";s:2:"70";s:26:"\0Category_Structure\0catObj";N;s:29:"\0Category_Structure\0childrens";a:0:{}}i:2;O:18:"Category_Structure":5:{s:25:"\0Category_Structure\0level";i:2;s:22:"\0Category_Structure\0id";s:2:"76";s:28:"\0Category_Structure\0idParent";s:2:"70";s:26:"\0Category_Structure\0catObj";N;s:29:"\0Category_Structure\0childrens";a:0:{}}}}i:14;O:18:"Category_Structure":6:{s:25:"\0Category_Structure\0level";i:1;s:22:"\0Category_Structure\0id";i:50;s:28:"\0Category_Structure\0idParent";i:0;s:26:"\0Category_Structure\0catObj";N;s:29:"\0Category_Structure\0childrens";a:5:{i:0;O:18:"Category_Structure":6:{s:25:"\0Category_Structure\0level";i:2;s:22:"\0Category_Structure\0id";i:14;s:28:"\0Category_Structure\0idParent";i:50;s:26:"\0Category_Structure\0catObj";N;s:29:"\0Category_Structure\0childrens";a:0:{}s:35:"\0Category_Structure\0currentChildKey";N;}i:2;O:18:"Category_Structure":6:{s:25:"\0Category_Structure\0level";i:2;s:22:"\0Category_Structure\0id";s:2:"60";s:28:"\0Category_Structure\0idParent";i:50;s:26:"\0Category_Structure\0catObj";N;s:29:"\0Category_Structure\0childrens";a:0:{}s:35:"\0Category_Structure\0currentChildKey";N;}i:3;O:18:"Category_Structure":6:{s:25:"\0Category_Structure\0level";i:2;s:22:"\0Category_Structure\0id";s:2:"51";s:28:"\0Category_Structure\0idParent";i:50;s:26:"\0Category_Structure\0catObj";N;s:29:"\0Category_Structure\0childrens";a:0:{}s:35:"\0Category_Structure\0currentChildKey";N;}i:4;O:18:"Category_Structure":5:{s:25:"\0Category_Structure\0level";i:2;s:22:"\0Category_Structure\0id";s:2:"68";s:28:"\0Category_Structure\0idParent";i:50;s:26:"\0Category_Structure\0catObj";N;s:29:"\0Category_Structure\0childrens";a:0:{}}i:5;O:18:"Category_Structure":5:{s:25:"\0Category_Structure\0level";i:2;s:22:"\0Category_Structure\0id";s:2:"69";s:28:"\0Category_Structure\0idParent";i:50;s:26:"\0Category_Structure\0catObj";N;s:29:"\0Category_Structure\0childrens";a:0:{}}}s:35:"\0Category_Structure\0currentChildKey";N;}i:15;O:18:"Category_Structure":6:{s:25:"\0Category_Structure\0level";i:1;s:22:"\0Category_Structure\0id";s:2:"52";s:28:"\0Category_Structure\0idParent";i:0;s:26:"\0Category_Structure\0catObj";N;s:29:"\0Category_Structure\0childrens";a:0:{}s:35:"\0Category_Structure\0currentChildKey";N;}i:16;O:18:"Category_Structure":5:{s:25:"\0Category_Structure\0level";i:1;s:22:"\0Category_Structure\0id";s:2:"71";s:28:"\0Category_Structure\0idParent";i:0;s:26:"\0Category_Structure\0catObj";N;s:29:"\0Category_Structure\0childrens";a:0:{}}}s:35:"\0Category_Structure\0currentChildKey";N;}', NULL, 1, 'ser_object'),
(21, 'PAGE_TITLE_SEPARATOR', NULL, '|', NULL, 0, 'string'),
(16, 'NAVIGATION_SEPARATOR', NULL, '::', NULL, 0, 'string'),
(17, 'HEADLINE_SEPARATOR', NULL, ' - ', NULL, 0, 'string'),
(19, 'PANEL_TYPES', NULL, 'left;right;bottom', 'left;right;bottom;top', 0, 'listmulti'),
(18, 'USE_IMAGEMAGICK', NULL, 'false', NULL, 0, 'bool'),
(20, 'DATA_DIR', NULL, 'data', NULL, 0, 'string'),
(22, 'USE_GLOBAL_ACCOUNTS', 'Globální systém přihlašování', 'false', NULL, 0, 'bool'),
(23, 'GLOBAL_TABLES_PREFIX', 'Prefix globálních tabulek', 'global_', NULL, 0, 'string'),
(25, 'USE_SUBDOMAIN_HTACCESS_WORKAROUND', NULL, NULL, NULL, 0, 'string'),
(27, 'PDF_PAGE_FORMAT', 'Formát stránky pro pdf výstup', 'A4', NULL, 0, 'string'),
(28, 'PDF_PAGE_ORIENTATION', 'Natočení stránky pro pdf výstup (P=portrait, L=landscape)', 'P', 'P;L', 0, 'list'),
(29, 'PDF_CREATOR', 'Název pdf kreatoru', 'TCPDF', NULL, 0, 'string'),
(30, 'PDF_AUTHOR', 'Autor pdf', 'TCPDF', NULL, 0, 'string'),
(31, 'PDF_HEADER_LOGO', 'Název loga v hlavičce pdf', NULL, NULL, 0, 'string'),
(32, 'PDF_HEADER_LOGO_WIDTH', 'Šířka loga v hlavičce', NULL, NULL, 0, 'string'),
(33, 'PDF_UNIT', 'Jednotky použité u pdf (pt=point, mm=millimeter, cm=centimeter, in=inch)', 'mm', 'mm;pt;cm;in', 0, 'list'),
(34, 'PDF_MARGIN_HEADER', 'Odsazení hlavičky', '5', NULL, 0, 'string'),
(35, 'PDF_MARGIN_FOOTER', 'Odsazení zápatí', '10', NULL, 0, 'string'),
(36, 'PDF_MARGIN_TOP', 'Odsazení stránky z vrchu', '20', NULL, 0, 'string'),
(37, 'PDF_MARGIN_BOTTOM', 'Odsazení stránky od spodu', '25', NULL, 0, 'string'),
(38, 'PDF_MARGIN_LEFT', 'Odsazení z leva', '15', NULL, 0, 'string'),
(39, 'PDF_MARGIN_RIGHT', 'Odsazení z prava', '15', NULL, 0, 'string'),
(40, 'PDF_FONT_NAME_MAIN', 'Název hlavního fontu', 'arial', NULL, 0, 'string'),
(41, 'PDF_FONT_SIZE_MAIN', 'Velikost hlavního fontu', '12', NULL, 0, 'string'),
(42, 'PDF_FONT_NAME_DATA', 'Font pro data', 'arial', NULL, 0, 'string'),
(43, 'PDF_FONT_SIZE_DATA', 'Velikost fontu pro data', '8', NULL, 0, 'string'),
(44, 'PDF_FONT_MONOSPACED', 'Název pevného fontu', 'courier', NULL, 0, 'string'),
(45, 'PDF_IMAGE_SCALE_RATIO', 'Zvětšení obrázků ve výstupním pdf', '1', NULL, 0, 'string'),
(46, 'HEAD_MAGNIFICATION', 'zvětšovací poměr nadpisů', '1.1', NULL, 0, 'string'),
(51, 'WEB_DESCRIPTION', 'Popis stránek', 'Testovací stránky VVE enginu verze 6.0', NULL, 0, 'string'),
(50, 'FEED_NUM', 'Poček generovaných rss/atom kanálů', '10', NULL, 0, 'number'),
(52, 'WEB_MASTER_NAME', 'Jméno webmastera', 'Jakub Matas', NULL, 0, 'string'),
(53, 'WEB_MASTER_EMAIL', 'E-mail webmastera', 'jakubmatas@gmail.com', NULL, 0, 'string'),
(54, 'FEED_TTL', 'Počet minut kešování kanálu', '30', NULL, 0, 'number'),
(55, 'WEB_COPYRIGHT', 'Copyright poznámka k webu ({Y} - nahrazeno rokem)', 'Obsah toho webu je licencován podle ... Žádná s jeho částí nesmí být použita bez vědomí webmastera. Copyrigth {Y}', NULL, 0, 'string');

-- --------------------------------------------------------

--
-- Struktura tabulky `vypecky_eplugin_sendmails`
--

DROP TABLE IF EXISTS `vypecky_eplugin_sendmails`;
CREATE TABLE IF NOT EXISTS `vypecky_eplugin_sendmails` (
  `id_mail` smallint(5) unsigned NOT NULL AUTO_INCREMENT,
  `id_item` smallint(5) unsigned NOT NULL,
  `id_article` smallint(5) unsigned DEFAULT NULL,
  `mail` varchar(200) NOT NULL,
  PRIMARY KEY (`id_mail`),
  KEY `id_item` (`id_item`,`id_article`)
) ENGINE=MyISAM  DEFAULT CHARSET=utf8 AUTO_INCREMENT=5 ;

--
-- Vypisuji data pro tabulku `vypecky_eplugin_sendmails`
--

INSERT INTO `vypecky_eplugin_sendmails` (`id_mail`, `id_item`, `id_article`, `mail`) VALUES
(1, 9, 0, 'jakubmatas@gmail.com'),
(2, 9, 0, 'cuba@vypecky.info');

-- --------------------------------------------------------

--
-- Struktura tabulky `vypecky_eplugin_sendmailstexts`
--

DROP TABLE IF EXISTS `vypecky_eplugin_sendmailstexts`;
CREATE TABLE IF NOT EXISTS `vypecky_eplugin_sendmailstexts` (
  `id_text` smallint(5) unsigned NOT NULL AUTO_INCREMENT,
  `id_item` smallint(5) unsigned NOT NULL,
  `id_article` smallint(5) unsigned DEFAULT NULL,
  `subject` varchar(500) NOT NULL,
  `text` text NOT NULL,
  PRIMARY KEY (`id_text`),
  KEY `id_item` (`id_item`,`id_article`)
) ENGINE=MyISAM  DEFAULT CHARSET=utf8 AUTO_INCREMENT=2 ;

--
-- Vypisuji data pro tabulku `vypecky_eplugin_sendmailstexts`
--

INSERT INTO `vypecky_eplugin_sendmailstexts` (`id_text`, `id_item`, `id_article`, `subject`, `text`) VALUES
(1, 9, NULL, 'Předmět emalu', 'Text mailu %pokus%.\r\n\r\npočet znaků je: %pocet%/%sudy[sudý/lichý]%\r\n\r\npočet znaků je: %pocet%/%sudy[sudý/lichý]%');

-- --------------------------------------------------------

--
-- Struktura tabulky `vypecky_groups`
--

DROP TABLE IF EXISTS `vypecky_groups`;
CREATE TABLE IF NOT EXISTS `vypecky_groups` (
  `id_group` smallint(3) unsigned NOT NULL AUTO_INCREMENT COMMENT 'ID skupiny',
  `name` varchar(15) DEFAULT NULL COMMENT 'Nazev skupiny',
  `label` varchar(100) DEFAULT NULL,
  `used` tinyint(1) NOT NULL DEFAULT '1',
  `default_right` varchar(3) NOT NULL,
  PRIMARY KEY (`id_group`)
) ENGINE=MyISAM  DEFAULT CHARSET=utf8 AUTO_INCREMENT=7 ;

--
-- Vypisuji data pro tabulku `vypecky_groups`
--

INSERT INTO `vypecky_groups` (`id_group`, `name`, `label`, `used`, `default_right`) VALUES
(1, 'admin', 'Administrátor', 1, 'rwc'),
(2, 'guest', 'Host', 1, 'r--'),
(3, 'user', 'Uživatel', 1, 'r--'),
(4, 'poweruser', 'uživatel s většími právy', 1, 'rw-'),
(5, 'test', 'Testovací skupina', 1, 'r--'),
(6, 'instruktor', '', 1, 'r--');

-- --------------------------------------------------------

--
-- Struktura tabulky `vypecky_navigation_panel`
--

DROP TABLE IF EXISTS `vypecky_navigation_panel`;
CREATE TABLE IF NOT EXISTS `vypecky_navigation_panel` (
  `id_link` smallint(5) unsigned NOT NULL AUTO_INCREMENT,
  `url` varchar(200) NOT NULL,
  `name` varchar(50) NOT NULL,
  `icon` varchar(100) DEFAULT NULL,
  `type` enum('subdomain','project') NOT NULL DEFAULT 'subdomain',
  `indexing` tinyint(1) NOT NULL DEFAULT '1',
  `params` varchar(200) DEFAULT NULL,
  `ord` smallint(3) NOT NULL DEFAULT '100',
  PRIMARY KEY (`id_link`)
) ENGINE=MyISAM  DEFAULT CHARSET=utf8 AUTO_INCREMENT=13 ;

--
-- Vypisuji data pro tabulku `vypecky_navigation_panel`
--

INSERT INTO `vypecky_navigation_panel` (`id_link`, `url`, `name`, `icon`, `type`, `indexing`, `params`, `ord`) VALUES
(12, 'http://localhost/vve6/ucet/', 'Účet', NULL, 'project', 1, '', 2);

-- --------------------------------------------------------

--
-- Struktura tabulky `vypecky_panels`
--

DROP TABLE IF EXISTS `vypecky_panels`;
CREATE TABLE IF NOT EXISTS `vypecky_panels` (
  `id_panel` smallint(3) NOT NULL AUTO_INCREMENT,
  `id_cat` smallint(5) NOT NULL DEFAULT '0' COMMENT 'id kategorie panelu',
  `id_show_cat` smallint(5) unsigned DEFAULT '0' COMMENT 'id kategorie ve které se má daný panel zobrazit',
  `position` varchar(20) NOT NULL DEFAULT '' COMMENT 'Název boxu do kterého panel patří',
  `porder` smallint(5) NOT NULL DEFAULT '0' COMMENT 'Řazení panelu',
  PRIMARY KEY (`id_panel`),
  KEY `id_cat` (`id_cat`),
  KEY `id_show_cat` (`id_show_cat`)
) ENGINE=InnoDB  DEFAULT CHARSET=utf8 AUTO_INCREMENT=17 ;

--
-- Vypisuji data pro tabulku `vypecky_panels`
--

INSERT INTO `vypecky_panels` (`id_panel`, `id_cat`, `id_show_cat`, `position`, `porder`) VALUES
(5, 61, 0, 'left', 0),
(6, 61, 0, 'bottom', 0),
(7, 1, 0, 'bottom', 0),
(8, 12, 0, 'right', 0),
(9, 61, 0, 'right', 0),
(11, 66, 0, 'left', 0),
(12, 1, 0, 'left', 0),
(13, 52, 0, 'right', 0),
(14, 77, 0, 'right', 0),
(15, 82, 0, 'right', 0),
(16, 83, 0, 'right', 0);

-- --------------------------------------------------------

--
-- Struktura tabulky `vypecky_photogalery_images`
--

DROP TABLE IF EXISTS `vypecky_photogalery_images`;
CREATE TABLE IF NOT EXISTS `vypecky_photogalery_images` (
  `id_photo` smallint(5) unsigned NOT NULL AUTO_INCREMENT,
  `id_article` smallint(5) unsigned DEFAULT NULL,
  `id_category` smallint(5) unsigned NOT NULL,
  `file` varchar(200) NOT NULL,
  `name_cs` varchar(300) CHARACTER SET utf8 COLLATE utf8_czech_ci DEFAULT NULL,
  `desc_cs` varchar(1000) CHARACTER SET utf8 COLLATE utf8_czech_ci DEFAULT NULL,
  `name_en` varchar(300) DEFAULT NULL,
  `desc_en` varchar(1000) DEFAULT NULL,
  `name_de` varchar(300) DEFAULT NULL,
  `desc_de` varchar(1000) DEFAULT NULL,
  `ord` smallint(5) unsigned NOT NULL DEFAULT '0',
  `edit_time` timestamp NOT NULL DEFAULT CURRENT_TIMESTAMP ON UPDATE CURRENT_TIMESTAMP,
  PRIMARY KEY (`id_photo`),
  KEY `id_category` (`id_category`),
  KEY `id_article` (`id_article`)
) ENGINE=MyISAM  DEFAULT CHARSET=utf8 AUTO_INCREMENT=142 ;

--
-- Vypisuji data pro tabulku `vypecky_photogalery_images`
--

INSERT INTO `vypecky_photogalery_images` (`id_photo`, `id_article`, `id_category`, `file`, `name_cs`, `desc_cs`, `name_en`, `desc_en`, `name_de`, `desc_de`, `ord`, `edit_time`) VALUES
(1, 65, 65, 'Obraz007.jpg', 'Obraz007.jpg', '', 'Obraz007.jpg', NULL, NULL, NULL, 0, '2010-01-07 12:36:53'),
(2, 65, 65, 'Obraz008.jpg', 'Obraz008.jpg', '', 'Obraz008.jpg', NULL, NULL, NULL, 0, '2010-01-07 12:36:53'),
(3, 65, 65, 'Obraz009.jpg', 'Obraz009.jpg', '', 'Obraz009.jpg', NULL, NULL, NULL, 0, '2010-01-07 12:36:53'),
(4, 65, 65, 'Obraz010.jpg', 'Obraz010.jpg', '', 'Obraz010.jpg', NULL, NULL, NULL, 0, '2010-01-07 12:36:53'),
(5, 65, 65, 'Obraz011.jpg', 'Obraz011.jpg', '', 'Obraz011.jpg', NULL, NULL, NULL, 0, '2010-01-07 12:36:53'),
(6, 65, 65, 'Obraz012.jpg', 'Obraz012.jpg', '', 'Obraz012.jpg', NULL, NULL, NULL, 0, '2010-01-07 12:36:53'),
(7, 65, 65, 'Obraz013.jpg', 'Obraz013.jpg', '', 'Obraz013.jpg', NULL, NULL, NULL, 0, '2010-01-07 12:36:53'),
(8, 65, 65, 'Obraz014.jpg', 'Obraz014.jpg', '', 'Obraz014.jpg', NULL, NULL, NULL, 0, '2010-01-07 12:36:53'),
(9, 28, 81, 'Obraz016.jpg', 'Obraz016.jpg', '', 'Obraz016.jpg', NULL, NULL, NULL, 0, '2010-01-07 12:36:53'),
(10, 28, 81, 'Obraz017.jpg', 'Obraz017.jpg', '', 'Obraz017.jpg', NULL, NULL, NULL, 0, '2010-01-07 12:36:53'),
(11, 28, 81, 'Obraz018.jpg', 'Obraz018.jpg', '', 'Obraz018.jpg', NULL, NULL, NULL, 0, '2010-01-07 12:36:53'),
(32, 27, 81, 'IMAG0005.JPG', 'IMAG0005.JPG', '', 'IMAG0005.JPG', NULL, NULL, NULL, 0, '2010-01-07 12:36:53'),
(31, 27, 81, 'IMAG0004.JPG', 'IMAG0004.JPG', '', 'IMAG0004.JPG', NULL, NULL, NULL, 0, '2010-01-07 12:36:53'),
(30, 27, 81, 'IMAG0003.JPG', 'IMAG0003.JPG', '', 'IMAG0003.JPG', NULL, NULL, NULL, 0, '2010-01-07 12:36:53'),
(38, 29, 81, 'Obraz008.jpg', 'Obraz008.jpg', '', 'Obraz008.jpg', NULL, NULL, NULL, 0, '2010-01-07 12:36:53'),
(37, 29, 81, 'Obraz007.jpg', 'Obraz007.jpg', '', 'Obraz007.jpg', NULL, NULL, NULL, 0, '2010-01-07 12:36:53'),
(29, 27, 81, 'IMAG0002.JPG', 'IMAG0002.JPG', '', 'IMAG0002.JPG', NULL, NULL, NULL, 0, '2010-01-07 12:36:53'),
(33, 27, 81, 'IMAG0006.JPG', 'IMAG0006.JPG', '', 'IMAG0006.JPG', NULL, NULL, NULL, 0, '2010-01-07 12:36:53'),
(34, 27, 81, 'IMAG0008.JPG', 'IMAG0008.JPG', '', 'IMAG0008.JPG', NULL, NULL, NULL, 0, '2010-01-07 12:36:53'),
(35, 27, 81, 'IMAG0009.JPG', 'IMAG0009.JPG', '', 'IMAG0009.JPG', NULL, NULL, NULL, 0, '2010-01-07 12:36:53'),
(36, 27, 81, 'IMAG0010.JPG', 'IMAG0010.JPG', '', 'IMAG0010.JPG', NULL, NULL, NULL, 0, '2010-01-07 12:36:53'),
(39, 29, 81, 'Obraz009.jpg', 'Obraz009.jpg', '', 'Obraz009.jpg', NULL, NULL, NULL, 0, '2010-01-07 12:36:53'),
(40, 29, 81, 'Obraz010.jpg', 'Obraz010.jpg', '', 'Obraz010.jpg', NULL, NULL, NULL, 0, '2010-01-07 12:36:53'),
(41, 29, 81, 'Obraz011.jpg', 'Obraz011.jpg', '', 'Obraz011.jpg', NULL, NULL, NULL, 0, '2010-01-07 12:36:53'),
(42, 29, 81, 'Obraz012.jpg', 'Obraz012.jpg', '', 'Obraz012.jpg', NULL, NULL, NULL, 0, '2010-01-07 12:36:53'),
(43, 29, 81, 'Obraz013.jpg', 'Obraz013.jpg', '', 'Obraz013.jpg', NULL, NULL, NULL, 0, '2010-01-07 12:36:53'),
(44, 29, 81, 'Obraz014.jpg', 'Obraz014.jpg', '', 'Obraz014.jpg', NULL, NULL, NULL, 0, '2010-01-07 12:36:53'),
(45, 29, 81, 'Obraz015.jpg', 'Obraz015.jpg', '', 'Obraz015.jpg', NULL, NULL, NULL, 0, '2010-01-07 12:36:53'),
(46, 29, 81, 'Obraz016.jpg', 'Obraz016.jpg', '', 'Obraz016.jpg', NULL, NULL, NULL, 0, '2010-01-07 12:36:53'),
(47, 29, 81, 'Obraz017.jpg', 'Obraz017.jpg', '', 'Obraz017.jpg', NULL, NULL, NULL, 0, '2010-01-07 12:36:53'),
(48, 29, 81, 'Obraz018.jpg', 'Obraz018.jpg', '', 'Obraz018.jpg', NULL, NULL, NULL, 0, '2010-01-07 12:36:53'),
(49, 29, 81, 'Obraz019.jpg', 'Obraz019.jpg', '', 'Obraz019.jpg', NULL, NULL, NULL, 0, '2010-01-07 12:36:53'),
(50, 29, 81, 'Obraz020.jpg', 'Obraz020.jpg', '', 'Obraz020.jpg', NULL, NULL, NULL, 0, '2010-01-07 12:36:53'),
(51, 29, 81, 'Obraz021.jpg', 'Obraz021.jpg', '', 'Obraz021.jpg', NULL, NULL, NULL, 0, '2010-01-07 12:36:53'),
(52, 29, 81, 'P1020070.JPG', 'P1020070.JPG', '', 'P1020070.JPG', NULL, NULL, NULL, 0, '2010-01-07 12:36:53'),
(53, 29, 81, 'P1020071.JPG', 'P1020071.JPG', '', 'P1020071.JPG', NULL, NULL, NULL, 0, '2010-01-07 12:36:53'),
(54, 29, 81, 'P1020072.JPG', 'P1020072.JPG', '', 'P1020072.JPG', NULL, NULL, NULL, 0, '2010-01-07 12:36:53'),
(55, 29, 81, 'P1020073.JPG', 'P1020073.JPG', '', 'P1020073.JPG', NULL, NULL, NULL, 0, '2010-01-07 12:36:53'),
(56, 29, 81, 'P1020074.JPG', 'P1020074.JPG', '', 'P1020074.JPG', NULL, NULL, NULL, 0, '2010-01-07 12:36:53'),
(57, 29, 81, 'P1020075.JPG', 'P1020075.JPG', '', 'P1020075.JPG', NULL, NULL, NULL, 0, '2010-01-07 12:36:53'),
(58, 29, 81, 'P1020076.JPG', 'P1020076.JPG', '', 'P1020076.JPG', NULL, NULL, NULL, 0, '2010-01-07 12:36:53'),
(59, 29, 81, 'P1020077.JPG', 'P1020077.JPG', '', 'P1020077.JPG', NULL, NULL, NULL, 0, '2010-01-07 12:36:53'),
(60, 29, 81, 'P1020078.JPG', 'P1020078.JPG', '', 'P1020078.JPG', NULL, NULL, NULL, 0, '2010-01-07 12:36:53'),
(61, 29, 81, 'P1020079.JPG', 'P1020079.JPG', '', 'P1020079.JPG', NULL, NULL, NULL, 0, '2010-01-07 12:36:53'),
(62, 29, 81, 'P1020080.JPG', 'P1020080.JPG', '', 'P1020080.JPG', NULL, NULL, NULL, 0, '2010-01-07 12:36:53'),
(63, 29, 81, 'P1020081.JPG', 'P1020081.JPG', '', 'P1020081.JPG', NULL, NULL, NULL, 0, '2010-01-07 12:36:53'),
(64, 29, 81, 'P1020082.JPG', 'P1020082.JPG', '', 'P1020082.JPG', NULL, NULL, NULL, 0, '2010-01-07 12:36:53'),
(65, 29, 81, 'P1020083.JPG', 'P1020083.JPG', '', 'P1020083.JPG', NULL, NULL, NULL, 0, '2010-01-07 12:36:53'),
(66, 29, 81, 'P1020084.JPG', 'P1020084.JPG', '', 'P1020084.JPG', NULL, NULL, NULL, 0, '2010-01-07 12:36:53'),
(67, 29, 81, 'P1020085.JPG', 'P1020085.JPG', '', 'P1020085.JPG', NULL, NULL, NULL, 0, '2010-01-07 12:36:53'),
(68, 29, 81, 'P1020086.JPG', 'P1020086.JPG', '', 'P1020086.JPG', NULL, NULL, NULL, 0, '2010-01-07 12:36:53'),
(69, 29, 81, 'P1020087.JPG', 'P1020087.JPG', '', 'P1020087.JPG', NULL, NULL, NULL, 0, '2010-01-07 12:36:53'),
(70, 29, 81, 'P1020088.JPG', 'P1020088.JPG', '', 'P1020088.JPG', NULL, NULL, NULL, 0, '2010-01-07 12:36:53'),
(71, 29, 81, 'P1020089.JPG', 'P1020089.JPG', '', 'P1020089.JPG', NULL, NULL, NULL, 0, '2010-01-07 12:36:53'),
(72, 29, 81, 'P1020090.JPG', 'P1020090.JPG', '', 'P1020090.JPG', NULL, NULL, NULL, 0, '2010-01-07 12:36:53'),
(73, 29, 81, 'P1020091.JPG', 'P1020091.JPG', '', 'P1020091.JPG', NULL, NULL, NULL, 0, '2010-01-07 12:36:53'),
(74, 29, 81, 'P1020092.JPG', 'P1020092.JPG', '', 'P1020092.JPG', NULL, NULL, NULL, 0, '2010-01-07 12:36:53'),
(75, 29, 81, 'P1020093.JPG', 'P1020093.JPG', '', 'P1020093.JPG', NULL, NULL, NULL, 0, '2010-01-07 12:36:53'),
(76, 29, 81, 'P1020094.JPG', 'P1020094.JPG', '', 'P1020094.JPG', NULL, NULL, NULL, 0, '2010-01-07 12:36:53'),
(77, 29, 81, 'P1020095.JPG', 'P1020095.JPG', '', 'P1020095.JPG', NULL, NULL, NULL, 0, '2010-01-07 12:36:53'),
(78, 29, 81, 'P1020096.JPG', 'P1020096.JPG', '', 'P1020096.JPG', NULL, NULL, NULL, 0, '2010-01-07 12:36:53'),
(79, 29, 81, 'P1020097.JPG', 'P1020097.JPG', '', 'P1020097.JPG', NULL, NULL, NULL, 0, '2010-01-07 12:36:53'),
(80, 29, 81, 'P1020098.JPG', 'P1020098.JPG', '', 'P1020098.JPG', NULL, NULL, NULL, 0, '2010-01-07 12:36:53'),
(81, 29, 81, 'P1020099.JPG', 'P1020099.JPG', '', 'P1020099.JPG', NULL, NULL, NULL, 0, '2010-01-07 12:36:53'),
(82, 29, 81, 'P1020100.JPG', 'P1020100.JPG', '', 'P1020100.JPG', NULL, NULL, NULL, 0, '2010-01-07 12:36:53'),
(83, 29, 81, 'P1020101.JPG', 'P1020101.JPG', '', 'P1020101.JPG', NULL, NULL, NULL, 0, '2010-01-07 12:36:53'),
(84, 29, 81, 'P1020102.JPG', 'P1020102.JPG', '', 'P1020102.JPG', NULL, NULL, NULL, 0, '2010-01-07 12:36:53'),
(85, 29, 81, 'P1020103.JPG', 'P1020103.JPG', '', 'P1020103.JPG', NULL, NULL, NULL, 0, '2010-01-07 12:36:53'),
(86, 29, 81, 'P1020104.JPG', 'P1020104.JPG', '', 'P1020104.JPG', NULL, NULL, NULL, 0, '2010-01-07 12:36:53'),
(87, 29, 81, 'P1020105.JPG', 'P1020105.JPG', '', 'P1020105.JPG', NULL, NULL, NULL, 0, '2010-01-07 12:36:53'),
(88, 29, 81, 'P1020106.JPG', 'P1020106.JPG', '', 'P1020106.JPG', NULL, NULL, NULL, 0, '2010-01-07 12:36:53'),
(89, 29, 81, 'P1020107.JPG', 'P1020107.JPG', '', 'P1020107.JPG', NULL, NULL, NULL, 0, '2010-01-07 12:36:53'),
(90, 29, 81, 'P1020108.JPG', 'P1020108.JPG', '', 'P1020108.JPG', NULL, NULL, NULL, 0, '2010-01-07 12:36:53'),
(91, 29, 81, 'P1020110.JPG', 'P1020110.JPG', '', 'P1020110.JPG', NULL, NULL, NULL, 0, '2010-01-07 12:36:53'),
(92, 29, 81, 'P1020111.JPG', 'P1020111.JPG', '', 'P1020111.JPG', NULL, NULL, NULL, 0, '2010-01-07 12:36:53'),
(93, 29, 81, 'P1020112.JPG', 'P1020112.JPG', '', 'P1020112.JPG', NULL, NULL, NULL, 0, '2010-01-07 12:36:53'),
(94, 29, 81, 'P1020113.JPG', 'P1020113.JPG', '', 'P1020113.JPG', NULL, NULL, NULL, 0, '2010-01-07 12:36:53'),
(95, 29, 81, 'P1020116.JPG', 'P1020116.JPG', '', 'P1020116.JPG', NULL, NULL, NULL, 0, '2010-01-07 12:36:53'),
(96, 29, 81, 'P1020119.JPG', 'P1020119.JPG', '', 'P1020119.JPG', NULL, NULL, NULL, 0, '2010-01-07 12:36:53'),
(97, 29, 81, 'P1020120.JPG', 'P1020120.JPG', '', 'P1020120.JPG', NULL, NULL, NULL, 0, '2010-01-07 12:36:53'),
(98, 29, 81, 'P1020121.JPG', 'P1020121.JPG', '', 'P1020121.JPG', NULL, NULL, NULL, 0, '2010-01-07 12:36:53'),
(99, 29, 81, 'P1020122.JPG', 'P1020122.JPG', '', 'P1020122.JPG', NULL, NULL, NULL, 0, '2010-01-07 12:36:53'),
(100, 29, 81, 'P1020123.JPG', 'P1020123.JPG', '', 'P1020123.JPG', NULL, NULL, NULL, 0, '2010-01-07 12:36:53'),
(101, 29, 81, 'P1020124.JPG', 'P1020124.JPG', '', 'P1020124.JPG', NULL, NULL, NULL, 0, '2010-01-07 12:36:53'),
(102, 29, 81, 'P1020125.JPG', 'P1020125.JPG', '', 'P1020125.JPG', NULL, NULL, NULL, 0, '2010-01-07 12:36:53'),
(103, 29, 81, 'P1020126.JPG', 'P1020126.JPG', '', 'P1020126.JPG', NULL, NULL, NULL, 0, '2010-01-07 12:36:53'),
(104, 29, 81, 'P1020127.JPG', 'P1020127.JPG', '', 'P1020127.JPG', NULL, NULL, NULL, 0, '2010-01-07 12:36:53'),
(105, 29, 81, 'P1020128.JPG', 'P1020128.JPG', '', 'P1020128.JPG', NULL, NULL, NULL, 0, '2010-01-07 12:36:53'),
(106, 29, 81, 'P1020129.JPG', 'P1020129.JPG', '', 'P1020129.JPG', NULL, NULL, NULL, 0, '2010-01-07 12:36:53'),
(107, 29, 81, 'P1020130.JPG', 'P1020130.JPG', '', 'P1020130.JPG', NULL, NULL, NULL, 0, '2010-01-07 12:36:53'),
(108, 29, 81, 'SP_A0995.jpg', 'SP_A0995.jpg', '', 'SP_A0995.jpg', NULL, NULL, NULL, 0, '2010-01-07 12:36:53'),
(109, 29, 81, 'SP_A0996.jpg', 'SP_A0996.jpg', '', 'SP_A0996.jpg', NULL, NULL, NULL, 0, '2010-01-07 12:36:53'),
(110, 29, 81, 'SP_A0997.jpg', 'SP_A0997.jpg', '', 'SP_A0997.jpg', NULL, NULL, NULL, 0, '2010-01-07 12:36:53'),
(111, 29, 81, 'SP_A0998.jpg', 'SP_A0998.jpg', '', 'SP_A0998.jpg', NULL, NULL, NULL, 0, '2010-01-07 12:36:53'),
(112, 29, 81, 'SP_A1001.jpg', 'SP_A1001.jpg', '', 'SP_A1001.jpg', NULL, NULL, NULL, 0, '2010-01-07 12:36:53'),
(113, 29, 81, 'SP_A1003.jpg', 'SP_A1003.jpg', '', 'SP_A1003.jpg', NULL, NULL, NULL, 0, '2010-01-07 12:36:53'),
(114, 29, 81, 'SP_A1004.jpg', 'SP_A1004.jpg', '', 'SP_A1004.jpg', NULL, NULL, NULL, 0, '2010-01-07 12:36:53'),
(115, 29, 81, 'SP_A1005.jpg', 'SP_A1005.jpg', '', 'SP_A1005.jpg', NULL, NULL, NULL, 0, '2010-01-07 12:36:53'),
(116, 29, 81, 'SP_A1006.jpg', 'SP_A1006.jpg', '', 'SP_A1006.jpg', NULL, NULL, NULL, 0, '2010-01-07 12:36:53'),
(117, 29, 81, 'SP_A1007.jpg', 'SP_A1007.jpg', '', 'SP_A1007.jpg', NULL, NULL, NULL, 0, '2010-01-07 12:36:53'),
(119, 31, 81, 'IMAG0011.JPG', 'IMAG0011.JPG', NULL, 'IMAG0011.JPG', '', NULL, NULL, 0, '2010-01-07 12:36:53'),
(120, 38, 82, 'IMAG0001.JPG', 'IMAG0001.JPG', NULL, 'IMAG0001.JPG', '', NULL, NULL, 0, '2010-01-07 12:36:53'),
(121, 38, 82, 'IMAG0002.JPG', 'IMAG0002.JPG', NULL, 'IMAG0002.JPG', '', NULL, NULL, 0, '2010-01-07 12:36:53'),
(122, 38, 82, 'IMAG0003.JPG', 'IMAG0003.JPG', NULL, 'IMAG0003.JPG', '', NULL, NULL, 0, '2010-01-07 12:36:53'),
(123, 38, 82, 'IMAG0004.JPG', 'IMAG0004.JPG', NULL, 'IMAG0004.JPG', '', NULL, NULL, 0, '2010-01-07 12:36:53'),
(124, 38, 82, 'IMAG0005.JPG', 'IMAG0005.JPG', NULL, 'IMAG0005.JPG', '', NULL, NULL, 0, '2010-01-07 12:36:53'),
(127, 38, 82, 'IMAG0008.JPG', 'IMAG0008.JPG', NULL, 'IMAG0008.JPG', '', NULL, NULL, 0, '2010-01-07 12:36:53'),
(128, 38, 82, 'IMAG0009.JPG', 'IMAG0009.JPG', NULL, 'IMAG0009.JPG', '', NULL, NULL, 0, '2010-01-07 12:36:53'),
(129, 38, 82, 'IMAG0010.JPG', 'IMAG0010.JPG', NULL, 'IMAG0010.JPG', '', NULL, NULL, 0, '2010-01-07 12:36:53'),
(130, 38, 82, 'IMAG0011.JPG', 'IMAG0011.JPG', NULL, 'IMAG0011.JPG', '', NULL, NULL, 0, '2010-01-07 12:36:53'),
(132, 38, 82, 'IMAG0014.JPG', 'IMAG0014.JPG', NULL, 'IMAG0014.JPG', '', NULL, NULL, 0, '2010-01-07 12:36:53'),
(134, 31, 81, '0608hearsTower_lg.jpg', '0608hearsTower_lg.jpg', '', '0608hearsTower_lg.jpg', NULL, NULL, NULL, 0, '2010-01-07 12:36:53'),
(135, 31, 81, '2632b6bc2b4b0530a96ceb236e5c72.jpg', '2632b6bc2b4b0530a96ceb236e5c72.jpg', '', '2632b6bc2b4b0530a96ceb236e5c72.jpg', NULL, NULL, NULL, 0, '2010-01-07 12:36:53'),
(136, 31, 81, '11020Concorde_Tower.jpg', '11020Concorde_Tower.jpg', '', '11020Concorde_Tower.jpg', NULL, NULL, NULL, 0, '2010-01-07 12:36:53'),
(137, 31, 81, 'City_tower.jpg', 'City_tower.jpg', '', 'City_tower.jpg', NULL, NULL, NULL, 0, '2010-01-07 12:36:53'),
(138, 31, 81, 'devils-tower-02-500.jpg', 'devils-tower-02-500.jpg', '', 'devils-tower-02-500.jpg', NULL, NULL, NULL, 0, '2010-01-07 12:36:53'),
(139, 31, 81, 'eiffel-tower-picture.jpg', 'eiffel-tower-picture.jpg', '', 'eiffel-tower-picture.jpg', NULL, NULL, NULL, 0, '2010-01-07 12:36:53'),
(140, 31, 81, 'tower.jpg', 'tower.jpg', '', 'tower.jpg', NULL, NULL, NULL, 0, '2010-01-07 12:36:53'),
(141, 31, 81, 'wave-tower-dubai-1.jpg', 'wave-tower-dubai-1.jpg', '', 'wave-tower-dubai-1.jpg', NULL, NULL, NULL, 0, '2010-01-07 12:36:53');

-- --------------------------------------------------------

--
-- Struktura tabulky `vypecky_references`
--

DROP TABLE IF EXISTS `vypecky_references`;
CREATE TABLE IF NOT EXISTS `vypecky_references` (
  `id_reference` smallint(5) unsigned NOT NULL AUTO_INCREMENT,
  `id_item` smallint(5) unsigned NOT NULL,
  `name_cs` varchar(300) DEFAULT NULL,
  `label_cs` text,
  `name_en` varchar(300) DEFAULT NULL,
  `label_en` text,
  `name_de` varchar(300) DEFAULT NULL,
  `label_de` text,
  `file` varchar(200) DEFAULT NULL,
  `changed_time` int(11) DEFAULT NULL,
  PRIMARY KEY (`id_reference`),
  KEY `id_item` (`id_item`),
  FULLTEXT KEY `name_cs` (`name_cs`),
  FULLTEXT KEY `label_cs` (`label_cs`),
  FULLTEXT KEY `name_en` (`name_en`),
  FULLTEXT KEY `label_en` (`label_en`),
  FULLTEXT KEY `name_de` (`name_de`),
  FULLTEXT KEY `label_de` (`label_de`)
) ENGINE=MyISAM  DEFAULT CHARSET=utf8 AUTO_INCREMENT=10 ;

--
-- Vypisuji data pro tabulku `vypecky_references`
--

INSERT INTO `vypecky_references` (`id_reference`, `id_item`, `name_cs`, `label_cs`, `name_en`, `label_en`, `name_de`, `label_de`, `file`, `changed_time`) VALUES
(7, 6, 'Stránky hudba valmez 2009', '<p>tránky k projektu valašského CD, které vychází každých 5 let. obsahují různé kapely od známých, jako mňága a žďorp až po úplné neznámé.</p>', 'english label', NULL, NULL, NULL, 'madagaskar-2-1226738485.jpg', 1238325126);

-- --------------------------------------------------------

--
-- Struktura tabulky `vypecky_rights`
--

DROP TABLE IF EXISTS `vypecky_rights`;
CREATE TABLE IF NOT EXISTS `vypecky_rights` (
  `id_right` smallint(6) NOT NULL AUTO_INCREMENT,
  `id_category` smallint(6) NOT NULL,
  `id_group` smallint(6) NOT NULL,
  `right` enum('---','r--','-w-','--c','rw-','-wc','r-c','rwc') NOT NULL DEFAULT 'r--',
  PRIMARY KEY (`id_right`),
  KEY `id_category` (`id_category`,`id_group`)
) ENGINE=MyISAM  DEFAULT CHARSET=utf8 AUTO_INCREMENT=161 ;

--
-- Vypisuji data pro tabulku `vypecky_rights`
--

INSERT INTO `vypecky_rights` (`id_right`, `id_category`, `id_group`, `right`) VALUES
(1, 68, 1, 'rwc'),
(2, 14, 1, 'rwc'),
(3, 50, 1, 'rwc'),
(4, 1, 2, 'r--'),
(5, 1, 1, 'rwc'),
(6, 1, 3, 'r--'),
(7, 1, 4, 'rw-'),
(8, 65, 1, 'rwc'),
(9, 65, 2, 'r--'),
(10, 65, 3, 'r--'),
(11, 65, 4, 'rw-'),
(12, 66, 1, 'rwc'),
(13, 66, 2, 'r--'),
(14, 66, 3, 'r--'),
(15, 66, 4, 'rw-'),
(16, 50, 2, '---'),
(17, 50, 3, '---'),
(18, 50, 4, 'r--'),
(19, 14, 2, '---'),
(20, 14, 3, '---'),
(21, 14, 4, '---'),
(22, 60, 1, 'rwc'),
(23, 60, 2, '---'),
(24, 60, 3, '---'),
(25, 60, 4, '---'),
(26, 51, 1, 'rwc'),
(27, 51, 2, '---'),
(28, 51, 3, '---'),
(29, 51, 4, '---'),
(30, 68, 2, '---'),
(31, 68, 3, '---'),
(32, 68, 4, 'r--'),
(33, 52, 1, 'rwc'),
(34, 52, 2, 'r--'),
(35, 52, 3, 'rwc'),
(36, 52, 4, 'rwc'),
(37, 67, 1, 'rwc'),
(38, 67, 2, 'r--'),
(39, 67, 3, 'r--'),
(40, 67, 4, 'rw-'),
(69, 69, 1, 'rwc'),
(70, 69, 2, '---'),
(71, 69, 3, '---'),
(72, 69, 4, 'rw-'),
(73, 69, 5, '---'),
(74, 70, 1, 'rwc'),
(75, 70, 2, 'r--'),
(76, 70, 3, 'r--'),
(77, 70, 4, 'rw-'),
(78, 70, 5, 'r--'),
(94, 74, 1, 'rwc'),
(95, 74, 2, 'r--'),
(96, 74, 3, 'r--'),
(97, 74, 4, 'rw-'),
(98, 74, 5, 'r--'),
(103, 75, 5, 'r--'),
(102, 75, 4, 'rw-'),
(101, 75, 3, 'r--'),
(100, 75, 2, 'r--'),
(99, 75, 1, 'rwc'),
(104, 76, 1, 'rwc'),
(105, 76, 2, 'r--'),
(106, 76, 3, 'r--'),
(107, 76, 4, 'rw-'),
(108, 76, 5, 'r--'),
(109, 77, 1, 'rwc'),
(110, 77, 2, 'r--'),
(111, 77, 3, 'r--'),
(112, 77, 4, 'r--'),
(113, 77, 5, 'r--'),
(114, 78, 1, 'rwc'),
(115, 78, 2, 'r--'),
(116, 78, 3, 'r--'),
(117, 78, 4, 'r--'),
(118, 78, 5, 'r--'),
(119, 79, 1, 'rwc'),
(120, 79, 2, 'r--'),
(121, 79, 3, 'r--'),
(122, 79, 4, 'r--'),
(123, 79, 5, 'r--'),
(124, 80, 1, 'rwc'),
(125, 80, 2, 'r--'),
(126, 80, 3, 'r--'),
(127, 80, 4, 'r--'),
(128, 80, 5, 'r--'),
(129, 66, 5, 'r--'),
(130, 65, 5, 'r--'),
(131, 67, 5, 'r--'),
(132, 1, 5, 'r--'),
(133, 81, 1, 'rwc'),
(134, 81, 2, 'r--'),
(135, 81, 3, 'r--'),
(136, 81, 4, 'rw-'),
(137, 81, 5, 'r--'),
(138, 60, 5, 'r--'),
(139, 82, 1, 'rwc'),
(140, 82, 2, 'r--'),
(141, 82, 3, 'r--'),
(142, 82, 4, 'rw-'),
(143, 82, 5, 'r--'),
(144, 83, 1, 'rwc'),
(145, 83, 2, 'r--'),
(146, 83, 3, 'r--'),
(147, 83, 4, 'rw-'),
(148, 83, 5, 'r--'),
(149, 77, 6, 'rwc'),
(150, 52, 5, 'r--'),
(151, 52, 6, 'rw-'),
(152, 80, 6, 'r--'),
(153, 84, 1, 'rwc'),
(154, 84, 2, 'r--'),
(155, 84, 3, 'r--'),
(156, 84, 4, 'rw-'),
(157, 84, 5, 'r--'),
(158, 84, 6, 'r--'),
(159, 66, 6, 'r--'),
(160, 79, 6, 'r--');

-- --------------------------------------------------------

--
-- Struktura tabulky `vypecky_shares`
--

DROP TABLE IF EXISTS `vypecky_shares`;
CREATE TABLE IF NOT EXISTS `vypecky_shares` (
  `id_share` smallint(5) unsigned NOT NULL AUTO_INCREMENT,
  `link` varchar(300) NOT NULL,
  `icon` varchar(100) NOT NULL,
  `name` varchar(100) NOT NULL,
  PRIMARY KEY (`id_share`)
) ENGINE=MyISAM  DEFAULT CHARSET=utf8 AUTO_INCREMENT=11 ;

--
-- Vypisuji data pro tabulku `vypecky_shares`
--

INSERT INTO `vypecky_shares` (`id_share`, `link`, `icon`, `name`) VALUES
(1, 'http://www.linkuj.cz/?id=linkuj&amp;url={URL}&amp;title={TITLE}', 'http://linkuj.cz/img/linkuj_icon.gif', 'linkuj.cz'),
(2, 'http://www.jagg.cz/bookmarks.php?action=add&amp;address={URL}&amp;title={TITLE}', 'http://www.jagg.cz/icon.png', 'jagg.cz'),
(3, 'http://vybrali.sme.sk/submit.php?url={URL}', 'http://zena.sme.sk/storm/imgs/toolbar/doasdf_c.gif', 'vybrali.sme.sk'),
(4, 'http://www.google.com/bookmarks/mark?op=edit&amp;bkmk={URL}&amp;title={TITLE}', 'icons_logos/google.gif', 'Google'),
(5, 'http://www.facebook.com/share.php?u={URL}&amp;title={TITLE}', 'icons_logos/facebook.gif', 'Facebook'),
(6, 'http://delicious.com/save?v=5&amp;noui&amp;jump=close&amp;url={URL}&amp;title={TITLE}', 'http://static.delicious.com/img/delicious.gif', 'delicious.com'),
(7, 'http://digg.com/submit?url={URL}&amp;title={TITLE}&amp;topic={TITLE}', 'http://digg.com/img/badges/16x16-digg-guy.gif', 'digg.com'),
(8, 'http://www.diigo.com/post?url={URL}&amp;title={TITLE}', 'http://www.diigo.com/images/ii_blue.gif', 'diigo.com'),
(9, 'http://pridat.eu/zalozku/?url={URL}&amp;title={TITLE}', 'http://i.pridat.eu/wwwpridateu.gif', 'pridat.eu'),
(10, 'http://www.bookmarky.cz/a.php?cmd=add&amp;url={URL}&amp;title={TITLE}', 'http://www.bookmarky.cz/bookmarky16x16.gif', 'bookmarky.cz');

-- --------------------------------------------------------

--
-- Struktura tabulky `vypecky_texts`
--

DROP TABLE IF EXISTS `vypecky_texts`;
CREATE TABLE IF NOT EXISTS `vypecky_texts` (
  `id_text` smallint(4) unsigned NOT NULL AUTO_INCREMENT,
  `id_item` smallint(5) unsigned NOT NULL,
  `subkey` varchar(30) NOT NULL DEFAULT 'NULL',
  `label_cs` varchar(200) DEFAULT NULL,
  `text_cs` mediumtext,
  `text_panel_cs` varchar(1000) DEFAULT NULL,
  `changed` timestamp NULL DEFAULT CURRENT_TIMESTAMP ON UPDATE CURRENT_TIMESTAMP,
  `label_en` varchar(200) DEFAULT NULL,
  `text_en` mediumtext,
  `text_panel_en` varchar(1000) DEFAULT NULL,
  `label_de` varchar(200) DEFAULT NULL,
  `text_de` mediumtext,
  `text_panel_de` varchar(1000) DEFAULT NULL,
  PRIMARY KEY (`id_text`),
  UNIQUE KEY `id_article` (`id_item`),
  FULLTEXT KEY `text_cs` (`text_cs`),
  FULLTEXT KEY `text_en` (`text_en`),
  FULLTEXT KEY `text_de` (`text_de`)
) ENGINE=MyISAM  DEFAULT CHARSET=utf8 AUTO_INCREMENT=18 ;

--
-- Vypisuji data pro tabulku `vypecky_texts`
--

INSERT INTO `vypecky_texts` (`id_text`, `id_item`, `subkey`, `label_cs`, `text_cs`, `text_panel_cs`, `changed`, `label_en`, `text_en`, `text_panel_en`, `label_de`, `text_de`, `text_panel_de`) VALUES
(9, 2, 'NULL', NULL, '<div id="lipsum">\r\n<p><strong>Lorem ipsum dolor sit </strong>amet, consectetur adipiscing elit. Suspendisse urna dui, imperdiet a, pellentesque sed, malesuada a, nibh. Maecenas adipiscing lacus id nisi. Integer purus orci, consectetur vitae, rhoncus eget, dapibus ornare, lectus. Aliquam et purus at risus vulputate mattis. Vestibulum consequat urna in ligula. Fusce arcu nunc, tincidunt ac, sagittis eget, laoreet quis, tortor. Maecenas lacinia ante et libero. Curabitur placerat bibendum ipsum. Curabitur congue, orci congue rhoncus semper, dolor nibh condimentum neque, et posuere purus leo sed velit. Ut egestas. Phasellus tristique condimentum massa. Fusce posuere risus et augue. Aliquam erat volutpat. Integer diam nulla, mollis in, varius at, vulputate sed, ligula. Nulla dolor. In convallis, lacus non sollicitudin sodales, nisi nisi varius velit, non semper tellus purus nec lorem.</p>\r\n<p>Duis at sapien. Integer sagittis aliquet massa. Duis ornare nulla at dui. Phasellus consequat, libero ut tristique ultricies, justo orci ornare augue, vel eleifend quam odio non sem. Nam luctus auctor justo. Nulla posuere sollicitudin tellus. Nulla aliquet, nisl in pellentesque euismod, ante est venenatis tortor, in dapibus mauris metus eu ante. Aliquam rhoncus tristique lectus. Proin aliquam. Praesent auctor, leo vel fermentum convallis, tellus odio porta ante, sed luctus turpis enim et nisl. Nulla ante elit, bibendum ut, ultricies vitae, vulputate nec, dolor. Aliquam erat volutpat. Fusce vitae diam. Etiam non nunc.</p>\r\n<p><img title="tango-feet.png" src="data/userfiles/tango-feet.png" alt="tango-feet.png" width="556" height="593" /></p>\r\n<p>Maecenas lorem. Nulla est. Nullam porta malesuada quam. Praesent erat. Lorem ipsum dolor sit amet, consectetur adipiscing elit. Cras ornare, sapien id venenatis mattis, enim ipsum sagittis nibh, sed imperdiet orci lacus at leo. Sed nec risus. Lorem ipsum dolor sit amet, consectetur adipiscing elit. Suspendisse aliquam, ligula mattis convallis bibendum, purus nunc ultrices justo, sit amet mattis libero eros a leo. Sed vehicula.</p>\r\n<p>Quisque eget elit. Vivamus dictum dui nec risus. Ut ultrices dui ac neque. Etiam justo mi, rutrum sed, pharetra eu, auctor eleifend, diam. Aliquam ac augue. Quisque mi augue, mollis congue, imperdiet nec, bibendum elementum, odio. Sed elementum, dolor non faucibus semper, ligula libero laoreet enim, eget gravida est tellus et enim. Duis at neque quis nulla mattis congue. Nulla facilisi. Duis dapibus elementum orci. Nullam libero diam, lobortis sit amet, dapibus et, dignissim vitae, est. Nulla eget massa sit amet nibh vulputate tempus. Proin placerat. Mauris a orci vel tellus molestie posuere. Aliquam semper nisi ut arcu. Maecenas in sem et erat iaculis semper. Praesent mattis imperdiet massa.</p>\r\n<p> </p>\r\n<p>Morbi accumsan. Duis eros turpis, vulputate et, lobortis quis, rhoncus quis, lorem. Etiam rhoncus enim. Curabitur congue, lectus vitae ornare cursus, felis ipsum congue elit, sed semper ligula risus vitae justo. Maecenas eget tellus eu lacus sodales tempor. Suspendisse potenti. Cum sociis natoque penatibus et magnis dis parturient montes, nascetur ridiculus mus. Duis egestas sollicitudin velit. Phasellus eget augue quis sem blandit eleifend. Pellentesque semper, eros et blandit consequat, orci justo consectetur felis, sed sodales sem lorem in odio. Morbi egestas. Morbi eros metus, porta vitae, scelerisque adipiscing, interdum vitae, felis.</p>\r\n</div>', '', '2010-01-06 20:08:36', NULL, NULL, NULL, NULL, NULL, NULL),
(8, 1, 'NULL', NULL, '<p><strong><span style="font-size: xx-large;">Od 29.3. <a href="text-pouze-s-obrazky-2">parapetů</a> v barvách duhy</span></strong></p>\r\n<p> </p>\r\n<p>Maecenas lorem. Nulla est. Nullam porta malesuada quam. Praesent erat. Lorem ipsum dolor sit amet, consectetur adipiscing elit. Cras ornare, sapien id venenatis mattis, enim ipsum sagittis nibh, sed imperdiet orci lacus at leo. Sed nec risus. Lorem ipsum dolor sit amet, consectetur adipiscing elit.</p>\r\n<p> </p>\r\n<p>Suspendisse aliquam, ligula mattis convallis bibendum, purus nunc ultrices justo, sit amet mattis libero eros a leo. Sed vehicula.</p>\r\n<p> </p>\r\n<p><a rel="lightbox" href="data/photogalery/medium/DSC_8614.JPG"><span style="color: #000000; -webkit-text-decorations-in-effect: none;"><a rel="lightbox" href="data/photogalery/medium/DSC_8614.JPG"><span style="color: #000000; -webkit-text-decorations-in-effect: none;">uisque eget elit. Vivamus dictum dui nec risus. Ut ultrices dui ac neque. Etiam justo mi, rutrum sed, pharetra eu, auctor eleifend, diam. </span></a></span></a>Aliquam ac augue. Quisque mi augue, mollis congue, imperdiet nec, bibendum elementum, odio. Sed elementum, dolor non faucibus semper, ligula libero laoreet enim, eget gravida est tellus et enim. Duis at neque quis nulla mattis congue. Nulla facilisi. Duis dapibus elementum orci. Nullam libero diam, lobortis sit amet, dapibus et, dignissim vitae, est. Nulla eget massa sit amet nibh vulputate tempus. Proin placerat. Mauris a orci vel tellus molestie posuere. Aliquam semper nisi ut arcu. Maecenas in sem et erat iaculis semper. Praesent mattis imperdiet massa.</p>\r\n<p style="text-align: center;"> </p>\r\n<p>Morbi accumsan. Duis eros turpis, vulputate et, lobortis quis, rhoncus quis, lorem. Etiam rhoncus enim. Curabitur congue, lectus vitae ornare cursus, felis ipsum congue elit, sed semper ligula risus vitae justo. Maecenas eget tellus eu lacus sodales tempor. Suspendisse potenti. Cum sociis natoque penatibus et magnis dis parturient montes, nascetur ridiculus mus.  Duis egestas sollicitudin velit. Phasellus eget augue quis sem blandit eleifend. Pellentesque semper, eros et blandit consequat, orci justo consectetur felis, sed sodales sem lorem in odio. Morbi egestas. Morbi eros metus, porta vitae, scelerisque adipiscing, interdum vitae, felis.</p>\r\n<p> </p>', 'česky - Maecenas lorem. Nulla est. Nullam porta malesuada quam. Praesent erat. Lorem ipsum dolor sit amet, consectetur adipiscing elit. Cras ornare, sapien id venenatis mattis, enim ipsum sagittis nibh, sed imperdiet orci lacus at leo.\r\n<div></div>\r\n<div></div>', '2010-01-06 20:08:36', NULL, '<h2><strong><span style="font-size: xx-large;">Od 29.3. a skladě nové druhy <a href="text-pouze-s-obrazky-2">parapetů</a> v barvách duhy</span></strong></h2>\r\n<p> </p>\r\n<p>Maecenas lorem. Nulla est. Nullam porta malesuada quam. Praesent erat. Lorem ipsum dolor sit amet, consectetur adipiscing elit. Cras ornare, sapien id venenatis mattis, enim ipsum sagittis nibh, sed imperdiet orci lacus at leo. Sed nec risus. Lorem ipsum dolor sit amet, consectetur adipiscing elit.</p>\r\n<p> </p>\r\n<p>Suspendisse aliquam, ligula mattis convallis bibendum, purus nunc ultrices justo, sit amet mattis libero eros a leo. Sed vehicula.</p>\r\n<p> </p>\r\n<p>Quisque eget elit. Vivamus dictum dui nec risus. Ut ultrices dui ac neque. Etiam justo mi, rutrum sed, pharetra eu, auctor eleifend, diam. <img style="float: right; margin-left: 10px; margin-top: 10px; margin-bottom: 10px;" title="00703.jpg" src="data/images/okna-plastova.jpg" alt="00703.jpg" width="200" height="117" />Aliquam ac augue. Quisque mi augue, mollis congue, imperdiet nec, bibendum elementum, odio. Sed elementum, dolor non faucibus semper, ligula libero laoreet enim, eget gravida est tellus et enim. Duis at neque quis nulla mattis congue. Nulla facilisi. Duis dapibus elementum orci. Nullam libero diam, lobortis sit amet, dapibus et, dignissim vitae, est. Nulla eget massa sit amet nibh vulputate tempus. Proin placerat. Mauris a orci vel tellus molestie posuere. Aliquam semper nisi ut arcu. Maecenas in sem et erat iaculis semper. Praesent mattis imperdiet massa.</p>\r\n<p> </p>\r\n<p>Morbi accumsan. Duis eros turpis, vulputate et, lobortis quis, rhoncus quis, lorem. Etiam rhoncus enim. Curabitur congue, lectus vitae ornare cursus, felis ipsum congue elit, sed semper ligula risus vitae justo. Maecenas eget tellus eu lacus sodales tempor. Suspendisse potenti. Cum sociis natoque penatibus et magnis dis parturient montes, nascetur ridiculus mus.              \r\n<object width="200" height="100" data="data/flash/menu_galerie_465x376.swf" type="application/x-shockwave-flash">\r\n<param name="data" value="data/flash/menu_galerie_465x376.swf" />\r\n<param name="src" value="data/flash/menu_galerie_465x376.swf" />\r\n</object>\r\nDuis egestas sollicitudin velit. Phasellus eget augue quis sem blandit eleifend. Pellentesque semper, eros et blandit consequat, orci justo consectetur felis, sed sodales sem lorem in odio. Morbi egestas. Morbi eros metus, porta vitae, scelerisque adipiscing, interdum vitae, felis.</p>', 'English - f(!empty($this-&gt;panels[''left''])) echo "col1pad_plusleft";', '', '<p><a rel="lightbox" href="#"><img style="float: left; margin-right: 10px;" title="imag0001.jpg" src="data/images/resize.jpg" alt="imag0001.jpg" width="267" height="200" /></a><strong><span style="font-size: xx-large;">Od 29.3. a&nbsp;skladě nov&eacute; druhy <a href="text-pouze-s-obrazky-2">parapetů</a> v&nbsp;barv&aacute;ch duhy</span></strong></p>\r\n<p>&nbsp;</p>\r\n<p>Maecenas lorem. Nulla est. Nullam porta malesuada quam. Praesent erat. Lorem ipsum dolor sit amet, consectetur adipiscing elit. Cras ornare, sapien id venenatis mattis, enim ipsum sagittis nibh, sed imperdiet orci lacus at leo. Sed nec risus. Lorem ipsum dolor sit amet, consectetur adipiscing elit.</p>\r\n<p>&nbsp;</p>\r\n<p>Suspendisse aliquam, ligula mattis convallis bibendum, purus nunc ultrices justo, sit amet mattis libero eros a&nbsp;leo. Sed vehicula.</p>\r\n<p>&nbsp;</p>\r\n<p>Quisque eget elit. Vivamus dictum dui nec risus. Ut ultrices dui ac neque. Etiam justo mi, rutrum sed, pharetra eu, auctor eleifend, diam. <img style="float: right; margin-left: 10px; margin-top: 10px; margin-bottom: 10px;" title="00703.jpg" src="data/images/okna-plastova.jpg" alt="00703.jpg" width="200" height="117" />Aliquam ac augue. Quisque mi augue, mollis congue, imperdiet nec, bibendum elementum, odio. Sed elementum, dolor non faucibus semper, ligula libero laoreet enim, eget gravida est tellus et enim. Duis at neque quis nulla mattis congue. Nulla facilisi. Duis dapibus elementum orci. Nullam libero diam, lobortis sit amet, dapibus et, dignissim vitae, est. Nulla eget massa sit amet nibh vulputate tempus. Proin placerat. Mauris a&nbsp;orci vel tellus molestie posuere. Aliquam semper nisi ut arcu. Maecenas in sem et erat iaculis semper. Praesent mattis imperdiet massa.</p>\r\n<p>&nbsp;</p>\r\n<p>Morbi accumsan. Duis eros turpis, vulputate et, lobortis quis, rhoncus quis, lorem. Etiam rhoncus enim. Curabitur congue, lectus vitae ornare cursus, felis ipsum congue elit, sed semper ligula risus vitae justo. Maecenas eget tellus eu lacus sodales tempor. Suspendisse potenti. Cum sociis natoque penatibus et magnis dis parturient montes, nascetur ridiculus mus.      \r\n<object width="200" height="100" data="data/flash/menu_galerie_465x376.swf" type="application/x-shockwave-flash">\r\n<param name="data" value="data/flash/menu_galerie_465x376.swf" />\r\n<param name="src" value="data/flash/menu_galerie_465x376.swf" />\r\n</object>\r\nDuis egestas sollicitudin velit. Phasellus eget augue quis sem blandit eleifend. Pellentesque semper, eros et blandit consequat, orci justo consectetur felis, sed sodales sem lorem in odio. Morbi egestas. Morbi eros metus, porta vitae, scelerisque adipiscing, interdum vitae, felis.</p>\r\n<p>&nbsp;</p>\r\n<p><a rel="lightbox" href="#"><img style="float: left; margin-right: 10px;" title="imag0001.jpg" src="data/userimages/imag0001.jpg" alt="imag0001.jpg" width="201" height="149" /></a><strong><span style="font-size: xx-large;">Od 29.3. a&nbsp;skladě nov&eacute; druhy <a href="text-pouze-s-obrazky-2">parapetů</a> v&nbsp;barv&aacute;ch duhy</span></strong></p>\r\n<p>&nbsp;</p>\r\n<p>Maecenas lorem. Nulla est. Nullam porta malesuada quam. Praesent erat. Lorem ipsum dolor sit amet, consectetur adipiscing elit. Cras ornare, sapien id venenatis mattis, enim ipsum sagittis nibh, sed imperdiet orci lacus at leo. Sed nec risus. Lorem ipsum dolor sit amet, consectetur adipiscing elit.</p>\r\n<p>&nbsp;</p>\r\n<p>Suspendisse aliquam, ligula mattis convallis bibendum, purus nunc ultrices justo, sit amet mattis libero eros a&nbsp;leo. Sed vehicula.</p>\r\n<p>&nbsp;</p>\r\n<p>Quisque eget elit. Vivamus dictum dui nec risus. Ut ultrices dui ac neque. Etiam justo mi, rutrum sed, pharetra eu, auctor eleifend, diam. <img style="float: right; margin-left: 10px; margin-top: 10px; margin-bottom: 10px;" title="00703.jpg" src="data/userfiles/00703.jpg" alt="00703.jpg" width="200" height="137" />Aliquam ac augue. Quisque mi augue, mollis congue, imperdiet nec, bibendum elementum, odio. Sed elementum, dolor non faucibus semper, ligula libero laoreet enim, eget gravida est tellus et enim. Duis at neque quis nulla mattis congue. Nulla facilisi. Duis dapibus elementum orci. Nullam libero diam, lobortis sit amet, dapibus et, dignissim vitae, est. Nulla eget massa sit amet nibh vulputate tempus. Proin placerat. Mauris a&nbsp;orci vel tellus molestie posuere. Aliquam semper nisi ut arcu. Maecenas in sem et erat iaculis semper. Praesent mattis imperdiet massa.</p>\r\n<p>&nbsp;</p>\r\n<p>Morbi accumsan. Duis eros turpis, vulputate et, lobortis quis, rhoncus quis, lorem. Etiam rhoncus enim. Curabitur congue, lectus vitae ornare cursus, felis ipsum congue elit, sed semper ligula risus vitae justo. Maecenas eget tellus eu lacus sodales tempor. Suspendisse potenti. Cum sociis natoque penatibus et magnis dis parturient montes, nascetur ridiculus mus. Duis egestas sollicitudin velit. Phasellus eget augue quis sem blandit eleifend. Pellentesque semper, eros et blandit consequat, orci justo consectetur felis, sed sodales sem lorem in odio. Morbi egestas. Morbi eros metus, porta vitae, scelerisque adipiscing, interdum vitae, felis.</p>\r\n<p>&nbsp;</p>\r\n<p><a rel="lightbox" href="#"><img style="float: left; margin-right: 10px;" title="imag0001.jpg" src="data/userimages/imag0001.jpg" alt="imag0001.jpg" width="201" height="149" /></a><strong><span style="font-size: xx-large;">Od 29.3. m&eacute;me na&nbsp;skladě nov&eacute; druhy <a href="text-pouze-s-obrazky-2">parapetů</a> v&nbsp;barv&aacute;ch duhy</span></strong></p>\r\n<p>&nbsp;</p>\r\n<p>Maecenas lorem. Nulla est. Nullam porta malesuada quam. Praesent erat. Lorem ipsum dolor sit amet, consectetur adipiscing elit. Cras ornare, sapien id venenatis mattis, enim ipsum sagittis nibh, sed imperdiet orci lacus at leo. Sed nec risus. Lorem ipsum dolor sit amet, consectetur adipiscing elit.</p>\r\n<p>&nbsp;</p>\r\n<p>Suspendisse aliquam, ligula mattis convallis bibendum, purus nunc ultrices justo, sit amet mattis libero eros a&nbsp;leo. Sed vehicula.</p>\r\n<p>&nbsp;</p>\r\n<p>Quisque eget elit. Vivamus dictum dui nec risus. Ut ultrices dui ac neque. Etiam justo mi, rutrum sed, pharetra eu, auctor eleifend, diam. <img style="float: right; margin-left: 10px; margin-top: 10px; margin-bottom: 10px;" title="00703.jpg" src="data/userfiles/00703.jpg" alt="00703.jpg" width="200" height="137" />Aliquam ac augue. Quisque mi augue, mollis congue, imperdiet nec, bibendum elementum, odio. Sed elementum, dolor non faucibus semper, ligula libero laoreet enim, eget gravida est tellus et enim. Duis at neque quis nulla mattis congue. Nulla facilisi. Duis dapibus elementum orci. Nullam libero diam, lobortis sit amet, dapibus et, dignissim vitae, est. Nulla eget massa sit amet nibh vulputate tempus. Proin placerat. Mauris a&nbsp;orci vel tellus molestie posuere. Aliquam semper nisi ut arcu. Maecenas in sem et erat iaculis semper. Praesent mattis imperdiet massa.</p>\r\n<p>&nbsp;</p>\r\n<p>Morbi accumsan. Duis eros turpis, vulputate et, lobortis quis, rhoncus quis, lorem. Etiam rhoncus enim. Curabitur congue, lectus vitae ornare cursus, felis ipsum congue elit, sed semper ligula risus vitae justo. Maecenas eget tellus eu lacus sodales tempor. Suspendisse potenti. Cum sociis natoque penatibus et magnis dis parturient montes, nascetur ridiculus mus. Duis egestas sollicitudin velit. Phasellus eget augue quis sem blandit eleifend. Pellentesque semper, eros et blandit consequat, orci justo consectetur felis, sed sodales sem lorem in odio. Morbi egestas. Morbi eros metus, porta vitae, scelerisque adipiscing, interdum vitae, felis.</p>\r\n<p>&nbsp;</p>\r\n<p><a rel="lightbox" href="#"><img style="float: left; margin-right: 10px;" title="imag0001.jpg" src="data/userimages/imag0001.jpg" alt="imag0001.jpg" width="201" height="149" /></a><strong><span style="font-size: xx-large;">Od 29.3. a&nbsp;skladě nov&eacute; druhy <a href="text-pouze-s-obrazky-2">parapetů</a> v&nbsp;barv&aacute;ch duhy</span></strong></p>\r\n<p>&nbsp;</p>\r\n<p>Maecenas lorem. Nulla est. Nullam porta malesuada quam. Praesent erat. Lorem ipsum dolor sit amet, consectetur adipiscing elit. Cras ornare, sapien id venenatis mattis, enim ipsum sagittis nibh, sed imperdiet orci lacus at leo. Sed nec risus. Lorem ipsum dolor sit amet, consectetur adipiscing elit.</p>\r\n<p>&nbsp;</p>\r\n<p>Suspendisse aliquam, ligula mattis convallis bibendum, purus nunc ultrices justo, sit amet mattis libero eros a&nbsp;leo. Sed vehicula.</p>\r\n<p>&nbsp;</p>\r\n<p>Quisque eget elit. Vivamus dictum dui nec risus. Ut ultrices dui ac neque. Etiam justo mi, rutrum sed, pharetra eu, auctor eleifend, diam. <img style="float: right; margin-left: 10px; margin-top: 10px; margin-bottom: 10px;" title="00703.jpg" src="data/userfiles/00703.jpg" alt="00703.jpg" width="200" height="137" />Aliquam ac augue. Quisque mi augue, mollis congue, imperdiet nec, bibendum elementum, odio. Sed elementum, dolor non faucibus semper, ligula libero laoreet enim, eget gravida est tellus et enim. Duis at neque quis nulla mattis congue. Nulla facilisi. Duis dapibus elementum orci. Nullam libero diam, lobortis sit amet, dapibus et, dignissim vitae, est. Nulla eget massa sit amet nibh vulputate tempus. Proin placerat. Mauris a&nbsp;orci vel tellus molestie posuere. Aliquam semper nisi ut arcu. Maecenas in sem et erat iaculis semper. Praesent mattis imperdiet massa.</p>\r\n<p>&nbsp;</p>\r\n<p>Morbi accumsan. Duis eros turpis, vulputate et, lobortis quis, rhoncus quis, lorem. Etiam rhoncus enim. Curabitur congue, lectus vitae ornare cursus, felis ipsum congue elit, sed semper ligula risus vitae justo. Maecenas eget tellus eu lacus sodales tempor. Suspendisse potenti. Cum sociis natoque penatibus et magnis dis parturient montes, nascetur ridiculus mus. Duis egestas sollicitudin velit. Phasellus eget augue quis sem blandit eleifend. Pellentesque semper, eros et blandit consequat, orci justo consectetur felis, sed sodales sem lorem in odio. Morbi egestas. Morbi eros metus, porta vitae, scelerisque adipiscing, interdum vitae, felis.</p>\r\n<p>&nbsp;</p>\r\n<p><a rel="lightbox" href="#"><img style="float: left; margin-right: 10px;" title="imag0001.jpg" src="data/userimages/imag0001.jpg" alt="imag0001.jpg" width="201" height="149" /></a><strong><span style="font-size: xx-large;">Od 29.3. m&eacute;me na&nbsp;skladě nov&eacute; druhy <a href="text-pouze-s-obrazky-2">parapetů</a> v&nbsp;barv&aacute;ch duhy</span></strong></p>\r\n<p>&nbsp;</p>\r\n<p>Maecenas lorem. Nulla est. Nullam porta malesuada quam. Praesent erat. Lorem ipsum dolor sit amet, consectetur adipiscing elit. Cras ornare, sapien id venenatis mattis, enim ipsum sagittis nibh, sed imperdiet orci lacus at leo. Sed nec risus. Lorem ipsum dolor sit amet, consectetur adipiscing elit.</p>\r\n<p>&nbsp;</p>\r\n<p>Suspendisse aliquam, ligula mattis convallis bibendum, purus nunc ultrices justo, sit amet mattis libero eros a&nbsp;leo. Sed vehicula.</p>\r\n<p>&nbsp;</p>\r\n<p>Quisque eget elit. Vivamus dictum dui nec risus. Ut ultrices dui ac neque. Etiam justo mi, rutrum sed, pharetra eu, auctor eleifend, diam. <img style="float: right; margin-left: 10px; margin-top: 10px; margin-bottom: 10px;" title="00703.jpg" src="data/userfiles/00703.jpg" alt="00703.jpg" width="200" height="137" />Aliquam ac augue. Quisque mi augue, mollis congue, imperdiet nec, bibendum elementum, odio. Sed elementum, dolor non faucibus semper, ligula libero laoreet enim, eget gravida est tellus et enim. Duis at neque quis nulla mattis congue. Nulla facilisi. Duis dapibus elementum orci. Nullam libero diam, lobortis sit amet, dapibus et, dignissim vitae, est. Nulla eget massa sit amet nibh vulputate tempus. Proin placerat. Mauris a&nbsp;orci vel tellus molestie posuere. Aliquam semper nisi ut arcu. Maecenas in sem et erat iaculis semper. Praesent mattis imperdiet massa.</p>\r\n<p>&nbsp;</p>\r\n<p>Morbi accumsan. Duis eros turpis, vulputate et, lobortis quis, rhoncus quis, lorem. Etiam rhoncus enim. Curabitur congue, lectus vitae ornare cursus, felis ipsum congue elit, sed semper ligula risus vitae justo. Maecenas eget tellus eu lacus sodales tempor. Suspendisse potenti. Cum sociis natoque penatibus et magnis dis parturient montes, nascetur ridiculus mus. Duis egestas sollicitudin velit. Phasellus eget augue quis sem blandit eleifend. Pellentesque semper, eros et blandit consequat, orci justo consectetur felis, sed sodales sem lorem in odio. Morbi egestas. Morbi eros metus, porta vitae, scelerisque adipiscing, interdum vitae, felis.</p>\r\n<p>&nbsp;</p>\r\n<p><a rel="lightbox" href="#"><img style="float: left; margin-right: 10px;" title="imag0001.jpg" src="data/userimages/imag0001.jpg" alt="imag0001.jpg" width="201" height="149" /></a><strong><span style="font-size: xx-large;">Od 29.3. m&eacute;me na&nbsp;skladě nov&eacute; druhy <a href="text-pouze-s-obrazky-2">parapetů</a> v&nbsp;barv&aacute;ch duhy</span></strong></p>\r\n<p>&nbsp;</p>\r\n<p>Maecenas lorem. Nulla est. Nullam porta malesuada quam. Praesent erat. Lorem ipsum dolor sit amet, consectetur adipiscing elit. Cras ornare, sapien id venenatis mattis, enim ipsum sagittis nibh, sed imperdiet orci lacus at leo. Sed nec risus. Lorem ipsum dolor sit amet, consectetur adipiscing elit.</p>\r\n<p>&nbsp;</p>\r\n<p>Suspendisse aliquam, ligula mattis convallis bibendum, purus nunc ultrices justo, sit amet mattis libero eros a&nbsp;leo. Sed vehicula.</p>\r\n<p>&nbsp;</p>\r\n<p>Quisque eget elit. Vivamus dictum dui nec risus. Ut ultrices dui ac neque. Etiam justo mi, rutrum sed, pharetra eu, auctor eleifend, diam. <img style="float: right; margin-left: 10px; margin-top: 10px; margin-bottom: 10px;" title="00703.jpg" src="data/userfiles/00703.jpg" alt="00703.jpg" width="200" height="137" />Aliquam ac augue. Quisque mi augue, mollis congue, imperdiet nec, bibendum elementum, odio. Sed elementum, dolor non faucibus semper, ligula libero laoreet enim, eget gravida est tellus et enim. Duis at neque quis nulla mattis congue. Nulla facilisi. Duis dapibus elementum orci. Nullam libero diam, lobortis sit amet, dapibus et, dignissim vitae, est. Nulla eget massa sit amet nibh vulputate tempus. Proin placerat. Mauris a&nbsp;orci vel tellus molestie posuere. Aliquam semper nisi ut arcu. Maecenas in sem et erat iaculis semper. Praesent mattis imperdiet massa.</p>\r\n<p>&nbsp;</p>\r\n<p>Morbi accumsan. Duis eros turpis, vulputate et, lobortis quis, rhoncus quis, lorem. Etiam rhoncus enim. Curabitur congue, lectus vitae ornare cursus, felis ipsum congue elit, sed semper ligula risus vitae justo. Maecenas eget tellus eu lacus sodales tempor. Suspendisse potenti. Cum sociis natoque penatibus et magnis dis parturient montes, nascetur ridiculus mus. Duis egestas sollicitudin velit. Phasellus eget augue quis sem blandit eleifend. Pellentesque semper, eros et blandit consequat, orci justo consectetur felis, sed sodales sem lorem in odio. Morbi egestas. Morbi eros metus, porta vitae, scelerisque adipiscing, interdum vitae, felis.</p>\r\n<p>&nbsp;</p>', ''),
(10, 5, 'NULL', '', '<div id="lipsum">\r\n<p>Lorem ipsum dolor sit amet, consectetur adipiscing elit. Suspendisse urna dui, imperdiet a, pellentesque sed, malesuada a, nibh. Maecenas adipiscing lacus id nisi. Integer purus orci, consectetur vitae, rhoncus eget, dapibus ornare, lectus. Aliquam et purus at risus vulputate mattis. Vestibulum consequat urna in ligula. Fusce arcu nunc, tincidunt ac, sagittis eget, laoreet quis, tortor. Maecenas lacinia ante et libero. Curabitur placerat bibendum ipsum. Curabitur congue, orci congue rhoncus semper, dolor nibh condimentum neque, et posuere purus leo sed velit. Ut egestas. Phasellus tristique condimentum massa. Fusce posuere risus et augue. Aliquam erat volutpat. Integer diam nulla, mollis in, varius at, vulputate sed, ligula. Nulla dolor. In convallis, lacus non sollicitudin sodales, nisi nisi varius velit, non semper tellus purus nec lorem.</p>\r\n<p>Duis at sapien. Integer sagittis aliquet massa. Duis ornare nulla at dui. Phasellus consequat, libero ut tristique ultricies, justo orci ornare augue, vel eleifend quam odio non sem. Nam luctus auctor justo. Nulla posuere sollicitudin tellus. Nulla aliquet, nisl in pellentesque euismod, ante est venenatis tortor, in dapibus mauris metus eu ante. Aliquam rhoncus tristique lectus. Proin aliquam. Praesent auctor, leo vel fermentum convallis, tellus odio porta ante, sed luctus turpis enim et nisl. Nulla ante elit, bibendum ut, ultricies vitae, vulputate nec, dolor. Aliquam erat volutpat. Fusce vitae diam. Etiam non nunc.</p>\r\n<p>Maecenas lorem. Nulla est. Nullam porta malesuada quam. Praesent erat. Lorem ipsum dolor sit amet, consectetur adipiscing elit. Cras ornare, sapien id venenatis mattis, enim ipsum sagittis nibh, sed imperdiet orci lacus at leo. Sed nec risus. Lorem ipsum dolor sit amet, consectetur adipiscing elit. Suspendisse aliquam, ligula mattis convallis bibendum, purus nunc ultrices justo, sit amet mattis libero eros a leo. Sed vehicula.</p>\r\n<p>Quisque eget elit. Vivamus dictum dui nec risus. Ut ultrices dui ac neque. Etiam justo mi, rutrum sed, pharetra eu, auctor eleifend, diam. Aliquam ac augue. Quisque mi augue, mollis congue, imperdiet nec, bibendum elementum, odio. Sed elementum, dolor non faucibus semper, ligula libero laoreet enim, eget gravida est tellus et enim. Duis at neque quis nulla mattis congue. Nulla facilisi. Duis dapibus elementum orci. Nullam libero diam, lobortis sit amet, dapibus et, dignissim vitae, est. Nulla eget massa sit amet nibh vulputate tempus. Proin placerat. Mauris a orci vel tellus molestie posuere. Aliquam semper nisi ut arcu. Maecenas in sem et erat iaculis semper. Praesent mattis imperdiet massa.</p>\r\n<p>Morbi accumsan. Duis eros turpis, vulputate et, lobortis quis, rhoncus quis, lorem. Etiam rhoncus enim. Curabitur congue, lectus vitae ornare cursus, felis ipsum congue elit, sed semper ligula risus vitae justo. Maecenas eget tellus eu lacus sodales tempor. Suspendisse potenti. Cum sociis natoque penatibus et magnis dis parturient montes, nascetur ridiculus mus. Duis egestas sollicitudin velit. Phasellus eget augue quis sem blandit eleifend. Pellentesque semper, eros et blandit consequat, orci justo consectetur felis, sed sodales sem lorem in odio. Morbi egestas. Morbi eros metus, porta vitae, scelerisque adipiscing, interdum vitae, felis.</p>\r\n<div id="lipsum">\r\n<p>Lorem ipsum dolor sit amet, consectetur adipiscing elit. Suspendisse urna dui, imperdiet a, pellentesque sed, malesuada a, nibh. Maecenas adipiscing lacus id nisi. Integer purus orci, consectetur vitae, rhoncus eget, dapibus ornare, lectus. Aliquam et purus at risus vulputate mattis. Vestibulum consequat urna in ligula. Fusce arcu nunc, tincidunt ac, sagittis eget, laoreet quis, tortor. Maecenas lacinia ante et libero. Curabitur placerat bibendum ipsum. Curabitur congue, orci congue rhoncus semper, dolor nibh condimentum neque, et posuere purus leo sed velit. Ut egestas. Phasellus tristique condimentum massa. Fusce posuere risus et augue. Aliquam erat volutpat. Integer diam nulla, mollis in, varius at, vulputate sed, ligula. Nulla dolor. In convallis, lacus non sollicitudin sodales, nisi nisi varius velit, non semper tellus purus nec lorem.</p>\r\n<p>Duis at sapien. Integer sagittis aliquet massa. Duis ornare nulla at dui. Phasellus consequat, libero ut tristique ultricies, justo orci ornare augue, vel eleifend quam odio non sem. Nam luctus auctor justo. Nulla posuere sollicitudin tellus. Nulla aliquet, nisl in pellentesque euismod, ante est venenatis tortor, in dapibus mauris metus eu ante. Aliquam rhoncus tristique lectus. Proin aliquam. Praesent auctor, leo vel fermentum convallis, tellus odio porta ante, sed luctus turpis enim et nisl. Nulla ante elit, bibendum ut, ultricies vitae, vulputate nec, dolor. Aliquam erat volutpat. Fusce vitae diam. Etiam non nunc.</p>\r\n<p>Maecenas lorem. Nulla est. Nullam porta malesuada quam. Praesent erat. Lorem ipsum dolor sit amet, consectetur adipiscing elit. Cras ornare, sapien id venenatis mattis, enim ipsum sagittis nibh, sed imperdiet orci lacus at leo. Sed nec risus. Lorem ipsum dolor sit amet, consectetur adipiscing elit. Suspendisse aliquam, ligula mattis convallis bibendum, purus nunc ultrices justo, sit amet mattis libero eros a leo. Sed vehicula.</p>\r\n<p>Quisque eget elit. Vivamus dictum dui nec risus. Ut ultrices dui ac neque. Etiam justo mi, rutrum sed, pharetra eu, auctor eleifend, diam. Aliquam ac augue. Quisque mi augue, mollis congue, imperdiet nec, bibendum elementum, odio. Sed elementum, dolor non faucibus semper, ligula libero laoreet enim, eget gravida est tellus et enim. Duis at neque quis nulla mattis congue. Nulla facilisi. Duis dapibus elementum orci. Nullam libero diam, lobortis sit amet, dapibus et, dignissim vitae, est. Nulla eget massa sit amet nibh vulputate tempus. Proin placerat. Mauris a orci vel tellus molestie posuere. Aliquam semper nisi ut arcu. Maecenas in sem et erat iaculis semper. Praesent mattis imperdiet massa.</p>\r\n<p>Morbi accumsan. Duis eros turpis, vulputate et, lobortis quis, rhoncus quis, lorem. Etiam rhoncus enim. Curabitur congue, lectus vitae ornare cursus, felis ipsum congue elit, sed semper ligula risus vitae justo. Maecenas eget tellus eu lacus sodales tempor. Suspendisse potenti. Cum sociis natoque penatibus et magnis dis parturient montes, nascetur ridiculus mus. Duis egestas sollicitudin velit. Phasellus eget augue quis sem blandit eleifend. Pellentesque semper, eros et blandit consequat, orci justo consectetur felis, sed sodales sem lorem in odio. Morbi egestas. Morbi eros metus, porta vitae, scelerisque adipiscing, interdum vitae, felis.</p>\r\n<div id="lipsum">\r\n<p>Lorem ipsum dolor sit amet, consectetur adipiscing elit. Suspendisse urna dui, imperdiet a, pellentesque sed, malesuada a, nibh. Maecenas adipiscing lacus id nisi. Integer purus orci, consectetur vitae, rhoncus eget, dapibus ornare, lectus. Aliquam et purus at risus vulputate mattis. Vestibulum consequat urna in ligula. Fusce arcu nunc, tincidunt ac, sagittis eget, laoreet quis, tortor. Maecenas lacinia ante et libero. Curabitur placerat bibendum ipsum. Curabitur congue, orci congue rhoncus semper, dolor nibh condimentum neque, et posuere purus leo sed velit. Ut egestas. Phasellus tristique condimentum massa. Fusce posuere risus et augue. Aliquam erat volutpat. Integer diam nulla, mollis in, varius at, vulputate sed, ligula. Nulla dolor. In convallis, lacus non sollicitudin sodales, nisi nisi varius velit, non semper tellus purus nec lorem.</p>\r\n<p>Duis at sapien. Integer sagittis aliquet massa. Duis ornare nulla at dui. Phasellus consequat, libero ut tristique ultricies, justo orci ornare augue, vel eleifend quam odio non sem. Nam luctus auctor justo. Nulla posuere sollicitudin tellus. Nulla aliquet, nisl in pellentesque euismod, ante est venenatis tortor, in dapibus mauris metus eu ante. Aliquam rhoncus tristique lectus. Proin aliquam. Praesent auctor, leo vel fermentum convallis, tellus odio porta ante, sed luctus turpis enim et nisl. Nulla ante elit, bibendum ut, ultricies vitae, vulputate nec, dolor. Aliquam erat volutpat. Fusce vitae diam. Etiam non nunc.</p>\r\n<p>Maecenas lorem. Nulla est. Nullam porta malesuada quam. Praesent erat. Lorem ipsum dolor sit amet, consectetur adipiscing elit. Cras ornare, sapien id venenatis mattis, enim ipsum sagittis nibh, sed imperdiet orci lacus at leo. Sed nec risus. Lorem ipsum dolor sit amet, consectetur adipiscing elit. Suspendisse aliquam, ligula mattis convallis bibendum, purus nunc ultrices justo, sit amet mattis libero eros a leo. Sed vehicula.</p>\r\n<p>Quisque eget elit. Vivamus dictum dui nec risus. Ut ultrices dui ac neque. Etiam justo mi, rutrum sed, pharetra eu, auctor eleifend, diam. Aliquam ac augue. Quisque mi augue, mollis congue, imperdiet nec, bibendum elementum, odio. Sed elementum, dolor non faucibus semper, ligula libero laoreet enim, eget gravida est tellus et enim. Duis at neque quis nulla mattis congue. Nulla facilisi. Duis dapibus elementum orci. Nullam libero diam, lobortis sit amet, dapibus et, dignissim vitae, est. Nulla eget massa sit amet nibh vulputate tempus. Proin placerat. Mauris a orci vel tellus molestie posuere. Aliquam semper nisi ut arcu. Maecenas in sem et erat iaculis semper. Praesent mattis imperdiet massa.</p>\r\n<p>Morbi accumsan. Duis eros turpis, vulputate et, lobortis quis, rhoncus quis, lorem. Etiam rhoncus enim. Curabitur congue, lectus vitae ornare cursus, felis ipsum congue elit, sed semper ligula risus vitae justo. Maecenas eget tellus eu lacus sodales tempor. Suspendisse potenti. Cum sociis natoque penatibus et magnis dis parturient montes, nascetur ridiculus mus. Duis egestas sollicitudin velit. Phasellus eget augue quis sem blandit eleifend. Pellentesque semper, eros et blandit consequat, orci justo consectetur felis, sed sodales sem lorem in odio. Morbi egestas. Morbi eros metus, porta vitae, scelerisque adipiscing, interdum vitae, felis.</p>\r\n<div id="lipsum">\r\n<p>Lorem ipsum dolor sit amet, consectetur adipiscing elit. Suspendisse urna dui, imperdiet a, pellentesque sed, malesuada a, nibh. Maecenas adipiscing lacus id nisi. Integer purus orci, consectetur vitae, rhoncus eget, dapibus ornare, lectus. Aliquam et purus at risus vulputate mattis. Vestibulum consequat urna in ligula. Fusce arcu nunc, tincidunt ac, sagittis eget, laoreet quis, tortor. Maecenas lacinia ante et libero. Curabitur placerat bibendum ipsum. Curabitur congue, orci congue rhoncus semper, dolor nibh condimentum neque, et posuere purus leo sed velit. Ut egestas. Phasellus tristique condimentum massa. Fusce posuere risus et augue. Aliquam erat volutpat. Integer diam nulla, mollis in, varius at, vulputate sed, ligula. Nulla dolor. In convallis, lacus non sollicitudin sodales, nisi nisi varius velit, non semper tellus purus nec lorem.</p>\r\n<p>Duis at sapien. Integer sagittis aliquet massa. Duis ornare nulla at dui. Phasellus consequat, libero ut tristique ultricies, justo orci ornare augue, vel eleifend quam odio non sem. Nam luctus auctor justo. Nulla posuere sollicitudin tellus. Nulla aliquet, nisl in pellentesque euismod, ante est venenatis tortor, in dapibus mauris metus eu ante. Aliquam rhoncus tristique lectus. Proin aliquam. Praesent auctor, leo vel fermentum convallis, tellus odio porta ante, sed luctus turpis enim et nisl. Nulla ante elit, bibendum ut, ultricies vitae, vulputate nec, dolor. Aliquam erat volutpat. Fusce vitae diam. Etiam non nunc.</p>\r\n<p>Maecenas lorem. Nulla est. Nullam porta malesuada quam. Praesent erat. Lorem ipsum dolor sit amet, consectetur adipiscing elit. Cras ornare, sapien id venenatis mattis, enim ipsum sagittis nibh, sed imperdiet orci lacus at leo. Sed nec risus. Lorem ipsum dolor sit amet, consectetur adipiscing elit. Suspendisse aliquam, ligula mattis convallis bibendum, purus nunc ultrices justo, sit amet mattis libero eros a leo. Sed vehicula.</p>\r\n<p>Quisque eget elit. Vivamus dictum dui nec risus. Ut ultrices dui ac neque. Etiam justo mi, rutrum sed, pharetra eu, auctor eleifend, diam. Aliquam ac augue. Quisque mi augue, mollis congue, imperdiet nec, bibendum elementum, odio. Sed elementum, dolor non faucibus semper, ligula libero laoreet enim, eget gravida est tellus et enim. Duis at neque quis nulla mattis congue. Nulla facilisi. Duis dapibus elementum orci. Nullam libero diam, lobortis sit amet, dapibus et, dignissim vitae, est. Nulla eget massa sit amet nibh vulputate tempus. Proin placerat. Mauris a orci vel tellus molestie posuere. Aliquam semper nisi ut arcu. Maecenas in sem et erat iaculis semper. Praesent mattis imperdiet massa.</p>\r\n<p>Morbi accumsan. Duis eros turpis, vulputate et, lobortis quis, rhoncus quis, lorem. Etiam rhoncus enim. Curabitur congue, lectus vitae ornare cursus, felis ipsum congue elit, sed semper ligula risus vitae justo. Maecenas eget tellus eu lacus sodales tempor. Suspendisse potenti. Cum sociis natoque penatibus et magnis dis parturient montes, nascetur ridiculus mus. Duis egestas sollicitudin velit. Phasellus eget augue quis sem blandit eleifend. Pellentesque semper, eros et blandit consequat, orci justo consectetur felis, sed sodales sem lorem in odio. Morbi egestas. Morbi eros metus, porta vitae, scelerisque adipiscing, interdum vitae, felis.</p>\r\n</div>\r\n</div>\r\n</div>\r\n</div>', NULL, '2010-01-06 20:08:36', NULL, NULL, NULL, NULL, NULL, NULL),
(11, 6, 'NULL', '', '<ul>\r\n<li>Další reference</li>\r\n<li>dalfvdv</li>\r\n<li>fvfvfdvdf</li>\r\n<li>gvfdfvfdvfdv</li>\r\n<li>fdvfdvdfvdfv</li>\r\n<li>fdvdfvdfvdfvfdv</li>\r\n<li>dfvdfvdfvdfvf</li>\r\n<li>vdfvdfvdvfd</li>\r\n</ul>', NULL, '2010-01-06 20:08:36', NULL, NULL, NULL, NULL, NULL, NULL),
(12, 0, 'NULL', '', '<div class="mxb">\r\n<h1>Ex-Nazi goes on trial in Germany</h1>\r\n</div>\r\n<!-- S BO --> <!-- S IIMA --> \r\n<table style="width: 226px;" border="0" cellspacing="0" cellpadding="0" align="right">\r\n<tbody>\r\n<tr>\r\n<td>\r\n<div><img src="http://newsimg.bbc.co.uk/media/images/46623000/jpg/_46623941_008187545-1.jpg" border="0" alt="Heinrich Boere in court in Aachen 28.10.09 " hspace="0" vspace="0" width="226" height="170" />\r\n<div class="cap">Heinrich Boere was 18 when he joined the notorious Waffen SS</div>\r\n</div>\r\n</td>\r\n</tr>\r\n</tbody>\r\n</table>\r\n<!-- E IIMA --> <!-- S SF -->\r\n<p class="first"><strong>A former member of the Nazi SS has gone on trial in Germany charged with the wartime murder of three civilians in the Netherlands.</strong></p>\r\n<p>Heinrich Boere, 88, has previously acknowledged shooting dead three people in 1944, as reprisals for attacks by the Dutch resistance.</p>\r\n<p>The trial went ahead after an appeal court ruled he was fit to be tried.</p>\r\n<p>However, the hearing was adjourned when the five-judge panel said it needed time to consider more legal argument.</p>\r\n<!-- E SF -->\r\n<p>The trial is due to resume on Monday, court officials said.</p>\r\n<p>Anti-Nazi protesters had gathered outside the court in Aachen as the trial opened.</p>\r\n<p>Relatives of some of the victims were also in court.</p>\r\n<p>Correspondents said Heinrich Boere entered the courtroom in a wheelchair with a doctor by his side, but appeared alert and attentive as he answered questions. The hearing was adjourned shortly afterwards.</p>\r\n<p>The defendent is charged with killing three men: Fritz Bicknese, a chemist and father of 12; bicycle seller Teun de Groot, who helped Jews go into hiding; and resistance member Frans Kusters.</p>\r\n<p>He admitted the killings to Dutch authorities while in captivity after the war, but escaped before he could be brought to trial. He later fled to Germany.</p>\r\n<p><strong>''Killing terrorists''</strong></p>\r\n<p>He has also confessed to his role in interviews with the media.</p>\r\n<p>"Yes, I got rid of them," he told Focus magazine. "It was not difficult. You just had to bend a finger."</p>\r\n<p>He told Spiegel magazine that he and his accomplices thought they were killing "terrorists", adding: "We thought we were doing the right thing."</p>\r\n<!-- S IIMA --> \r\n<table style="width: 226px;" border="0" cellspacing="0" cellpadding="0" align="right">\r\n<tbody>\r\n<tr>\r\n<td>\r\n<div><img src="http://newsimg.bbc.co.uk/media/images/46627000/jpg/_46627835_008187803-2.jpg" border="0" alt="Banner ''No peace for NS delinquents'' outside Aachen court" hspace="0" vspace="0" width="226" height="170" />\r\n<div class="cap">Anti-Nazi protesters displayed banners outside the court</div>\r\n</div>\r\n</td>\r\n</tr>\r\n</tbody>\r\n</table>\r\n<!-- E IIMA -->\r\n<p>A tribunal in Amsterdam sentenced him to death in absentia in 1949, a sentence later reduced to life in prison.</p>\r\n<p>A Dutch extradition request was turned down by Germany in the early 1980s.</p>\r\n<p>He was eventually indicted in Germany last year, but a court in Aachen then said he was unfit to stand trial due to health problems.</p>\r\n<p>That ruling was reversed in July by an appeals court in Cologne.</p>\r\n<p>Boere, who is of Dutch-German origin, was 18 when he joined the SS in 1940, shortly after the Germans overran his hometown of Maastricht.</p>\r\n<p>After fighting on the Russian front, he went to Holland as part of an SS death squad codenamed Silbertanne (Silver Pine).</p>\r\n<p>His statements to Dutch authorities are expected to form the basis for the prosecution''s case, the Associated Press news agency reports.</p>\r\n<p>Defence lawyers have declined to say how they will try to counter the confession.</p>\r\n<p>But even if he is convicted there remains some doubt over whether he will actually go to jail.</p>\r\n<p>A 90-year-old former German infantry commander, Josef Scheungraber, was given a life sentence by a German court in August, but remains free while his appeal is heard.</p>', NULL, '2010-01-06 20:08:36', NULL, NULL, NULL, NULL, NULL, NULL);
INSERT INTO `vypecky_texts` (`id_text`, `id_item`, `subkey`, `label_cs`, `text_cs`, `text_panel_cs`, `changed`, `label_en`, `text_en`, `text_panel_en`, `label_de`, `text_de`, `text_panel_de`) VALUES
(14, 12, 'NULL', 'revizionismus', '<p><strong>Revizionismus</strong> (z <a title="Latina" href="http://cs.wikipedia.org/wiki/Latina">lat.</a> <em>re-videre</em>, <em>re-visus</em>, znovu prohl&eacute;dnout, ověřit) je soustavn&eacute; &uacute;sil&iacute; o přehodnocen&iacute;, změny př&iacute;padně &uacute;pravy dan&eacute;ho (st&aacute;vaj&iacute;c&iacute;ho) stavu, <a title="Ideologie" href="http://cs.wikipedia.org/wiki/Ideologie">ideologie</a> nebo vět&scaron;inov&eacute;ho n&aacute;zoru, a to ve společensky v&yacute;znamn&eacute; věci. Proto mohl b&yacute;t předmětem pron&aacute;sledov&aacute;n&iacute; i v&aacute;&scaron;niv&yacute;ch diskus&iacute;.</p>\r\n<p>Pojem &bdquo;<em>revizionismus</em>&ldquo; m&aacute; několik v&yacute;znamů:</p>\r\n<ul>\r\n<li>pejorativn&iacute; označen&iacute; "od&scaron;těpenců", kteř&iacute; chtěli revidovat z&aacute;klady leninsk&eacute; ideologie</li>\r\n<li>společensky v&yacute;znamn&yacute; pokus o nov&yacute; pohled na (ned&aacute;vn&eacute;) dějiny, někdy i s politick&yacute;m z&aacute;měrem</li>\r\n<li>soustavnou snahu o změnu vět&scaron;inov&eacute;ho n&aacute;zoru, "hlavn&iacute;ho proudu" i v jin&yacute;ch věd&aacute;ch.</li>\r\n</ul>\r\n<table id="toc" class="toc">\r\n<tbody>\r\n<tr>\r\n<td>\r\n<div id="toctitle">\r\n<h2>Obsah</h2>\r\n</div>\r\n<ul>\r\n<li class="tocsection-1 toclevel-1"><a href="http://cs.wikipedia.org/wiki/Revizionismus#P.C5.AFvod_slova"><span class="tocnumber">1</span> <span class="toctext">Původ slova</span></a></li>\r\n<li class="tocsection-2 toclevel-1"><a href="http://cs.wikipedia.org/wiki/Revizionismus#Oportunistick.C3.BD_sm.C4.9Br_v_revolu.C4.8Dn.C3.ADm_d.C4.9Blnick.C3.A9m_hnut.C3.AD"><span class="tocnumber">2</span> <span class="toctext">Oportunistick&yacute; směr v revolučn&iacute;m dělnick&eacute;m hnut&iacute;</span></a></li>\r\n<li class="tocsection-3 toclevel-1"><a href="http://cs.wikipedia.org/wiki/Revizionismus#Historick.C3.BD_revizionismus"><span class="tocnumber">3</span> <span class="toctext">Historick&yacute; revizionismus</span></a> \r\n<ul>\r\n<li class="tocsection-4 toclevel-2"><a href="http://cs.wikipedia.org/wiki/Revizionismus#SSSR_a_druh.C3.A1_sv.C4.9Btov.C3.A1_v.C3.A1lka"><span class="tocnumber">3.1</span> <span class="toctext">SSSR a druh&aacute; světov&aacute; v&aacute;lka</span></a></li>\r\n<li class="tocsection-5 toclevel-2"><a href="http://cs.wikipedia.org/wiki/Revizionismus#.C4.8Cesko.2C_Sudety.2C_Mnichov.2C_nacionalismus"><span class="tocnumber">3.2</span> <span class="toctext">Česko, Sudety, Mnichov, nacionalismus</span></a></li>\r\n</ul>\r\n</li>\r\n<li class="tocsection-6 toclevel-1"><a href="http://cs.wikipedia.org/wiki/Revizionismus#N.C4.9Bkte.C5.99.C3.AD_historiografov.C3.A9_-_revizionist.C3.A9"><span class="tocnumber">4</span> <span class="toctext">Někteř&iacute; historiografov&eacute; - revizionist&eacute;</span></a></li>\r\n<li class="tocsection-7 toclevel-1"><a href="http://cs.wikipedia.org/wiki/Revizionismus#Revizionismus.2C_fal.C5.A1ov.C3.A1n.C3.AD_historie_a_propaganda"><span class="tocnumber">5</span> <span class="toctext">Revizionismus, fal&scaron;ov&aacute;n&iacute; historie a propaganda</span></a> \r\n<ul>\r\n<li class="tocsection-8 toclevel-2"><a href="http://cs.wikipedia.org/wiki/Revizionismus#Sudeton.C4.9Bmeck.C3.BD_revizionismus_a_fal.C5.A1ov.C3.A1n.C3.AD_historie"><span class="tocnumber">5.1</span> <span class="toctext">Sudetoněmeck&yacute; revizionismus a fal&scaron;ov&aacute;n&iacute; historie</span></a></li>\r\n<li class="tocsection-9 toclevel-2"><a href="http://cs.wikipedia.org/wiki/Revizionismus#Komunistick.C3.A1_le.C5.BE"><span class="tocnumber">5.2</span> <span class="toctext">Komunistick&aacute; lež</span></a></li>\r\n</ul>\r\n</li>\r\n<li class="tocsection-10 toclevel-1"><a href="http://cs.wikipedia.org/wiki/Revizionismus#Reference"><span class="tocnumber">6</span> <span class="toctext">Reference</span></a></li>\r\n<li class="tocsection-11 toclevel-1"><a href="http://cs.wikipedia.org/wiki/Revizionismus#Souvisej.C3.ADc.C3.AD_.C4.8Dl.C3.A1nky"><span class="tocnumber">7</span> <span class="toctext">Souvisej&iacute;c&iacute; čl&aacute;nky</span></a></li>\r\n<li class="tocsection-12 toclevel-1"><a href="http://cs.wikipedia.org/wiki/Revizionismus#Extern.C3.AD_odkazy"><span class="tocnumber">8</span> <span class="toctext">Extern&iacute; odkazy</span></a></li>\r\n</ul>\r\n</td>\r\n</tr>\r\n</tbody>\r\n</table>\r\n<script type="text/javascript">// <![CDATA[\r\n// <![CDATA[\r\nif (window.showTocToggle) { var tocShowText = "zobrazit"; var tocHideText = "skrýt"; showTocToggle(); }\r\n// ]]></script>\r\n<h2><span id="P.C5.AFvod_slova" class="mw-headline">Původ slova</span></h2>\r\n<p>Podle anglick&eacute;ho etymologick&eacute;ho slovn&iacute;ku je slovo poprv&eacute; doloženo k roku 1903 jako pejorativn&iacute; označen&iacute; <a title="Soci&aacute;ln&iacute; demokracie" href="http://cs.wikipedia.org/wiki/Soci%C3%A1ln%C3%AD_demokracie">soci&aacute;lně demokratick&yacute;ch</a> snah v <a title="Marxismus" href="http://cs.wikipedia.org/wiki/Marxismus">marxismu</a> ("<a title="Oportunismus" href="http://cs.wikipedia.org/wiki/Oportunismus">oportunismus</a>"), zejm&eacute;na pro opu&scaron;těn&iacute; tez&iacute; o <a class="new" title="Tř&iacute;dn&iacute; boj (str&aacute;nka neexistuje)" href="http://cs.wikipedia.org/w/index.php?title=T%C5%99%C3%ADdn%C3%AD_boj&amp;action=edit&amp;redlink=1">tř&iacute;dn&iacute;m boji</a> a <a class="new" title="Prolet&aacute;řsk&aacute; revoluce (str&aacute;nka neexistuje)" href="http://cs.wikipedia.org/w/index.php?title=Prolet%C3%A1%C5%99sk%C3%A1_revoluce&amp;action=edit&amp;redlink=1">prolet&aacute;řsk&eacute; revoluci</a>. Ve smyslu snah o revizi historie se poprv&eacute; vyskytuje 1934 v souvislosti s př&iacute;činami <a title="Prvn&iacute; světov&aacute; v&aacute;lka" href="http://cs.wikipedia.org/wiki/Prvn%C3%AD_sv%C4%9Btov%C3%A1_v%C3%A1lka">Prvn&iacute; světov&eacute; v&aacute;lky</a>.<sup id="cite_ref-0" class="reference"><a href="http://cs.wikipedia.org/wiki/Revizionismus#cite_note-0">[1]</a></sup></p>\r\n<h2><span id="Oportunistick.C3.BD_sm.C4.9Br_v_revolu.C4.8Dn.C3.ADm_d.C4.9Blnick.C3.A9m_hnut.C3.AD" class="mw-headline">Oportunistick&yacute; směr v revolučn&iacute;m dělnick&eacute;m hnut&iacute;</span></h2>\r\n<p>V encyklopedick&yacute;ch <a title="Slovn&iacute;k" href="http://cs.wikipedia.org/wiki/Slovn%C3%ADk">slovn&iacute;c&iacute;ch</a> se často setk&aacute;v&aacute;me s t&iacute;mto pojmem v souvislosti <a title="Komunismus" href="http://cs.wikipedia.org/wiki/Komunismus">komunistickou ideologi&iacute;</a>. V tomto pojet&iacute; je člověk hl&aacute;saj&iacute;c&iacute; revizionismus naz&yacute;v&aacute;n jako &bdquo;<em>revizionista</em>&ldquo;, což je hanliv&yacute; v&yacute;raz použ&iacute;van&yacute; pro ty kteř&iacute; maj&iacute; snahu revidovat my&scaron;lenky <a class="mw-redirect" title="Marxismus-leninismus" href="http://cs.wikipedia.org/wiki/Marxismus-leninismus">marxismu-leninismu</a>, či pro ty, kteř&iacute; usiluj&iacute; o dosažen&iacute; změn vedouc&iacute;ch k <a title="Socialismus" href="http://cs.wikipedia.org/wiki/Socialismus">socialismu</a> pozvolnou cestou respektov&aacute;n&iacute; z&aacute;konů, což je v rozporu s revolučn&iacute;m pojet&iacute;m těchto změn, hl&aacute;san&yacute;ch ofici&aacute;ln&iacute; komunistickou ideologi&iacute;.<sup id="cite_ref-1" class="reference"><a href="http://cs.wikipedia.org/wiki/Revizionismus#cite_note-1">[2]</a></sup></p>\r\n<h2><span id="Historick.C3.BD_revizionismus" class="mw-headline">Historick&yacute; revizionismus</span></h2>\r\n<table style="margin: 1em auto; background: transparent none repeat scroll 0% 0%;">\r\n<tbody>\r\n<tr style="font-family: ''Times New Roman CE'',''Times New CE'',''Times CE'',''Times New Roman'',times,serif;">\r\n<td style="color: #aaaaaa; font-size: 400%; font-weight: bold; vertical-align: bottom; padding-bottom: 0.7ex;">&bdquo;</td>\r\n<td style="font-size: 110%; font-style: italic; text-align: justify;">Evoluce života a evolučn&iacute; biologie jsou v podobn&eacute;m vztahu jako historie a historiografie.<sup id="cite_ref-2" class="reference"><a href="http://cs.wikipedia.org/wiki/Revizionismus#cite_note-2">[3]</a></sup></td>\r\n<td style="color: #aaaaaa; font-size: 400%; font-weight: bold; vertical-align: top; padding-top: 0.3ex;">&ldquo;</td>\r\n</tr>\r\n<tr>\r\n<td colspan="2" style="text-align: right;"><cite style="font-style: normal;">&mdash; <a title="Anton Marko&scaron;" href="http://cs.wikipedia.org/wiki/Anton_Marko%C5%A1">Anton Marko&scaron;</a></cite></td>\r\n</tr>\r\n</tbody>\r\n</table>\r\n<p><em>Historick&yacute; revizionismus</em> je soustavn&aacute; snaha <a title="Historiografie" href="http://cs.wikipedia.org/wiki/Historiografie">historiografů</a> o nov&eacute; hodnocen&iacute; (zpravidla ned&aacute;vn&yacute;ch) dějin, a to s politick&yacute;m v&yacute;znamem. Může b&yacute;t založena na n&aacute;lezu nov&yacute;ch, dosud nezn&aacute;m&yacute;ch pramenů, anebo na nov&eacute; interpretaci pramenů již zn&aacute;m&yacute;ch. Pot&eacute; je revidov&aacute;na <a title="Historie" href="http://cs.wikipedia.org/wiki/Historie">historie</a>. V jin&yacute;ch věd&aacute;ch se někdy hovoř&iacute; o <em>spekulativn&iacute; rekonstrukci</em>.<sup id="cite_ref-3" class="reference"><a href="http://cs.wikipedia.org/wiki/Revizionismus#cite_note-3">[4]</a></sup>.</p>\r\n<h3><span id="SSSR_a_druh.C3.A1_sv.C4.9Btov.C3.A1_v.C3.A1lka" class="mw-headline">SSSR a druh&aacute; světov&aacute; v&aacute;lka</span></h3>\r\n<p>Mezi historick&eacute; revizionisty patř&iacute; např&iacute;klad vojensk&yacute; historik <a title="Viktor Suvorov" href="http://cs.wikipedia.org/wiki/Viktor_Suvorov">Viktor Suvorov</a>, jenž usvědčuje <a title="Sovětsk&yacute; svaz" href="http://cs.wikipedia.org/wiki/Sov%C4%9Btsk%C3%BD_svaz">Sovětsk&yacute; svaz</a> z př&iacute;pravy <a title="Druh&aacute; světov&aacute; v&aacute;lka" href="http://cs.wikipedia.org/wiki/Druh%C3%A1_sv%C4%9Btov%C3%A1_v%C3%A1lka">druh&eacute; světov&eacute; v&aacute;lky</a>.<sup id="cite_ref-4" class="reference"><a href="http://cs.wikipedia.org/wiki/Revizionismus#cite_note-4">[5]</a></sup>,<sup id="cite_ref-5" class="reference"><a href="http://cs.wikipedia.org/wiki/Revizionismus#cite_note-5">[6]</a></sup>,<sup id="cite_ref-6" class="reference"><a href="http://cs.wikipedia.org/wiki/Revizionismus#cite_note-6">[7]</a></sup>,<sup id="cite_ref-7" class="reference"><a href="http://cs.wikipedia.org/wiki/Revizionismus#cite_note-7">[8]</a></sup> Odpůrci V. Suvorova se ho snaž&iacute; různě zpochybňovat a obviňovat z přeh&aacute;něn&iacute;.<sup id="cite_ref-8" class="reference"><a href="http://cs.wikipedia.org/wiki/Revizionismus#cite_note-8">[9]</a></sup> Sovětskou &eacute;ru nyn&iacute; popisuj&iacute; jako okupaci b&yacute;val&eacute; sovětsk&eacute; republiky.<sup id="cite_ref-9" class="reference"><a href="http://cs.wikipedia.org/wiki/Revizionismus#cite_note-9">[10]</a></sup> V Brně prob&iacute;hal spor o um&iacute;stěn&iacute; symbolu srpu a kladiva na pomn&iacute;k padl&yacute;ch rudoarmějců.<sup id="cite_ref-10" class="reference"><a href="http://cs.wikipedia.org/wiki/Revizionismus#cite_note-10">[11]</a></sup></p>\r\n<p>Na tyto tendence reagovalo Rusko. <a title="Rusko" href="http://cs.wikipedia.org/wiki/Rusko">Rusko</a> chce trestat veřejně zpochybňov&aacute;n&iacute; v&iacute;tězstv&iacute; Sovětsk&eacute;ho svazu ve Velk&eacute; vlasteneck&eacute; v&aacute;lce a v&yacute;roky znevažuj&iacute;c&iacute; rozhoduj&iacute;c&iacute; &uacute;lohu SSSR ve 2. světov&eacute; v&aacute;lce.<sup id="cite_ref-11" class="reference"><a href="http://cs.wikipedia.org/wiki/Revizionismus#cite_note-11">[12]</a></sup> Kreml z&aacute;roveň ustanovil komisi, kter&aacute; m&aacute; "br&aacute;nit zkreslov&aacute;n&iacute; dějin".<sup id="cite_ref-12" class="reference"><a href="http://cs.wikipedia.org/wiki/Revizionismus#cite_note-12">[13]</a></sup>,<sup id="cite_ref-13" class="reference"><a href="http://cs.wikipedia.org/wiki/Revizionismus#cite_note-13">[14]</a></sup>,<sup id="cite_ref-14" class="reference"><a href="http://cs.wikipedia.org/wiki/Revizionismus#cite_note-14">[15]</a></sup> Ministerstvo obrany Rusk&eacute; federace tvrd&iacute;, že 2. světovou v&aacute;lku rozpoutalo Polsko, a to odm&iacute;tnut&iacute;m německ&yacute;ch požadavků začlenit město Gdaňsk do Německa a vybudovat exteritori&aacute;ln&iacute; d&aacute;lnici a železnici jako koridor spojuj&iacute;c&iacute; V&yacute;chodn&iacute; Prusko s Německem.<sup id="cite_ref-15" class="reference"><a href="http://cs.wikipedia.org/wiki/Revizionismus#cite_note-15">[16]</a></sup>,<sup id="cite_ref-16" class="reference"><a href="http://cs.wikipedia.org/wiki/Revizionismus#cite_note-16">[17]</a></sup>,<sup id="cite_ref-17" class="reference"><a href="http://cs.wikipedia.org/wiki/Revizionismus#cite_note-17">[18]</a></sup>,<sup id="cite_ref-18" class="reference"><a href="http://cs.wikipedia.org/wiki/Revizionismus#cite_note-18">[19]</a></sup>,<sup id="cite_ref-19" class="reference"><a href="http://cs.wikipedia.org/wiki/Revizionismus#cite_note-19">[20]</a></sup>,<sup id="cite_ref-20" class="reference"><a href="http://cs.wikipedia.org/wiki/Revizionismus#cite_note-20">[21]</a></sup> V roce 2009 Rusko tak&eacute; obvinilo Ukrajinu z fal&scaron;ov&aacute;n&iacute; historie. Podle Ruska jsou na někter&yacute;ch fotografi&iacute;ch vystaven&yacute;ch v Sevastopolu v muzeu hladomoru nejsou hladověj&iacute;c&iacute; Ukrajinci, n&yacute;brž chud&iacute; Američan&eacute;.<sup id="cite_ref-21" class="reference"><a href="http://cs.wikipedia.org/wiki/Revizionismus#cite_note-21">[22]</a></sup> Ministerstvo vnitra RF zase ve sv&eacute; dějepisn&eacute; př&iacute;ručce mimo jin&eacute; tvrd&iacute;, že "sionist&eacute; fyzicky odstranili Stalina" nebo to, že sovětsk&yacute; prezident Michail Gorbačov byl ve skutečnosti sionistick&yacute;m agentem jm&eacute;nem Garber a SSSR pr&yacute; z&aacute;měrně zničil "ve jm&eacute;nu boha Mojž&iacute;&scaron;e".<sup id="cite_ref-22" class="reference"><a href="http://cs.wikipedia.org/wiki/Revizionismus#cite_note-22">[23]</a></sup></p>\r\n<h3><span id=".C4.8Cesko.2C_Sudety.2C_Mnichov.2C_nacionalismus" class="mw-headline">Česko, Sudety, Mnichov, nacionalismus</span></h3>\r\n<p>V Česku publikoval s&eacute;rii čl&aacute;nků o česk&yacute;ch dějin&aacute;ch spisovatel <a title="Tom&aacute;&scaron; Krystl&iacute;k" href="http://cs.wikipedia.org/wiki/Tom%C3%A1%C5%A1_Krystl%C3%ADk">Tom&aacute;&scaron; Krystl&iacute;k</a><sup id="cite_ref-23" class="reference"><a href="http://cs.wikipedia.org/wiki/Revizionismus#cite_note-23">[24]</a></sup>,<sup id="cite_ref-24" class="reference"><a href="http://cs.wikipedia.org/wiki/Revizionismus#cite_note-24">[25]</a></sup>, kter&yacute; pod&aacute;v&aacute; nov&yacute; pohled např&iacute;klad na "n&aacute;rodn&iacute; m&yacute;ty, podvrhy a lži"<sup id="cite_ref-25" class="reference"><a href="http://cs.wikipedia.org/wiki/Revizionismus#cite_note-25">[26]</a></sup>,<sup id="cite_ref-26" class="reference"><a href="http://cs.wikipedia.org/wiki/Revizionismus#cite_note-26">[27]</a></sup>, nebo na mnichovsk&eacute; ud&aacute;losti<sup id="cite_ref-27" class="reference"><a href="http://cs.wikipedia.org/wiki/Revizionismus#cite_note-27">[28]</a></sup>. Oponenti T. Krystl&iacute;ka ho obvinili z "fal&scaron;ov&aacute;n&iacute; dějin"<sup id="cite_ref-28" class="reference"><a href="http://cs.wikipedia.org/wiki/Revizionismus#cite_note-28">[29]</a></sup>,<sup id="cite_ref-29" class="reference"><a href="http://cs.wikipedia.org/wiki/Revizionismus#cite_note-29">[30]</a></sup>,<sup id="cite_ref-30" class="reference"><a href="http://cs.wikipedia.org/wiki/Revizionismus#cite_note-30">[31]</a></sup>,<sup id="cite_ref-31" class="reference"><a href="http://cs.wikipedia.org/wiki/Revizionismus#cite_note-31">[32]</a></sup>.</p>\r\n<p>Blogger Finrod Felagund<sup id="cite_ref-32" class="reference"><a href="http://cs.wikipedia.org/wiki/Revizionismus#cite_note-32">[33]</a></sup> na sv&eacute;m blogu Nekorektně.com ře&scaron;&iacute; ot&aacute;zku, zda je odpor k <a title="Sudet&scaron;t&iacute; Němci" href="http://cs.wikipedia.org/wiki/Sudet%C5%A1t%C3%AD_N%C4%9Bmci">sudetsk&yacute;m Němcům</a> leg&aacute;ln&iacute; obdobou antisemitismu<sup id="cite_ref-33" class="reference"><a href="http://cs.wikipedia.org/wiki/Revizionismus#cite_note-33">[34]</a></sup>.</p>\r\n<p>V srpnu 2009 odm&iacute;tlo Ministerstvo vnitra ČR registraci <a title="Sudetoněmeck&eacute; krajansk&eacute; sdružen&iacute;" href="http://cs.wikipedia.org/wiki/Sudeton%C4%9Bmeck%C3%A9_krajansk%C3%A9_sdru%C5%BEen%C3%AD">Sudetoněmeck&eacute;ho krajansk&eacute;ho sdružen&iacute;</a> v Čech&aacute;ch, na Moravě a ve Slezsku.<sup id="cite_ref-34" class="reference"><a href="http://cs.wikipedia.org/wiki/Revizionismus#cite_note-34">[35]</a></sup>,<sup id="cite_ref-35" class="reference"><a href="http://cs.wikipedia.org/wiki/Revizionismus#cite_note-35">[36]</a></sup></p>\r\n<h2><span id="N.C4.9Bkte.C5.99.C3.AD_historiografov.C3.A9_-_revizionist.C3.A9" class="mw-headline">Někteř&iacute; historiografov&eacute; - revizionist&eacute;</span></h2>\r\n<ul>\r\n<li><a title="Franz Chocholat&yacute;-Gr&ouml;ger" href="http://cs.wikipedia.org/wiki/Franz_Chocholat%C3%BD-Gr%C3%B6ger">Franz Chocholat&yacute;-Gr&ouml;ger</a></li>\r\n<li><a title="Tom&aacute;&scaron; Krystl&iacute;k" href="http://cs.wikipedia.org/wiki/Tom%C3%A1%C5%A1_Krystl%C3%ADk">Tom&aacute;&scaron; Krystl&iacute;k</a></li>\r\n<li><a title="Viktor Suvorov" href="http://cs.wikipedia.org/wiki/Viktor_Suvorov">Viktor Suvorov</a></li>\r\n</ul>\r\n<h2><span id="Revizionismus.2C_fal.C5.A1ov.C3.A1n.C3.AD_historie_a_propaganda" class="mw-headline">Revizionismus, fal&scaron;ov&aacute;n&iacute; historie a propaganda</span></h2>\r\n<p>K &bdquo;<em>revizionismus</em>&ldquo; se hl&aacute;s&iacute; tak&eacute; propagandist&eacute;, jejichž c&iacute;lem je &uacute;sil&iacute; o změnu a revizi dějin, a to tak z&aacute;sadn&iacute;m způsobem, že doch&aacute;z&iacute; nejen k překrucov&aacute;n&iacute; dějin, ale i k pop&iacute;r&aacute;n&iacute; historicky doložiteln&yacute;ch ud&aacute;lost&iacute;.<sup id="cite_ref-36" class="reference"><a href="http://cs.wikipedia.org/wiki/Revizionismus#cite_note-36">[37]</a></sup> Typickou uk&aacute;zkou je revizionismus <a title="Druh&aacute; světov&aacute; v&aacute;lka" href="http://cs.wikipedia.org/wiki/Druh%C3%A1_sv%C4%9Btov%C3%A1_v%C3%A1lka">2. světov&eacute; v&aacute;lky</a>, či revizionismus <a title="Holocaust" href="http://cs.wikipedia.org/wiki/Holocaust">holocaustu</a>, spoč&iacute;vaj&iacute;c&iacute; např. v:</p>\r\n<ul>\r\n<li>zamlžov&aacute;n&iacute; nacistick&eacute; politiky a nacistick&eacute;ho režimu v hitlerovsk&eacute;m <a title="Třet&iacute; ř&iacute;&scaron;e" href="http://cs.wikipedia.org/wiki/T%C5%99et%C3%AD_%C5%99%C3%AD%C5%A1e">Německu</a>, bagatelizaci jeho totalitn&iacute;ho syst&eacute;mu</li>\r\n<li>bagatelizaci německ&eacute; viny za rozpout&aacute;n&iacute; <a title="Druh&aacute; světov&aacute; v&aacute;lka" href="http://cs.wikipedia.org/wiki/Druh%C3%A1_sv%C4%9Btov%C3%A1_v%C3%A1lka">druh&eacute; světov&eacute; v&aacute;lky</a></li>\r\n<li>zlehčov&aacute;n&iacute; <a title="Německ&eacute; v&aacute;lečn&eacute; zločiny ve druh&eacute; světov&eacute; v&aacute;lce" href="http://cs.wikipedia.org/wiki/N%C4%9Bmeck%C3%A9_v%C3%A1le%C4%8Dn%C3%A9_zlo%C4%8Diny_ve_druh%C3%A9_sv%C4%9Btov%C3%A9_v%C3%A1lce">německ&yacute;ch v&aacute;lečn&yacute;ch zločinů</a></li>\r\n<li>kladen&iacute; rovn&iacute;tka mezi př&iacute;slu&scaron;n&iacute;ky n&aacute;rodů a občany st&aacute;tů, kteř&iacute; se stali obět&iacute; v&aacute;lky, a těmi, kteř&iacute; byli jako agresoři a vin&iacute;ci v&aacute;lky nějak&yacute;m způsobem postiženi</li>\r\n<li><strong><a class="mw-redirect" title="Pop&iacute;r&aacute;n&iacute; holocaustu" href="http://cs.wikipedia.org/wiki/Pop%C3%ADr%C3%A1n%C3%AD_holocaustu">pop&iacute;r&aacute;n&iacute; holocaustu</a></strong> (tzv. <em>Osvětimsk&aacute; lež</em>)</li>\r\n</ul>\r\n<p>Tento &bdquo;<em>historick&yacute; revizionismus</em>&ldquo; je využ&iacute;v&aacute;n např&iacute;klad neonacistick&yacute;mi a extr&eacute;mistick&yacute;mi hnut&iacute;mi, použ&iacute;vaj&iacute; ho i někteř&iacute; lid&eacute; a skupiny, jenž se odm&iacute;tli sm&iacute;řit s por&aacute;žkou nacistick&eacute;ho <a title="Německo" href="http://cs.wikipedia.org/wiki/N%C4%9Bmecko">Německa</a> ve <a title="Druh&aacute; světov&aacute; v&aacute;lka" href="http://cs.wikipedia.org/wiki/Druh%C3%A1_sv%C4%9Btov%C3%A1_v%C3%A1lka">2. světov&eacute; v&aacute;lce</a>. Např&iacute;klad na <a title="Ukrajina" href="http://cs.wikipedia.org/wiki/Ukrajina">Ukrajině</a> se za Ju&scaron;čenkovy vl&aacute;dy &bdquo;přejmenov&aacute;vaj&iacute; ulice a n&aacute;měst&iacute;, odstraňuj&iacute; pomn&iacute;ky Rud&eacute; arm&aacute;dy a hrdinů Velk&eacute; vlasteneck&eacute; v&aacute;lky, přepisuj&iacute; &scaron;koln&iacute; učebnice a oslavuje se režim velitele Ukrajinsk&eacute; povstaleck&eacute; arm&aacute;dy (UPA) &Scaron;ucheviče a jeho banditů, Bandera a jednotky SS-Galizien.&ldquo;<sup id="cite_ref-37" class="reference"><a href="http://cs.wikipedia.org/wiki/Revizionismus#cite_note-37">[38]</a></sup>,<sup id="cite_ref-38" class="reference"><a href="http://cs.wikipedia.org/wiki/Revizionismus#cite_note-38">[39]</a></sup></p>\r\n<h3><span id="Sudeton.C4.9Bmeck.C3.BD_revizionismus_a_fal.C5.A1ov.C3.A1n.C3.AD_historie" class="mw-headline">Sudetoněmeck&yacute; revizionismus a fal&scaron;ov&aacute;n&iacute; historie</span></h3>\r\n<p>V česk&yacute;ch zem&iacute;ch je t&eacute;ž použ&iacute;v&aacute;n term&iacute;n &bdquo;<em>sudetoněmeck&yacute; revizionismus</em> (tzv. <em>sudetsk&aacute; lež</em><sup id="cite_ref-39" class="reference"><a href="http://cs.wikipedia.org/wiki/Revizionismus#cite_note-39">[40]</a></sup>),&ldquo; což je určit&aacute; obdoba historick&eacute;ho revizionismu<sup id="cite_ref-40" class="reference"><a href="http://cs.wikipedia.org/wiki/Revizionismus#cite_note-40">[41]</a></sup>,<sup id="cite_ref-41" class="reference"><a href="http://cs.wikipedia.org/wiki/Revizionismus#cite_note-41">[42]</a></sup>. Spoč&iacute;v&aacute; zejm&eacute;na v:</p>\r\n<ul>\r\n<li>odm&iacute;t&aacute;n&iacute; jak&eacute;koliv odpovědnosti <a title="Sudet&scaron;t&iacute; Němci" href="http://cs.wikipedia.org/wiki/Sudet%C5%A1t%C3%AD_N%C4%9Bmci">sudetsk&yacute;ch Němců</a> za rozpout&aacute;n&iacute; otevřen&eacute;ho nepř&aacute;telstv&iacute; vůči <a title="Če&scaron;i" href="http://cs.wikipedia.org/wiki/%C4%8Ce%C5%A1i">Čechům</a> a <a title="Žid&eacute;" href="http://cs.wikipedia.org/wiki/%C5%BDid%C3%A9">Židům</a> ve 30. letech 20. stolet&iacute;, kter&eacute; bylo realizov&aacute;no <a title="Sudetoněmeck&aacute; strana" href="http://cs.wikipedia.org/wiki/Sudeton%C4%9Bmeck%C3%A1_strana">Sudetoněmeckou stranou</a>, podporovanou <a title="Adolf Hitler" href="http://cs.wikipedia.org/wiki/Adolf_Hitler">Adolfem Hitlerem</a></li>\r\n<li>pop&iacute;r&aacute;n&iacute; toho, že <a title="Vyhn&aacute;n&iacute; Čechů ze Sudet v roce 1938" href="http://cs.wikipedia.org/wiki/Vyhn%C3%A1n%C3%AD_%C4%8Cech%C5%AF_ze_Sudet_v_roce_1938">vyhn&aacute;n&iacute; Čechů z pohranič&iacute;</a> v roce <a title="1938" href="http://cs.wikipedia.org/wiki/1938">1938</a> bylo velk&yacute;m d&iacute;lem realizov&aacute;no formou n&aacute;tlaku a v&yacute;hrůžek <a title="Sudet&scaron;t&iacute; Němci" href="http://cs.wikipedia.org/wiki/Sudet%C5%A1t%C3%AD_N%C4%9Bmci">sudetsk&yacute;ch Němců</a></li>\r\n<li>bagatelizov&aacute;n&iacute; &uacute;tlaku a str&aacute;d&aacute;n&iacute; česk&eacute;ho obyvatelstva za <a title="Protektor&aacute;t Čechy a Morava" href="http://cs.wikipedia.org/wiki/Protektor%C3%A1t_%C4%8Cechy_a_Morava">Protektor&aacute;tu</a>, zlehčov&aacute;n&iacute; důsledků rozbit&iacute; <a title="Československo" href="http://cs.wikipedia.org/wiki/%C4%8Ceskoslovensko">Československa</a> a n&aacute;sledn&eacute; německ&eacute; okupace <a title="Čechy" href="http://cs.wikipedia.org/wiki/%C4%8Cechy">Čech</a> a <a title="Morava" href="http://cs.wikipedia.org/wiki/Morava">Moravy</a></li>\r\n<li>zpochybňov&aacute;n&iacute; <a title="Oběti nacismu z Československ&eacute; republiky" href="http://cs.wikipedia.org/wiki/Ob%C4%9Bti_nacismu_z_%C4%8Ceskoslovensk%C3%A9_republiky">počtu československ&yacute;ch obět&iacute; nacismu</a></li>\r\n<li>zpochybňov&aacute;n&iacute; <a title="Konečn&eacute; ře&scaron;en&iacute; česk&eacute; ot&aacute;zky" href="http://cs.wikipedia.org/wiki/Kone%C4%8Dn%C3%A9_%C5%99e%C5%A1en%C3%AD_%C4%8Desk%C3%A9_ot%C3%A1zky">německ&yacute;ch pl&aacute;nů na germanizaci česk&eacute;ho prostoru</a> a pov&aacute;lečn&eacute; vys&iacute;dlen&iacute; <a title="Če&scaron;i" href="http://cs.wikipedia.org/wiki/%C4%8Ce%C5%A1i">Čechů</a> ze sv&eacute; vlasti</li>\r\n<li>bagatelizov&aacute;n&iacute; teroru <a title="Němci" href="http://cs.wikipedia.org/wiki/N%C4%9Bmci">Němců</a> vůči <a title="Če&scaron;i" href="http://cs.wikipedia.org/wiki/%C4%8Ce%C5%A1i">Čechům</a>, kter&yacute; byl př&iacute;činou mnoh&yacute;ch pov&aacute;lečn&yacute;ch excesů Čechů vůči Němcům</li>\r\n</ul>\r\n<p>Sudetoněmeck&yacute; revizionismus doch&aacute;z&iacute; i do takov&eacute;ho krajn&iacute;ho ztv&aacute;rněn&iacute; historie, v n&iacute;ž probl&eacute;m Čechů a česk&yacute;ch Němců zač&iacute;n&aacute; <a title="9. květen" href="http://cs.wikipedia.org/wiki/9._kv%C4%9Bten">9. května</a> <a title="1945" href="http://cs.wikipedia.org/wiki/1945">1945</a>, bez ohledu na mnoh&eacute; v&yacute;znamn&eacute; ud&aacute;losti tomu předch&aacute;zej&iacute;c&iacute;. Sudetoněmeck&yacute; revizionismus zneuž&iacute;v&aacute; i skutečnosti, že někter&eacute; ud&aacute;losti československ&yacute;ch dějin byly v pov&aacute;lečn&yacute;ch 40 letech <a title="Komunistick&yacute; režim" href="http://cs.wikipedia.org/wiki/Komunistick%C3%BD_re%C5%BEim">komunistick&yacute;m režimem</a> tabuizov&aacute;ny a nejsou dodnes historicky prozkoum&aacute;ny. Tytu ud&aacute;losti b&yacute;vaj&iacute; z německ&eacute; strany ne&uacute;měrně zveličov&aacute;ny a překrucov&aacute;ny<sup id="cite_ref-42" class="reference"><a href="http://cs.wikipedia.org/wiki/Revizionismus#cite_note-42">[43]</a></sup>, doch&aacute;z&iacute; k manipulaci s č&iacute;sly, přičemž tyto &uacute;daje přeb&iacute;raj&iacute; i česk&aacute; m&eacute;dia, nemaj&iacute;c&iacute; oporu v seri&oacute;zn&iacute;m historick&eacute;m b&aacute;d&aacute;n&iacute;. Jako zcela jednoznačně prokazateln&yacute; př&iacute;klad sudetoněmeck&eacute;ho revizionismu je uv&aacute;děn&iacute; počtu obět&iacute; <a title="Vys&iacute;dlen&iacute; Němců z Československa" href="http://cs.wikipedia.org/wiki/Vys%C3%ADdlen%C3%AD_N%C4%9Bmc%C5%AF_z_%C4%8Ceskoslovenska">odsunu sudetsk&yacute;ch Němců</a>, kde se i společn&aacute; česko-německ&aacute; komise shodla na č&iacute;slu, pohybuj&iacute;c&iacute; se kolem 20 tis&iacute;c osob. <a title="Sudetoněmeck&eacute; krajansk&eacute; sdružen&iacute;" href="http://cs.wikipedia.org/wiki/Sudeton%C4%9Bmeck%C3%A9_krajansk%C3%A9_sdru%C5%BEen%C3%AD">Sudetoněmeck&eacute; krajansk&eacute; sdružen&iacute;</a> v&scaron;ak st&aacute;le nehor&aacute;zně uv&aacute;d&iacute; č&iacute;sla mezi 200 až 300 tis&iacute;c obět&iacute;.<sup id="cite_ref-43" class="reference"><a href="http://cs.wikipedia.org/wiki/Revizionismus#cite_note-43">[44]</a></sup>,<sup id="cite_ref-44" class="reference"><a href="http://cs.wikipedia.org/wiki/Revizionismus#cite_note-44">[45]</a></sup></p>\r\n<p>Se "sudetoněmeck&yacute;m revizionismem" souvis&iacute; <em>Odborn&eacute; vyj&aacute;dřen&iacute; z oboru politologie, historie, sociologie a lingvistiky</em><sup id="cite_ref-45" class="reference"><a href="http://cs.wikipedia.org/wiki/Revizionismus#cite_note-45">[46]</a></sup>,<sup id="cite_ref-46" class="reference"><a href="http://cs.wikipedia.org/wiki/Revizionismus#cite_note-46">[47]</a></sup> na publikaci <em>G. Kleining, J. Weikert: Sudet&scaron;t&iacute; Němci, etnick&aacute; čistka, vyhn&aacute;n&iacute;</em>, v němž autor soudn&iacute;ho posudku politolog <a class="new" title="Zdeněk Zbořil (str&aacute;nka neexistuje)" href="http://cs.wikipedia.org/w/index.php?title=Zden%C4%9Bk_Zbo%C5%99il&amp;action=edit&amp;redlink=1">Zdeněk Zbořil</a> zcela nepochopitelně sm&iacute;chal dohromady posudek na texty o sudetsk&yacute;ch Němc&iacute;ch s antisemitskou literaturou <em>Rudolf Seidl: Osvětim, fakta versus fikce, nov&eacute; a utajovan&eacute; poznatky o holocaustu</em>.</p>\r\n<h3><span id="Komunistick.C3.A1_le.C5.BE" class="mw-headline">Komunistick&aacute; lež</span></h3>\r\n<p>V lednu 2009 vydala o. p. s. <a title="Člověk v t&iacute;sni" href="http://cs.wikipedia.org/wiki/%C4%8Clov%C4%9Bk_v_t%C3%ADsni">Člověk v t&iacute;sni</a> prohl&aacute;&scaron;en&iacute;, že v&yacute;uka dějin o obdob&iacute; komunismu na &scaron;kol&aacute;ch je nedostatečn&aacute;<sup id="cite_ref-47" class="reference"><a href="http://cs.wikipedia.org/wiki/Revizionismus#cite_note-47">[48]</a></sup>, uspoř&aacute;dala tiskovou konferenci Jak učit o obdob&iacute; komunismu? <sup id="cite_ref-48" class="reference"><a href="http://cs.wikipedia.org/wiki/Revizionismus#cite_note-48">[49]</a></sup> a informačn&iacute; a vzděl&aacute;vac&iacute; projekt Př&iacute;běhy bezpr&aacute;v&iacute; komunistick&eacute;ho Československa<sup id="cite_ref-49" class="reference"><a href="http://cs.wikipedia.org/wiki/Revizionismus#cite_note-49">[50]</a></sup> Podobnou osvětovou činnost (např. <em>Letn&iacute; &scaron;kolu modern&iacute;ch dějin</em><sup id="cite_ref-50" class="reference"><a href="http://cs.wikipedia.org/wiki/Revizionismus#cite_note-50">[51]</a></sup>) vyv&iacute;j&iacute; i <a title="&Uacute;stav pro studium totalitn&iacute;ch režimů" href="http://cs.wikipedia.org/wiki/%C3%9Astav_pro_studium_totalitn%C3%ADch_re%C5%BEim%C5%AF">&Uacute;stav pro studium totalitn&iacute;ch režimů</a><sup id="cite_ref-51" class="reference"><a href="http://cs.wikipedia.org/wiki/Revizionismus#cite_note-51">[52]</a></sup>, <a title="Konfederace politick&yacute;ch vězňů Česk&eacute; republiky" href="http://cs.wikipedia.org/wiki/Konfederace_politick%C3%BDch_v%C4%9Bz%C5%88%C5%AF_%C4%8Cesk%C3%A9_republiky">Konfederace politick&yacute;ch vězňů ČR</a><sup id="cite_ref-52" class="reference"><a href="http://cs.wikipedia.org/wiki/Revizionismus#cite_note-52">[53]</a></sup>,<sup id="cite_ref-53" class="reference"><a href="http://cs.wikipedia.org/wiki/Revizionismus#cite_note-53">[54]</a></sup> nebo m&eacute;dia<sup id="cite_ref-54" class="reference"><a href="http://cs.wikipedia.org/wiki/Revizionismus#cite_note-54">[55]</a></sup>,<sup id="cite_ref-55" class="reference"><a href="http://cs.wikipedia.org/wiki/Revizionismus#cite_note-55">[56]</a></sup>, <sup id="cite_ref-56" class="reference"><a href="http://cs.wikipedia.org/wiki/Revizionismus#cite_note-56">[57]</a></sup>,<sup id="cite_ref-57" class="reference"><a href="http://cs.wikipedia.org/wiki/Revizionismus#cite_note-57">[58]</a></sup>,<sup id="cite_ref-58" class="reference"><a href="http://cs.wikipedia.org/wiki/Revizionismus#cite_note-58">[59]</a></sup>. T&eacute;ž někteř&iacute; učitel&eacute; dějepisu vyzvali sv&eacute; kolegy, aby učili o zločinech komunismu<sup id="cite_ref-59" class="reference"><a href="http://cs.wikipedia.org/wiki/Revizionismus#cite_note-59">[60]</a></sup>. V červnu 2009 vydala vzděl&aacute;vac&iacute; agentura Služba &scaron;kole MB z Mlad&eacute; Boleslavi s podporou nadace Open Society Fund z Prahy metodickou př&iacute;ručku pro v&yacute;uku modern&iacute;ch československ&yacute;ch a česk&yacute;ch dějin po 2. světov&eacute; v&aacute;lce pro obdob&iacute; let 1945 &ndash; 1954 <strong>Přes pr&aacute;h totality</strong>.<sup id="cite_ref-60" class="reference"><a href="http://cs.wikipedia.org/wiki/Revizionismus#cite_note-60">[61]</a></sup>,<sup id="cite_ref-61" class="reference"><a href="http://cs.wikipedia.org/wiki/Revizionismus#cite_note-61">[62]</a></sup>,<sup id="cite_ref-62" class="reference"><a href="http://cs.wikipedia.org/wiki/Revizionismus#cite_note-62">[63]</a></sup>,<sup id="cite_ref-63" class="reference"><a href="http://cs.wikipedia.org/wiki/Revizionismus#cite_note-63">[64]</a></sup>. Publikaci pro učitele dějepisu <em>Nacistick&aacute; perzekuce obyvatel česk&yacute;ch zem&iacute;</em> o průběhu a v&yacute;sledc&iacute;ch nacistick&eacute; perzekuce na &uacute;zem&iacute; Česka<sup id="cite_ref-64" class="reference"><a href="http://cs.wikipedia.org/wiki/Revizionismus#cite_note-64">[65]</a></sup>. vydala tak&eacute; o. p. s. <em>Živ&aacute; paměť</em><sup id="cite_ref-65" class="reference"><a href="http://cs.wikipedia.org/wiki/Revizionismus#cite_note-65">[66]</a></sup>.</p>\r\n<p>V r&aacute;mci stategie boje proti extremismu označili <a class="mw-redirect" title="Vl&aacute;da ČR" href="http://cs.wikipedia.org/wiki/Vl%C3%A1da_%C4%8CR">vl&aacute;dn&iacute;</a> experti osvětu - vzděl&aacute;v&aacute;n&iacute; jak dět&iacute; ve &scaron;kol&aacute;ch, tak samotn&yacute;ch pedagogů, ale i policistů a dal&scaron;&iacute;ch, kteř&iacute; jsou souč&aacute;st&iacute; bezpečnostn&iacute;ch složek, za nejv&iacute;ce podstatnou obranu proti extremistům. Do konce roku 2009 m&aacute; ministerstvo &scaron;kolstv&iacute; vypracovat jednotliv&eacute; metodick&eacute; př&iacute;ručky a pokyny jak pro nakladatele, autory učebnic, učitele, ale i &scaron;irokou veřejnost <sup id="cite_ref-66" class="reference"><a href="http://cs.wikipedia.org/wiki/Revizionismus#cite_note-66">[67]</a></sup>.</p>\r\n<p>Komunistick&aacute; strana okamžitě protestovala proti "propagandistick&eacute;mu působen&iacute; organizac&iacute; typu Člověk v t&iacute;sni" na &scaron;kol&aacute;ch<sup id="cite_ref-67" class="reference"><a href="http://cs.wikipedia.org/wiki/Revizionismus#cite_note-67">[68]</a></sup>. Učitelka Marta Semelov&aacute;, předsedkyně Odborn&eacute; sekce &scaron;kolstv&iacute; &Uacute;V <a class="mw-redirect" title="KSČM" href="http://cs.wikipedia.org/wiki/KS%C4%8CM">KSČM</a>, vyzvala v dubnu 2009 k <em>aktivn&iacute;mu postoji veřejnosti proti antikomunismu, neonacismu a rasismu</em><sup id="cite_ref-68" class="reference"><a href="http://cs.wikipedia.org/wiki/Revizionismus#cite_note-68">[69]</a></sup>, ve kter&eacute; mj. &bdquo;protestuje proti &uacute;čelov&yacute;m z&aacute;sahům politick&yacute;ch subjektů do vzděl&aacute;v&aacute;n&iacute; na&scaron;ich dět&iacute; a ml&aacute;deže, kter&eacute; se na z&aacute;kladě polopravd a lž&iacute; snaž&iacute; ovlivnit novodob&yacute; v&yacute;klad historie&ldquo;. KSČM odm&iacute;t&aacute; "jednostrannost česk&yacute;ch učebnic dějepisu a občansk&eacute; nauky v ot&aacute;zce hodnocen&iacute; let 1948-89". Podle Semelov&eacute; by "bylo objektivn&iacute;, když s ž&aacute;ky mluv&iacute; reprezentanti Konfederace politick&yacute;ch vězňů, aby si ž&aacute;ci vyslechli i exponenty komunistick&eacute;ho režimu"<sup id="cite_ref-69" class="reference"><a href="http://cs.wikipedia.org/wiki/Revizionismus#cite_note-69">[70]</a></sup>. Komunist&eacute; si stěžuj&iacute;, že antikomunistick&aacute; "lživ&aacute; propaganda" ve &scaron;kol&aacute;ch je financov&aacute;na z grantů EU<sup id="cite_ref-70" class="reference"><a href="http://cs.wikipedia.org/wiki/Revizionismus#cite_note-70">[71]</a></sup> a že tyto aktivity propaguj&iacute; antikomunist&eacute; <a title="Jan &Scaron;in&aacute;gl" href="http://cs.wikipedia.org/wiki/Jan_%C5%A0in%C3%A1gl">Jan &Scaron;in&aacute;gl</a> a <a title="Jarom&iacute;r &Scaron;tětina" href="http://cs.wikipedia.org/wiki/Jarom%C3%ADr_%C5%A0t%C4%9Btina">Jarom&iacute;r &Scaron;tětina</a><sup id="cite_ref-71" class="reference"><a href="http://cs.wikipedia.org/wiki/Revizionismus#cite_note-71">[72]</a></sup>.</p>\r\n<p>Proti komunistick&eacute; v&yacute;zvě se postavila řada koment&aacute;torů<sup id="cite_ref-72" class="reference"><a href="http://cs.wikipedia.org/wiki/Revizionismus#cite_note-72">[73]</a></sup>,<sup id="cite_ref-73" class="reference"><a href="http://cs.wikipedia.org/wiki/Revizionismus#cite_note-73">[74]</a></sup>,<sup id="cite_ref-74" class="reference"><a href="http://cs.wikipedia.org/wiki/Revizionismus#cite_note-74">[75]</a></sup>,<sup id="cite_ref-75" class="reference"><a href="http://cs.wikipedia.org/wiki/Revizionismus#cite_note-75">[76]</a></sup>,<sup id="cite_ref-76" class="reference"><a href="http://cs.wikipedia.org/wiki/Revizionismus#cite_note-76">[77]</a></sup>, kteř&iacute; komunistickou v&yacute;yvu označili za <em>komunistickou lež</em>. Na prob&iacute;haj&iacute;c&iacute; spor reagovali učitel&eacute; dějepisu<sup id="cite_ref-77" class="reference"><a href="http://cs.wikipedia.org/wiki/Revizionismus#cite_note-77">[78]</a></sup> i historiografov&eacute;<sup id="cite_ref-78" class="reference"><a href="http://cs.wikipedia.org/wiki/Revizionismus#cite_note-78">[79]</a></sup>.</p>\r\n<p>Veden&iacute; KSČM v červenci 2009 sv&yacute;m kandid&aacute;tům do voleb do Poslaneck&eacute; sněmovny Parlamentu ČR v ř&iacute;jnu 2009 napsalo jakousi "kuchařku", jak maj&iacute; při m&iacute;tinc&iacute;ch s voliči odpov&iacute;dat na nejrůzněj&scaron;&iacute; politick&eacute; ot&aacute;zky, mimo jin&eacute; i na ty spjat&eacute; s komunistickou minulost&iacute;. KSČM rad&iacute; sv&yacute;m kandid&aacute;tům, jak maj&iacute; odpov&iacute;dat voličům na ot&aacute;zky spjat&eacute; s komunistickou minulost&iacute;, aby z toho nebyl skand&aacute;l. Např. poprava Milady Hor&aacute;kov&eacute; byla "selh&aacute;n&iacute;m moci" a <a title="Diktatura proletari&aacute;tu" href="http://cs.wikipedia.org/wiki/Diktatura_proletari%C3%A1tu">diktatura proletari&aacute;tu</a> "chybou, protože spr&aacute;vn&yacute; komunista n&aacute;sil&iacute; rozhodně odm&iacute;t&aacute;"<sup id="cite_ref-79" class="reference"><a href="http://cs.wikipedia.org/wiki/Revizionismus#cite_note-79">[80]</a></sup>,<sup id="cite_ref-80" class="reference"><a href="http://cs.wikipedia.org/wiki/Revizionismus#cite_note-80">[81]</a></sup>.</p>\r\n<p>Uk&aacute;zkou metod komunistick&eacute; revize dějin může b&yacute;t vymaz&aacute;v&aacute;n&iacute;m nepohodln&yacute;ch osob z fotek <a title="Fotomanipulace" href="http://cs.wikipedia.org/wiki/Fotomanipulace">retu&scaron;ov&aacute;n&iacute;m</a><sup id="cite_ref-81" class="reference"><a href="http://cs.wikipedia.org/wiki/Revizionismus#cite_note-81">[82]</a></sup> nebo nahrazov&aacute;n&iacute;m nepohodln&yacute;ch osob v encyklopedi&iacute;ch jin&yacute;mi hesly<sup id="cite_ref-82" class="reference"><a href="http://cs.wikipedia.org/wiki/Revizionismus#cite_note-82">[83]</a></sup>.</p>\r\n<p>V červenci 2009 přimělo b&yacute;val&eacute;ho disidenta <a title="Stanislav Penc" href="http://cs.wikipedia.org/wiki/Stanislav_Penc">Stanislava Pence</a> k vyvě&scaron;en&iacute; poč&iacute;tačov&yacute;ch registrů EZO (evidence z&aacute;jmov&yacute;ch osob) a SEZO (sjednocen&aacute; evidence z&aacute;jmov&yacute;ch osob)<sup id="cite_ref-83" class="reference"><a href="http://cs.wikipedia.org/wiki/Revizionismus#cite_note-83">[84]</a></sup> někdej&scaron;&iacute; <a title="St&aacute;tn&iacute; bezpečnost" href="http://cs.wikipedia.org/wiki/St%C3%A1tn%C3%AD_bezpe%C4%8Dnost">St&aacute;tn&iacute; bezpečnosti</a> (StB) na internet chov&aacute;n&iacute; <a title="&Uacute;stav pro studium totalitn&iacute;ch režimů" href="http://cs.wikipedia.org/wiki/%C3%9Astav_pro_studium_totalitn%C3%ADch_re%C5%BEim%C5%AF">&Uacute;stavu pro studium totalitn&iacute;ch režimů</a> (&Uacute;STR) a jemu podř&iacute;zen&eacute;ho Archivu bezpečnostn&iacute;ch složek (ABS). Penc obviňuje &Uacute;STR a ABS z toho, že si monopolizuj&iacute; pohled na historii, zatajuj&iacute; informace a ke zveřejněn&iacute; vyb&iacute;raj&iacute; medi&aacute;lně vděčn&eacute; kauzy<sup id="cite_ref-84" class="reference"><a href="http://cs.wikipedia.org/wiki/Revizionismus#cite_note-84">[85]</a></sup>, např. spisovatele <a title="Milan Kundera" href="http://cs.wikipedia.org/wiki/Milan_Kundera">Milana Kunderu</a><sup id="cite_ref-85" class="reference"><a href="http://cs.wikipedia.org/wiki/Revizionismus#cite_note-85">[86]</a></sup>.</p>', '<strong>Revizionismus</strong> (z <a title="Latina" href="http://cs.wikipedia.org/wiki/Latina">lat.</a> <em>re-videre</em>, <em>re-visus</em>, znovu prohl&eacute;dnout, ověřit) je soustavn&eacute; &uacute;sil&iacute; o přehodnocen&iacute;, změny př&iacute;padně &uacute;pravy dan&eacute;ho (st&aacute;vaj&iacute;c&iacute;ho) stavu', '2010-01-06 20:08:36', NULL, NULL, 'eng - <strong>Revizionismus</strong> (z <a title="Latina" href="http://cs.wikipedia.org/wiki/Latina">lat.</a> <em>re-videre</em>, <em>re-visus</em>, znovu prohl&eacute;dnout, ověřit) je soustavn&eacute; &uacute;sil&iacute; o přehodnocen&iacute;, změny př&iacute;padně &uacute;pravy dan&eacute;ho (st&aacute;vaj&iacute;c&iacute;ho) stavu', NULL, NULL, NULL),
(16, 63, 'NULL', 'Česky', 'It is important to specify the ''thumb'' class for the link that should serve as the thumbnail and the ''caption'' class for the element that should serve as the caption. When an image is selected for display in the slideshow, any elements with the ''caption'' class will be rendered within the specified caption container element above.', 'Česky', '2010-01-06 20:08:36', 'Anglicky', NULL, 'Anglicky', 'Německy', NULL, 'Německy'),
(17, 65, 'NULL', NULL, 'A generic iterator function, which can be used to seamlessly iterate over both objects and arrays. Arrays and array-like objects with a length property (such as a function''s arguments object) are iterated by numeric index, from 0 to length-1. Other objects are iterated via their named properties.', NULL, '2010-01-06 20:08:36', '', '', NULL, NULL, NULL, NULL);

-- --------------------------------------------------------

--
-- Struktura tabulky `vypecky_users`
--

DROP TABLE IF EXISTS `vypecky_users`;
CREATE TABLE IF NOT EXISTS `vypecky_users` (
  `id_user` smallint(5) unsigned NOT NULL AUTO_INCREMENT COMMENT 'ID uzivatele',
  `username` varchar(20) NOT NULL COMMENT 'Uzivatelske jmeno',
  `password` varchar(100) DEFAULT NULL COMMENT 'Heslo',
  `id_group` smallint(3) unsigned DEFAULT '3',
  `name` varchar(30) NOT NULL,
  `surname` varchar(30) NOT NULL,
  `mail` varchar(50) NOT NULL,
  `note` varchar(500) DEFAULT NULL,
  `blocked` tinyint(1) NOT NULL DEFAULT '0',
  `foto_file` varchar(30) DEFAULT NULL,
  `deleted` tinyint(1) NOT NULL DEFAULT '0',
  PRIMARY KEY (`id_user`,`username`),
  KEY `id_group` (`id_group`)
) ENGINE=MyISAM  DEFAULT CHARSET=utf8 AUTO_INCREMENT=28 ;

--
-- Vypisuji data pro tabulku `vypecky_users`
--

INSERT INTO `vypecky_users` (`id_user`, `username`, `password`, `id_group`, `name`, `surname`, `mail`, `note`, `blocked`, `foto_file`, `deleted`) VALUES
(1, 'admin', 'd033e22ae348aeb5660fc2140aec35850c4da997', 1, 'Jakub', 'Matas', 'jakubmatas@gmail.com', 'administrátor', 0, NULL, 0),
(2, 'guest', '', 2, 'host', 'host', '', 'host systému', 0, NULL, 0),
(3, 'cuba', 'd033e22ae348aeb5660fc2140aec35850c4da997', 1, 'Jakub', 'Matas', 'jakubmatas@gmail.com', 'Normální uživatel', 0, 'cuba1.jpg', 0);
